rms,kurtosis,peak_freq,crest_factor,temperature,label
0.11199867704279454,3.114060665489253,67.84088332444551,2.955998734016072,43.457104941806506,0
0.3083574261003841,2.299635910522868,52.76968757410969,3.082293140546781,42.67951283413818,0
0.40667464703983436,3.9888082825226565,70.70873137935283,3.3311507549858623,57.56385961399548,0
0.34133227913423775,1.6478711786156075,72.15271168121583,2.921431804979885,47.92961084089821,0
0.7899281328691585,7.41340590720122,106.7109961426297,5.234905753930959,76.78634700982361,1
0.3347075640546886,3.3047907059643964,62.626071617835976,4.0130126721612935,45.14348061811497,0
0.37692192978167605,2.6830215484322535,52.93468682261954,3.0432586338101366,49.30143262373923,0
0.39433019736201746,4.0595451638024,50.77059337335476,4.245368863949176,50.46015572834891,0
0.18642027215349877,3.280788222836496,40.02953847283203,3.118927758548564,36.63742227949341,0
0.4625955887604386,3.3674343707096037,51.113355703352916,4.034344823507549,45.066441445085715,0
0.654584920192742,6.639474818809701,139.14504609376516,6.2237236925472486,69.36870298100344,1
0.47060930197481715,2.884206297881165,66.75421121064636,3.2703710269348134,48.85262806916421,0
0.31643164811145785,2.1561424463349965,47.067072041789025,3.2486680850450735,48.93456819537882,0
0.4305324348888273,3.0365662520206618,59.207054642358095,4.086511770083883,52.6184600007345,0
0.4292956359089377,2.933693111112513,49.9892683226676,2.446313025438008,55.96036439725786,0
0.45307215322611993,4.544821625875908,53.560153961988554,2.708683331874454,56.593917135015715,0
0.3284731732310596,1.9453848515964118,42.75731311875288,2.9417672972845685,42.458254353948334,0
0.704295113454279,7.564908834400438,116.77995186437091,5.113459980554496,76.97582199560036,1
0.2503866014573648,1.7350660837311613,55.672139516496024,2.9025138183003,41.77338712359001,0
0.42234460627164494,3.1387506061079278,55.37688145095812,4.703623974171952,37.53714235623429,0
0.5777353974677746,4.546553664343777,49.9999578558872,4.1192475616926805,52.30508436537235,0
0.620677778251569,7.316558557391337,125.05055783858808,6.010842094178285,79.27468757689853,1
0.44566404870397713,2.030450909360166,55.1196446231347,4.1687517000570296,39.0700699858571,0
0.32037957061214317,4.612008025240262,36.60790651783463,2.933700046496618,38.066990693662085,0
0.7392289602809151,6.129493321290969,135.28718514563386,5.078703708646728,69.04237424830026,1
0.3450169822812224,2.2887399574050127,54.72760564075329,3.9399347957284494,53.317738445233864,0
0.31820128021218513,2.1010688198775185,49.805417521828346,4.255243553387487,44.754122441022545,0
0.5182336009896067,9.657081845999885,133.03213045571167,4.779609851618015,62.325947770414935,1
0.25013462262711605,3.6437667301363272,44.830033651477954,3.670308527878425,41.58070428662255,0
0.3549837306168778,2.944460296922756,32.719717081739375,3.0023895868284627,40.84927493551457,0
0.8633284595272729,5.031970634821523,113.0977386740373,6.186376654562154,53.67606650941063,1
0.6627684517408106,7.8555248294505216,92.24677689833241,5.055341915268794,65.39171331614271,1
0.29440637739533493,3.809767094404445,68.08609312986916,3.144772341044881,46.22247247373437,0
0.390715475425356,3.154988834289267,56.58092632405117,3.7607295105949,49.612218999715054,0
0.4954448466449651,3.0891428679053714,39.25468562970255,2.8669212017596992,44.426433165883076,0
0.24845763898520565,2.9306933416935483,56.017399436809725,4.177755047762085,47.489295041325335,0
0.5155177343591524,1.9810449094389884,67.80979859517534,2.906973924301624,43.5523370732159,0
0.2890509984067619,2.1366286782018977,68.48949381944936,3.468913622971729,49.63926301607736,0
0.511831014687734,6.715928733152206,78.11159291343859,4.720854894299125,60.28075909391954,1
0.49506574761526895,5.05993788956741,38.45429520663727,2.8662731323683754,43.63704148753057,0
0.34264344718327744,4.645989613681562,52.3010928178167,3.6735747437719675,58.21514368746577,0
0.4643505158962668,3.364165152147693,85.82305022908221,3.1589322773737347,45.066979184441145,0
0.2861432314385298,3.130130208289895,52.772935861551396,4.387726120275024,52.65176318476699,0
0.32604916232369185,3.408144840041139,38.81396415499826,3.5684306229924787,43.117672635674325,0
0.7183088112928906,5.401868745344304,114.14991076763309,5.192798825522208,73.23936787027606,1
0.28783944153445856,3.72936983183719,64.54859470463025,3.2127539091587454,53.49861217154074,0
0.5366522998084334,4.40246396244957,115.55440247918642,2.5590831854472924,70.63973404394994,1
0.3604391702182441,3.787220255627382,68.10472500136112,3.3564858449273554,52.32806656268495,0
0.43899266660989833,3.883709254169432,40.830519606159925,2.9196622403530976,40.51142086680675,0
0.3459718806307738,2.4373868048742624,55.35669594194827,3.251614896635467,49.36090593282061,0
0.37608281901909,2.485342448930782,30.175876553370067,3.325811621092607,44.85741079821387,0
0.3613308223937584,3.7318551332119947,63.477853069565626,3.3520529535360986,48.76848468650478,0
0.18346217374951143,3.685873008708191,32.63892221832539,3.42203501695869,44.79887969357094,0
0.34940940777133,3.2823058316234213,70.29569387434476,3.3414667230684567,55.03423356887775,0
0.3090653662698937,3.263175454403947,50.8368423417016,2.859669064225784,48.19499975598589,0
0.5200917763865253,5.748641879686168,106.6947677885141,6.188953068927219,63.53764618454745,1
0.4512375374941518,2.2077574996747718,37.50823171618327,3.81469468486666,48.07539487764502,0
0.423613549915201,3.880260862358141,64.15939055770735,4.310961464222677,50.638719838553484,0
0.279583421460929,2.704958944247722,46.935796857206356,4.679746636771197,43.595490505047636,0
0.7583047280258312,6.3262442164098704,86.46353902645606,6.174844624302585,68.12958820050004,1
0.6391403299757967,2.593481635259815,71.56461680873429,3.0983414979633737,35.12996861211701,0
0.2333178249392379,3.3214779790706235,41.63635413218793,3.466494114584147,46.85731120181471,0
0.4968501624825548,8.725914077959745,139.59077651350077,5.3996505869638955,59.14885802093858,1
0.8342078084095137,5.8536621510154845,61.96966940002963,3.7824552028809486,67.56341470105708,1
0.29478829581117305,1.6590145708294888,47.845474999900944,4.318774106749956,44.137102706842484,0
0.4080712686931618,3.3471296908711223,69.59938550558333,3.6442672411243646,43.90840306954961,0
0.5573101525214239,2.580770550274375,79.78234285705986,3.679284842231765,47.59882053181888,0
0.4004064637243218,2.2847971124008266,50.05792590102238,3.713334365145026,43.94519134590062,0
0.43608880733241895,2.012772045081869,51.213759985039346,3.089567525389976,42.341344712076136,0
0.4270679484764409,2.755095460915231,61.30978238985819,4.7567041171648725,52.44976710335179,0
0.3622106896654628,4.012017870477803,47.16847207518579,3.8312840834487174,43.005727923647704,0
0.9080008896479634,5.000467361374179,132.44060782964837,4.595469854506588,72.97793482545754,1
0.5499755366866215,3.604295329355697,61.04089666979746,4.256141243043845,48.66871520106408,0
0.42479902831090155,3.807058953896472,58.318610289310406,2.7616630601362746,44.060667946078595,0
0.40149190075326785,2.1715534117923796,29.438219702186494,3.2503552559228455,46.3007352146113,0
0.5413899375779947,2.806656787640667,60.97093929633034,3.688283056315461,44.5180075567467,0
0.35301943694636795,3.830865221683745,40.64945822630662,3.6421775036787425,44.27543383063624,0
0.32954571865667337,4.097117088287459,54.70657817504071,3.2551615237199907,53.170604522091764,0
0.3918287598058998,2.82085993563069,58.57647657840302,1.9241746909673902,48.66137316164041,0
0.6462456513472143,3.679967995293696,66.99164439642647,3.511392121267162,46.55288492820707,0
0.7896625369556938,8.766113249546224,131.73889355498673,6.614210227060285,56.021136601187216,1
0.380215554979966,4.679275059843822,124.84194149529154,3.8362346652629293,58.06401336031841,1
0.5076238468330483,4.982070335324329,123.28803964835969,6.319684567639262,67.01022800980498,1
0.5126438982977057,3.640166363430666,67.57421325457588,3.8147841580556556,41.04781122345541,0
0.6038580633004174,2.013451585472878,65.35142838158706,3.4113018271280198,51.28810487427631,0
0.7000758077463235,7.098926489998445,101.18629743226451,5.541678873871969,58.189251902632,1
0.35212846741571835,3.13080080863488,44.550072827665,2.8387281124212125,46.48129623813378,0
0.3744478519940436,2.826414925085278,54.812414625240336,3.377622128226091,55.97556856542019,0
0.3994754282260904,2.761297194385789,64.0114756598702,3.2400293071177795,46.58200345272566,0
0.31656316621797476,2.7033305577272215,45.73410293309314,3.405098060882933,49.913632705397106,0
0.2605319059126273,4.7211028004308995,53.3950710123264,2.242387767174005,56.69155518619013,0
0.39742928555497087,2.260858278055425,45.546413336479915,3.6871861987970704,50.59017687825622,0
0.8471132598135553,4.745404721302767,96.94054439609108,6.634007866392097,70.58749681680969,1
0.4440920766186478,2.474625703010724,49.268496359745114,2.975164503981657,55.245038129222905,0
0.37849885290251734,2.6021335883906813,61.536128766065346,3.7578031003564787,51.90991016266639,0
0.5835453554612529,3.5831355018280298,61.963929351340205,4.083174149707798,44.67564846534191,0
0.5108584205816408,3.049514196259505,39.63139075937946,2.724780764938553,44.59386707042051,0
0.2501999143686015,3.66212881357784,34.802260264621324,3.725447644714491,55.90375976742,0
0.3213202418118803,2.714621592594124,42.144577879322426,3.0217794119517065,49.54280322960575,0
0.36300175697243175,2.22676626589577,69.31423257943251,2.3856325581543962,37.6272598248007,0
0.4396414814296682,3.209542046867221,63.81208346166321,4.039227862045585,52.88664040358451,0
0.4759127803171396,2.3244933393549143,49.02513900838121,3.7364454400374516,53.15828508237374,0
0.5893517321236628,5.725542673637413,123.88927332556993,7.728845290900878,63.72243523026586,1
0.38984598997401954,3.530893399668748,55.87033663163161,4.145255687288643,38.90871274497591,0
0.25358756030928764,3.975181012451687,66.07009887397679,3.9941862284939775,52.66025495510016,0
0.8822439855955398,5.179069726450379,100.790957683346,4.64274987782733,48.220066446847696,1
0.403660794940094,2.472017900033673,40.818621068171026,4.017480964620035,38.277013757652,0
0.4216503256221839,3.2234145266175758,56.44152119093491,4.2029075001150344,57.58135446974688,0
0.5927172833707006,3.5585795423183932,50.11223299234864,3.7307046289564765,38.92191511142241,0
0.31174295172864724,4.849419225567223,71.58936318250265,3.439367366330313,50.47764703409074,0
0.1715449565057331,3.343908394531167,48.237428109584,2.7894667485889073,49.43921668491204,0
0.533250569057466,1.9888240809958129,123.70605599155024,5.611405986198267,53.45730573188235,1
0.43497669147253787,2.9677080376780705,55.885561766169126,3.6177089479739353,51.6095588970619,0
0.31309362977289845,3.4806361723454406,47.204109395102364,2.650491043220397,54.37628379961413,0
0.3712309968002961,4.453200470818067,63.24096824994015,2.6317521922318217,55.877116054675426,0
0.38591278192895523,4.780799401378166,74.93456612286772,3.4846220713441314,43.46554368355009,0
0.274169977202421,2.591698214874712,48.84470662012263,3.9512914400710275,44.776214758045164,0
0.35767946167248976,3.548073104096169,47.52359326098745,4.301471150957737,60.91583268755232,0
0.4023996496580781,3.7090786846819297,48.22613531831251,3.586467974097948,40.61939399788858,0
0.3515423508145697,3.7894265231261155,69.48487465120577,3.463532249249307,47.91720984845493,0
0.3987559004621614,2.9217678920697883,36.41123176172665,4.384509049733522,60.94263921927997,0
0.3301217871794548,3.3473508683202424,56.94005108868677,4.343911244055564,42.41664899531778,0
0.2651141862860724,2.2793382245190053,51.21072189805128,3.2487980347212813,52.316489487271795,0
0.24978649932337854,4.449276294675147,55.28869243675816,3.290090704235737,39.60760401638432,0
0.3614273156276737,2.1942688056793385,43.77970871066141,4.1507847974932295,52.83991157636935,0
0.7216217854597076,4.520680343052902,100.23553906513386,5.68885269677708,65.24604608136883,1
0.42718619302399186,5.824016243462472,47.55488552495857,2.782426650219772,44.495094929437656,0
0.3099723188587541,2.884258329659673,69.2424453868678,3.3226642550543413,47.240413549670414,0
0.46274643027110385,5.190848570548832,121.87979829286388,5.655340572333486,65.47630150819782,1
0.2076235924741018,3.649323230977361,53.01428135886889,3.5693482730602897,46.82858611987236,0
1.0624217455812084,4.408663372590541,97.85192321172315,5.500266802763498,60.74365737439121,1
0.4636523657081252,5.739542525671907,114.17062127158316,4.262041458503813,62.285644653023546,1
0.2295263494879951,3.1545368123776463,62.669468291840516,3.6634688156117168,40.12733945388347,0
0.6661682151337565,5.890622166680167,127.39734727782911,4.642787454036252,74.84966370480137,1
0.12212223607392386,3.7823935244327016,64.53817845898422,3.8880969623617574,38.176350477766306,0
0.24263831282215173,3.0503367737194536,70.42268340306154,3.95568935406764,54.610480108004225,0
0.3256226054799036,4.132769607572619,60.21981522558153,2.2342136190829107,48.837068679154264,0
0.4016453706322653,3.339725006999034,64.79250286306137,3.4750337146671346,43.5505185490638,0
0.33529434819769227,3.9341830489985825,57.57344905523241,4.5204843835807695,53.00080631674683,0
0.4162937892522991,2.5124013220247736,52.34032118978868,3.9739884339071283,46.46532887947852,0
0.515615011763991,1.7645127538040166,60.58483392773904,3.0121368633461696,40.84049160333058,0
0.1847541734393659,2.916522986792041,56.21458438908704,2.823232946617203,40.06437360339152,0
0.4063064213096807,3.858641555305692,63.78350475174532,3.1075505334177187,47.87320273980122,0
0.44816187463385515,7.30740399018353,104.56984475425709,5.194608963099226,72.8724590196557,1
0.4521179867288521,2.8313413877415448,38.19877266138815,2.9434629073043257,53.20681369141748,0
0.46133539395310424,3.631209032845067,67.05061562785471,2.9270301095290217,49.29124666811944,0
0.5756152997391805,3.0167052450738074,51.137219034571956,3.9743910249475785,49.24309621027394,0
0.4062227212321168,3.9028410788247943,55.52226966022888,3.777640967237239,45.290184549902676,0
0.4714135043434772,3.622293251393294,36.544090677165045,3.8221362895711724,49.88455766746281,0
0.643870127751944,9.373926978730333,120.96993120188958,5.350305493206449,58.94775305527962,1
0.3211404131285617,4.037465508778316,67.49690809272316,3.3565150743195993,34.439767870355624,0
0.6825797930122132,6.64334513153675,95.43671716211233,5.959870885137998,71.91469044018481,1
0.4078173296466889,2.0296164708814333,65.36254609277401,2.2886504284477045,51.807550776335795,0
0.2197148295788488,3.6446055856455226,30.227631881895007,2.5520358492612973,40.261997782032445,0
0.9123098081005641,6.712636808063513,67.34893182314542,5.767390644180514,53.27192783183936,1
0.2600508022194475,3.5242534511593613,49.36520186833148,3.8974258390131324,42.24129385383675,0
0.4686246503166751,2.6373615988720243,66.91406654435553,2.7750478181719513,39.03196169852372,0
0.387263728479658,5.965467497762511,68.02264947682647,4.398395057720882,54.35016487511353,1
0.43024527613131525,4.56760395982172,52.283974803614385,4.210628383380587,48.716165397246115,0
0.3084380017553849,3.512643693530112,66.4700028769706,3.822148267634656,44.74679940476434,0
0.49100097841074064,3.604445001444491,48.020207871613216,3.5155078072786647,52.035707743445094,0
0.35396752928829095,4.081625089351076,53.8417743628618,3.1962423065313037,48.00001708148723,0
0.3975990774930782,3.180888893978262,55.380750382426484,3.401614495848816,45.818496469132754,0
0.48937855149367504,2.305315643264233,77.05778217719283,3.018996082487715,45.604222700621236,0
0.8696869339617582,7.121102877099882,134.10728794370576,6.154571624588881,72.59722347531327,1
0.4342982011172619,9.932269870128737,128.7178065222138,5.678650138051631,70.44056546730526,1
0.24279507833364142,3.6274983034394155,55.88591060087661,3.2664704698919023,39.25537839268739,0
0.41255933886558094,2.8693243547180103,68.9988056212475,3.647939693802354,43.68020959381588,0
0.47479343436237037,1.5,53.491486483375304,3.141254103044288,40.21576045209503,0
0.3367641768655367,3.655912783919227,60.94372050048919,2.6728594151957408,43.23190703625196,0
0.4881013462125363,2.9736501446067742,65.98094229249065,2.716133645918735,49.31899088557543,0
0.3839665919477575,3.052221708874151,54.89500723892088,3.2609554680126225,44.15710330721252,0
0.2169596062812897,3.387833934766632,48.73160368910447,3.519017358616125,45.75577389437895,0
0.3108160109573948,3.3318335529126983,60.993790327467984,2.8258918158262083,51.07122827387073,0
0.5211898668762311,7.075960286350546,89.39303104227035,6.180002339353198,66.08138084029032,1
0.4605464920057895,7.232373078117976,152.6137944471421,4.33622606676289,62.42590099036392,1
0.48813372480220263,7.372932380951354,139.2556361295273,5.392943342387545,57.94348497556096,1
0.7183663608670187,10.49829901441175,130.47567162419907,5.238571122270695,49.94935021932968,1
0.40578742281303076,2.4947214113687104,64.26892177492137,2.8438873811777228,51.567031427728615,0
0.7600582732566076,9.213933927279072,99.20300492040424,6.6521954149616,63.021804717624306,1
0.35777084300716555,4.00283842029827,54.4493668703745,3.9790552072755485,51.65021345279825,0
0.5333289017796097,4.501924533475945,102.70905031651976,4.168127263084471,59.85756487959442,1
0.6089766335510249,7.097851670088325,114.54247270219095,5.551744065462683,68.38277152290276,1
0.33877254177309085,2.6442470737146433,48.93141757649018,5.3201457883102385,45.94698767920914,0
0.5953053007608883,6.442400109181916,144.12688920051136,4.8647913521221975,64.0017463298719,1
0.36624511425541273,3.2032498610123468,65.97654056581918,4.17068874605182,40.017452602557924,0
0.36116439814984413,2.8448321058807533,52.38859480228659,2.320153400940762,42.88518668535129,0
0.2987785761035181,2.452093060334305,40.971245439826575,2.9335818631637673,47.483066374200924,0
0.1902110311791526,3.072064551307071,58.3673785234208,3.950671206937439,48.31910761259472,0
0.2426034032254142,3.323107008292199,64.32455915784259,3.483202769950458,43.83723945911841,0
0.14812513240448127,4.209703245605161,40.980137021696784,3.910129031269888,47.23489297978397,0
0.5238707186157823,3.264915508595223,56.90466700674986,4.525458416699664,54.609265663656245,0
0.3769180436614682,3.5518382385172114,60.49937455948179,3.2474714696453097,49.099918496883916,0
0.7410453809978386,8.054832953542252,140.11843439207948,5.404288354431104,68.90467645947865,1
0.40319510622968957,2.54732872203967,62.026945237274774,3.395334682855392,41.22564278374694,0
0.4333677223800312,5.140340923628981,43.25241965483511,2.8477015913127244,39.67543121567358,0
0.6592059421641683,5.481976968328571,122.19324513961016,4.271454873490297,64.18968877135954,1
0.8084336300319974,6.241730971807553,100.31153749330414,5.658556066689862,44.907559346503504,1
0.4301613400320041,3.383453584701557,47.08530527628676,3.8239767903025204,46.21576552197853,0
0.25592516741437643,3.346258068885383,44.160040098929535,2.8620204490807133,50.80348174869294,0
0.13414609523114673,3.4674746043212683,57.115453106797716,4.115306302912242,44.24999883419785,0
0.7192920677768266,7.023370424056756,106.49568753229639,3.925429513615843,71.23405388721893,1
0.20331174998750795,1.5,40.46195330670528,3.798895097172115,47.3471980885729,0
0.47974108320613074,5.598394797724026,126.02796741530099,4.7466608052670445,66.02047962981712,1
0.3704344026833377,2.2612659579717644,52.829966575124615,4.24369963305539,43.07073001242654,0
0.876163548487819,6.596005821788583,102.24878722659481,6.339027722893302,62.08058741246714,1
0.9585533514209557,5.90560768794101,169.32035477621318,4.551638828816649,58.251163721809135,1
0.3452182524960693,2.173333009038079,67.86223274385847,2.9493064787793672,37.28236319841772,0
0.5498894425930541,3.6103485385293417,62.01033933011233,4.331010827047325,48.7993126929241,0
0.47836346613647507,5.010486229890699,73.84237264707605,2.9680839820063607,53.89033762873976,0
0.6885704451611038,3.8608311193368476,87.309474996447,5.75923271722674,58.33276496012539,1
0.4118031338558983,3.059060255657273,67.78788267376052,3.3695944254602455,37.00259076392766,0
0.2661414074555295,3.621217964294134,60.72939524949526,2.695035946416324,43.7069277016928,0
0.5928919301882021,2.7966872099445057,29.367837406727837,4.449132326277826,30.508961561126352,0
0.5630656576647401,2.3232497463042585,44.14239899513529,3.7443583692198565,49.98885175778085,0
0.338628539038446,2.5923424905127654,37.21552624676578,3.0587427151592106,53.10990394294552,0
0.5152313289415115,3.8478141716224092,57.978223409105894,3.399636430135085,62.13763635758478,0
0.6569837706356618,6.633977177602233,104.6972986074074,5.810722652596834,64.71613662446241,1
0.6315655196251364,8.001639995704464,102.95071932344482,4.810829681514671,52.937374439349355,1
0.49579088593771176,3.1932711700576526,45.15591612708286,3.763995024904515,45.62477534692767,0
0.5624318009330629,4.612764921827529,98.04225226997087,5.029017967646219,51.69294502671851,1
0.6420862510952481,4.143272096030281,42.11035183312116,3.085976951739256,34.318935626405946,0
0.5276053496588146,10.632340101540612,117.51457805670385,5.40244418058328,59.85248245804107,1
0.23193325393705136,3.0961452786181893,58.078822041774295,4.02641720476446,54.19590565077811,0
0.5339050019865696,3.216877613845909,48.52791864950048,3.0855692637289804,41.38370855436124,0
0.2956891982382564,4.429866939437978,56.11837095659059,4.034183359108561,41.535280995320086,0
0.29017673817988676,2.7638670521279343,62.84396780337786,3.6831322903070833,41.61776678583521,0
0.38568168858920465,3.8315787719971865,56.80571106410338,3.9844204413338415,37.33995734363167,0
0.2948505526519745,3.061705406185739,41.675871684428614,4.091793583205433,49.42928156498928,0
0.3149786232289784,1.5,71.89636875886738,4.097097412342404,44.87044258000783,0
0.4155077210502573,3.5238500342871175,53.48506744678263,2.3539338037786206,44.03995812349001,0
0.4692909280996152,2.909890203199921,50.9574289192581,2.7521236566826843,49.65060330576165,0
0.6490949644801356,1.7461496169578803,75.33038769496957,2.6445408959389636,46.7350193986229,0
0.28023693163945096,3.0893261342278686,49.478908958273394,3.717260581425781,45.58463598832016,0
0.40958047924464613,4.62275138805769,80.579263678703,3.847232385305927,47.17597067960163,0
0.4405379611545377,3.234428650115749,49.62598405486054,2.534669942734828,41.294544765833294,0
0.5100783815927923,4.8208403583969135,54.871065155095664,3.2910093228258575,36.73760751660306,0
0.3732984639821271,3.497889626721029,54.95585855125305,2.9388648195387392,41.01485714400783,0
0.31157917237081434,2.2079429930317187,62.1988052077948,2.822087267476,46.828326281567016,0
0.622631735458536,6.4099369702474895,101.19294361496678,6.246504168788619,65.72358124564349,1
0.7216321570516574,7.7036146943584045,130.9396074031965,5.022908727296434,61.759071165482915,1
0.5802710773411481,4.235328248670655,66.47353497730067,3.0504383398622608,46.288048829248694,0
0.6364127138713878,3.1306715833757126,49.11372996288792,3.7054722316796553,39.95187689721064,0
0.2875827875341219,3.503497209039934,41.688891329145875,3.266027755355035,46.49806556964254,0
1.0119178262012785,5.143646073865077,136.68315665700928,5.352037863005395,67.7305616283003,1
0.37681640944537587,3.1084450706168965,60.50118602782638,3.7887730895983815,55.840367430215764,0
0.34020524748114117,3.1595428492602875,65.66612534625315,3.4312560707410746,42.26334066026921,0
0.27336615644875173,3.9685446059599983,66.49371106598298,3.2521633628746227,48.249970921646295,0
0.31034203774990465,2.778084755419265,50.57723739608522,3.318111860943731,38.86571941229687,0
0.5452232177027443,1.5,37.012331847420285,3.0673037534226126,49.570780977392864,0
0.4223245398625492,2.320933166279767,51.71161284609138,4.122212120105797,51.008617712368626,0
0.7403182833225104,6.976324753689891,99.40604286787695,5.839720349357577,68.55529450610503,1
0.4057728196414587,4.637435004163633,74.61140612406271,3.042203288194387,48.09811831669746,0
0.20479263143063195,3.831279985099769,68.61060436199017,3.587199017091372,53.74982208119953,0
0.2780813577727134,4.358116862907915,49.68377911912129,5.0078969178493455,46.97941251230415,0
0.6662321493221296,6.858907670621733,81.34895164430318,3.8762572148612886,72.0053873564428,1
0.31891400592990826,2.7447184466207,62.229032631629025,2.4704423453027737,31.859013377460034,0
0.38412755555735584,3.4548280231024213,71.56650628927412,3.3307036313887988,47.08585717020286,0
0.5427788696385264,6.155382633954471,107.59338095756745,4.182292670951746,74.07378363030875,1
0.2395281910532749,2.9580883583023017,53.15574317778997,3.206395277524567,58.007368321059445,0
0.5845444288385643,2.260872947016307,37.126073172026956,4.331182387046191,42.11246088893032,0
0.4308433737911687,3.6538268128326816,33.557828192970675,2.7939138674890454,45.3509558695198,0
0.5578561838348468,3.25208328122483,50.734399990631154,3.0559996894196995,49.932649098818146,0
0.3217616629897319,2.4337746566870226,46.129785546138194,3.265877055067313,34.382689519414754,0
0.36202128116230364,2.1600633572422416,51.5877782007453,5.215990955017039,41.401764275369764,0
0.3104705594910198,3.270847850896706,42.28716067609604,3.7038802927509376,43.584357143483636,0
0.6565238333196579,5.958760557817632,99.3487385492372,5.604134255805512,59.08847265356778,1
0.7514235439167148,5.499190699429773,132.3976245143867,5.209117098971425,51.15219615887918,1
0.8219162157179252,9.593884528383933,81.76470552448032,5.3898671877048185,62.865704685810506,1
0.715085598874748,3.9628791615487153,121.12069452175746,6.749487975031311,67.10550676847802,1
0.46038521602525095,2.231409201843953,63.427633444256166,3.1212733827992647,60.12272845877388,0
0.4359525497319909,2.862219864120694,57.19674828366742,3.646133514165091,37.581919962631204,0
0.9693517120617503,3.966168766241086,118.34459865064113,4.75665464508284,57.63853293765135,1
0.8401137677815823,10.352837003900092,111.95856748534058,3.905699483433793,62.24467649399761,1
0.5229151127564672,4.286528129719805,57.516626971207884,3.8231081955820496,45.590897512444926,0
0.3591488937306794,3.9876974013153967,54.21631921401423,4.069219301135471,38.430896946346465,0
0.6324073291173308,8.194023636871703,96.05307157238556,5.235294648819509,67.59268427945499,1
0.35569359504350107,3.3629627304702367,43.424230925600924,2.9409503821841136,45.733950288800244,0
0.7972649489538721,7.237522080753205,104.5723789424001,4.508688116258063,65.24349335305875,1
0.16076335918404286,2.273833745566189,59.21119691745638,3.8279939994429797,52.084173085604256,0
0.33966533269844257,1.9992345465919827,67.54489138389361,2.518838529086763,40.0430078331664,0
0.49493600936998705,4.3455613110132285,64.36537816732084,2.7924026503723596,42.86523066124521,0
0.6305173493411709,3.2745179979129597,49.4551894513764,3.5417753191580044,53.296893645880104,0
0.5904250288504928,3.1443601984440637,40.24718917618404,3.7880346264082414,36.434452975564405,0
0.39387817160740723,2.783090302370503,51.18970007360135,3.050595562959884,52.87457373034533,0
0.3842439235279009,3.2989470098938125,35.37607442141034,3.5123893138787,45.25121285407361,0
0.4740154303149118,2.6995645376084663,42.02946700281167,2.923722720947727,36.88611878654214,0
0.572790000050273,6.474079241993525,100.6186541224558,5.294627400271005,62.671053454543404,1
0.5171645716876473,4.798203983910142,133.79119386447533,4.692937094678728,58.918449026879586,1
0.263174911526879,3.105819938986961,66.49924484806388,3.1520945301161767,45.73914174640298,0
0.7267944721089257,8.232029663421402,104.7880715911776,5.107539909143129,61.26528268602365,1
0.6400493078842443,7.528962896494503,139.42652535126308,7.427243066606409,60.51286551302492,1
0.42925950883949815,3.915265856531749,56.10990893584729,3.443660718352816,42.86606303968223,0
0.32496028148634104,2.81258172438515,50.02891571014203,3.4081716509889954,41.1288713063006,0
0.4082141176287894,2.814054739266534,40.12618494276364,3.7431341477065474,57.996418286677894,0
0.47015074221044617,8.110916115834552,115.27121939260724,5.484899045872543,66.72800463470409,1
0.7633712663329983,4.932406774030411,61.72187898209807,5.195655205426115,73.09379172545923,1
0.33464294405747963,4.554167558649055,52.90951543568427,3.6106863862274854,47.489901037333595,0
0.5154608841451204,6.073855169940899,114.40914307016106,6.058222319169542,59.75588714067658,1
0.5491093307087582,5.411159735064906,44.53076827013198,3.256426016874157,49.857660360710284,0
0.4376346049611938,2.7360315964387203,66.22024228879101,4.045667360030815,45.53998716627431,0
0.412726217830411,3.7549464397874472,52.963682001205,3.9061074064360897,48.38112213577929,0
0.8021923479477927,3.1842090449748293,108.14831124693535,5.771871665460676,65.64655855376473,1
0.2505723808627768,2.1128728346983388,47.137226572739884,3.464174826320323,48.234119518761105,0
0.9399128835700135,6.742862203914665,128.0283159292309,4.381875320722358,70.85705480472743,1
0.210519205410951,3.4116137867450442,51.11210754962593,4.583856721683231,53.4807416543529,0
0.6040848432645011,4.715726674099287,96.55386818826551,5.001117942257091,71.13885461427978,1
0.49433059494104087,3.0005189715031126,48.95205869963739,2.565605950917952,38.09659082933905,0
0.7797618127404947,3.7358482430020796,93.80087768968504,5.627884655226769,70.01752070254281,1
0.2506179651692224,2.9316747240508354,44.15049632128307,4.068983221363927,54.136974303316194,0
0.5365915419491536,2.8488118265535496,48.17304882462488,2.745381797095907,54.35010264040068,0
0.4059126857703883,2.43300113657741,62.59413717309046,4.567283168868756,39.67516366545652,0
0.5300235357425959,3.768648808831565,58.39998855228305,3.475311772328572,40.99173208589544,0
0.34871997781558955,3.802396717992784,32.47700828655119,3.036603669744053,50.56024386111851,0
0.9921575904481688,7.3742638556198585,129.44889121184747,4.811437722504518,62.2023550907469,1
0.11040406586059048,2.913637766507215,50.01954269459745,3.3790820475487084,47.36996940212004,0
0.44986660414958446,4.675704732864478,58.473847184935025,2.505768174289564,46.04882208464691,0
0.462414521992094,3.707028710431974,54.45143713039979,2.8403650157865825,52.54093380932213,0
0.5315509859902219,4.64397140591318,46.86853941532038,2.941451113608971,52.6195392692663,0
0.39605321235592517,3.4820863625025193,61.61178743134804,3.8724220998665735,50.24322516561811,0
0.318317041950348,3.8762721308991623,45.138317201024776,4.230934300361562,47.32993055745635,0
0.7306598068682076,4.1837695808585424,132.00727842090095,5.347025749585461,64.01580527693919,1
0.4474261918522059,2.4624568007794387,55.67258735554633,3.6347344980440393,41.49069322892153,0
0.9069895746645364,6.476093009692652,99.54216278643528,4.909321722129101,60.52161920945794,1
0.40413429367292963,2.6524077819376806,43.856142616932146,3.248791754021589,52.22565886852999,0
0.8841021242818756,7.900743320769866,136.48678823405623,5.76946010767037,67.35880865635099,1
0.4487593721372969,3.544800996194869,51.74794258133928,2.5409753902737235,39.718850227790405,0
0.40317335654970826,2.7919435509476815,49.37320633738941,1.7277592785828804,52.75366615725825,0
0.7760585980179187,4.8734363399476734,137.1341060816171,4.551069424415051,64.99148026642635,1
0.719266863978777,5.014525043755094,111.71227705352557,2.8474585628701536,62.98329201317213,1
0.4177719405755324,7.164560273280951,118.14683746266951,6.09089995246623,69.19899385419393,1
0.4923344518141046,3.81281815383519,59.76181752377349,3.6565661397058813,49.968695431874366,0
0.5923164277846935,5.500290430289286,122.518652762691,5.648808192937765,61.933677074535275,1
0.24968468919714434,3.467594276122321,61.4016581513671,2.845356521882931,42.676233578594285,0
0.7127231055519256,7.029371525215472,83.33135942966885,4.715272834661884,62.85388996326896,1
0.3773272877852103,4.312316368654114,52.394815311273895,3.6390878932840125,36.334288999496735,0
0.18168581839403292,2.893892199984215,46.60026778672927,2.5537970883511454,57.91961843014743,0
0.3627698312576101,3.1764959683473695,43.39748689923239,3.5669140176174228,49.30841194514989,0
0.3626950383866687,3.7134649980078756,69.56000779531142,3.184426932983344,58.20805538282991,0
0.4106372920622969,6.114795892908619,101.37453640216948,5.781010239600681,55.61662616871331,1
0.4784703480168855,2.8591330122697647,36.679652613736394,2.1188826411479447,52.794848008261795,0
0.3349386178795198,3.8460598596705537,26.036652057903158,3.635262098393049,50.3668512692449,0
0.48424145708331295,2.72528142866068,38.800457751942666,3.7515229941265025,48.19615611486448,0
0.27983676276864067,4.006554826424987,61.18408184887311,3.8628283159302796,42.91183145562672,0
0.3833007192384034,2.713654425732652,53.34188953109831,3.2452904187578997,50.023684514730576,0
0.38128880594913017,3.8475565723132106,43.41699377522157,4.111481225709595,44.160554663796475,0
0.3070508874299559,2.8078994199621983,47.55014143764292,2.73324744778074,51.67526253228773,0
0.3730912604541649,3.8291261513222596,49.57353528330808,3.096520746531436,42.57144895635158,0
0.5439136776526229,4.691950269687217,55.83178901129351,3.606686486035032,45.353205187878146,0
0.21902137979792966,3.252159160737216,57.17206644077016,2.277725710562627,50.05258282766066,0
0.5525513195590305,5.11948912162599,96.81494216184622,5.724151783562811,59.33573048467302,1
0.22864950525382935,2.514853402535586,21.72935667935556,3.254425496481191,45.2430157117059,0
0.7441592606413381,3.7233051887773727,96.78068274807656,5.238584085377841,64.26975508176237,1
0.59385666269148,4.856926655245531,144.3288615817099,6.6010417536854185,58.44778848226013,1
0.8329463412419826,7.362534166950812,119.36886204290411,5.794123330356574,63.650576195871665,1
0.6459586089728091,4.173145326065382,55.722834075220156,4.130820011095122,55.403368382127425,0
0.9012499205417148,5.2893693212689,113.37437313193315,6.084798994965174,63.349505960605704,1
0.6905709894282388,7.1784953998152625,99.43952676514805,5.9675900617101485,66.12078891917729,1
0.2745229139088101,3.7296695160924793,52.861588685643724,2.9825076714024634,51.8614435849138,0
0.7568747355205192,3.170901600939367,111.73727044652112,4.436980486726693,59.24730827474198,1
0.3871048622637544,3.2229845881902373,27.59986786450568,2.6497533096964223,52.436942123980806,0
0.35399089380390353,2.542685862214817,67.0439498648535,3.5368308982151455,40.88280012186014,0
0.14928039466288442,3.8029180669280835,38.68736297807368,3.41793832484056,44.629982120379566,0
0.48996414218591877,1.5,41.44335958821938,3.103469621858841,49.146710469248355,0
0.3144302210378217,3.7322770355017685,63.74820703435048,3.3648328193861983,39.753861261669186,0
0.8002099182431985,5.7816809108796505,107.36751321974278,7.702447464581093,62.510202739670085,1
0.9164023267109218,8.577169751365764,118.56977970103294,3.6901274042039987,55.10611941237454,1
0.45831747252901567,2.7493756048861835,73.32942815175413,3.0645284088341325,44.42568378300449,0
0.41928415438984534,2.6900072693440613,68.79644539561386,4.529386893817346,44.46292805895711,0
0.5364316984915912,1.5,44.6057630424161,3.044282362432196,42.46584258405348,0
0.3417878883041615,4.691790506540446,91.3580606664657,2.430381150816384,40.04402405663056,0
0.5485833095649832,7.763994305696595,143.5649197145217,5.923998169317455,63.554872376026594,1
0.3406131063471708,2.827609342672164,88.95062994650202,3.6364360534462215,41.68199753787555,0
0.12476083863752407,3.85317964327364,51.8286748703974,3.033051961667092,48.99712039148633,0
0.5719455301702288,2.724633973522862,167.35755592413582,6.389913070542153,60.57266280511824,1
0.4761776671291026,2.628491491591362,70.37185215007148,3.890995429053411,40.55166744653671,0
0.4501217992916234,3.296679876916447,67.65136658911419,3.1750451991185376,43.695500778383234,0
0.541282310158825,1.5,48.57269301689086,3.5557383569320256,39.43113767034426,0
0.45442760069541777,4.411930737717732,40.841231622846976,3.8476991400957443,39.29412770431561,0
0.34897840698712695,2.2755970952247724,68.28764390924697,4.177729408923317,35.36658920973824,0
0.45910023506971703,1.776695393785552,74.75206392385343,3.5320999574272975,47.90306479823142,0
0.20309956076673044,3.358652159727808,61.468266911740486,3.5366747800733265,45.34253679829992,0
0.6768253044736027,5.557271103436391,128.82224361978828,4.636545233356285,78.18826161456144,1
0.6234235653988092,4.780619695876895,126.36383848549828,5.165977466969178,64.61968217165291,1
0.4396853909621156,4.249080326887873,48.227540274092135,4.067929350300249,44.976118135477506,0
0.36730833605930213,5.1942897097862,82.77649987718695,4.092286631240735,67.89924677620094,1
0.8118318795505148,5.783901274985062,68.0853257957238,5.154198251460603,60.30462637674352,1
0.43142602764772503,3.19192327943813,62.86426121738805,3.9316905717899635,50.44050312149481,0
0.19207601177513176,3.971065746231078,43.08122259983848,3.333852527814103,38.96374147081675,0
0.5304278058136888,4.008940998545085,119.46656153939752,5.864431674047811,62.37638964284353,1
0.8231489613937557,2.5011449361631346,157.3660711006238,5.2855245094439915,64.67214898693683,1
0.3039053282697456,4.819195897321618,38.86603570891383,2.730607599304131,45.7177680444652,0
0.4121480210951651,7.870294830391588,107.8260581223425,5.389887785069277,62.33133614208014,1
0.27657566701817116,2.987311946562425,53.95247026144604,3.316731908459521,46.506343047032054,0
0.46769373264123876,6.621929453057281,77.31187724234283,5.79850371236291,65.39817388324056,1
0.4118874023510241,4.778563351967865,60.14303398853898,2.763901076924197,46.42612419001855,0
0.580883028159748,2.5283888227012428,64.75602170460157,3.474772051985411,52.3160629653223,0
0.46726819587199175,2.8701579360001386,62.27119009176156,4.740839942371596,41.02988899133193,0
0.49570403465802715,3.2936102142817716,51.44276791902363,3.356905537951936,51.24196305819647,0
0.720411656016519,7.225810792917926,95.57256202038016,6.15720650039716,42.66794803678898,1
0.6586720445334705,7.14898847144935,88.82479083707204,4.31066727038951,45.3288303029059,1
0.2808862567819553,1.5,57.8786737614179,2.7826470253107742,39.36969504271319,0
0.8655319490419573,6.76003144545268,117.51969295219287,4.8659512123143065,59.6367123087439,1
0.5005670656362898,4.335201382647708,38.49662144117586,2.791887025543794,49.93040117064771,0
0.5107662525789262,4.223464773138179,67.35315491276654,3.599259686883993,42.32418752135304,0
0.33875608411659514,3.726304701735121,54.949770932418836,2.974427085509203,50.76881410088418,0
0.6014029317122486,8.396730181725719,128.0015239354981,4.131841990383941,53.57043456347019,1
0.3506945112517305,3.7180049617458786,57.102470276853666,4.355127781492968,50.490602193027065,0
0.7219764848515486,8.147609161642613,98.28155363507177,4.381117742040561,59.05382209352847,1
0.34626329833914693,1.637619372671727,45.99042072049541,3.6367425349276963,40.13401564436941,0
0.18589223423773046,2.5134370348894057,56.9336002214185,4.7358441393838735,47.39302772107958,0
0.43288213247965,3.1826451849724227,46.96980420353673,3.9549305163516446,48.255799646950784,0
0.5161976331638835,4.898128229129142,65.24940801442261,2.853115899126218,48.51423369823492,0
0.5819366766127769,8.260316982656025,91.61746025235317,3.952383007217885,51.106268014993006,1
0.2500373025278298,1.6377034405284356,48.410009700422854,2.5075561969280606,51.1991303250518,0
0.468940252456222,3.6417685880651645,68.59152788431612,3.8162259714775946,46.77972374000532,0
0.4516922955543344,3.3912600300647306,65.739132297391,3.858987022662892,42.77283275998208,0
0.46494326250877555,3.5076955154597496,57.461760506901015,2.9722185095604083,49.697140775276324,0
0.4336671676221523,4.256382627628623,46.77975077632668,4.610722828889586,43.84362191790336,0
0.9341633509745678,8.13284643806594,127.30969372836572,6.1117539422316955,59.90475297454401,1
0.8058451564799771,2.8980907778643297,119.64664871460653,6.387952731530638,52.33636933521233,1
0.624614182384033,8.944595079084584,101.39420475398498,6.074361845616246,61.038999054063744,1
0.45005969117094313,2.8607021021952583,51.48338555917741,3.504402993424574,55.0931776496706,0
0.3687071699855304,2.3667054858071532,28.4708869362153,3.206056312216702,38.20885452490063,0
0.390133932427752,2.3046135455947017,63.97419225031806,2.9078910163846956,39.207966263522536,0
0.48859720882817503,2.4427170003338827,41.26152729239385,2.990912160810743,51.4908154215119,0
0.430624050337857,2.9706614456575675,42.97913508073569,2.046358675428238,40.078404980118236,0
0.4726002073579068,3.6939059701737955,37.0419132664732,2.0108321938661566,42.45793759272013,0
0.7857373564374911,4.253869684517529,140.0530340524066,2.636362917564215,56.032333173377644,1
0.7065105992379522,8.810373662223538,102.3021362958816,6.565854027108688,55.87646789743217,1
0.5552203298035089,2.2666800346759857,54.59139160644675,3.701055084042205,23.799450645456147,0
0.5727912310006034,2.1824359690637696,58.087310981090496,3.7455259820514,55.19496382875409,0
0.13148647346646275,2.751397932962728,45.432487804907275,2.092948765954655,45.2163335126124,0
0.2570939637743598,4.595948825190595,64.75956824704248,4.245350161072861,49.20376691089784,0
0.4435142835271175,2.9556057652222183,52.06916041954673,2.4403046796454597,39.15740737305564,0
0.25548149159153427,3.871959400068299,54.40582945921116,3.027108751169137,41.688264404712086,0
0.11663136646094813,4.031931910847676,71.1930426038042,3.4758277326335527,46.67340809105174,0
0.2983053259828732,2.6801951637096284,45.20488226731567,2.767233429301739,49.12065757374896,0
0.5049653551910971,5.15852183193077,57.40986550554006,2.823271467727688,46.712318533198285,0
0.1987445144785082,2.165465383080128,37.569859395916964,3.401982660450264,39.54039101047853,0
0.20776650206014344,2.9504994871806183,74.365010178868,4.056945018750898,50.94403428245011,0
0.34627778165842366,1.8663220938478708,42.7202646308093,2.206336945165643,47.94779597495852,0
0.5073258533823247,3.8269376090214737,57.22736209229177,2.0540528403386435,50.819096921086214,0
0.42541805347446404,2.892418183158778,59.51947581615392,3.1458235008447106,49.41082098207691,0
0.766241847905123,5.199625855604907,162.89863521072039,4.81066024065647,49.692928814819155,1
0.5786380284653164,4.403314466788313,94.52954131167324,4.882863462624871,67.17166890389275,1
0.4041320751500242,3.581285922584321,58.580915219571466,3.4449937791476968,53.64866165028997,0
0.6890525867106032,4.673672879987795,50.8761606829235,2.740378958050785,53.01098785259623,0
0.5421324758820956,5.500818854941822,136.3324795700175,5.233049602997664,56.521288476266534,1
0.6543319706300789,3.75594531871151,36.82952939990817,4.299000464667707,46.42145956425108,0
0.3952045768021733,3.442467333496124,55.854347424873964,3.3615749856093844,39.232176012623945,0
0.6452587052555984,9.347669086563936,150.1809107467986,6.1696515960720575,53.50527947715679,1
0.35176804719602717,1.8430212360478286,60.69315327812103,3.71915233067172,50.5189963694896,0
0.474667927457066,3.107090051882585,42.00716941571196,3.697368301131547,50.872118444591635,0
0.3223849943604641,2.908134935315349,37.6948840322815,4.23821882492761,33.09275797532616,0
0.67896107389296,5.3664773522012394,147.36153999951608,4.591491553594351,61.27057249943903,1
0.49702366860077946,3.6438518170162495,58.14095313660637,2.7704436492827282,42.647048569202,0
0.5704088653974126,5.487614945998228,152.00108501481336,6.677248599854748,59.048250850570085,1
0.20808272201261654,4.063979330371895,64.72391220122225,4.2462507811698025,49.321582879475805,0
0.228761461079302,3.4909023310181015,63.21398083442374,3.3701475114431,60.284257164122565,0
0.4089024147661852,3.650374851993969,57.65475450400747,3.517535700980551,41.28121775935111,0
0.4167724641347486,5.871725767918235,59.36849297335843,3.743524636671041,50.65678579305153,0
0.6952075300956142,5.677405922841144,95.6474599052909,5.6767474877382496,60.70122606883016,1
0.37943659466079216,2.3873377264032483,56.79197231322859,2.4725202424003854,44.520286760774724,0
0.29689052093854185,2.6809732346905966,65.8153208747161,3.22256466760754,30.667689341521406,0
0.38959441741020495,3.749539093402714,139.0098953750874,5.519408474359453,62.698198743087936,1
0.05,2.514696801826591,31.402402349265426,3.0271005787466128,53.08840781511243,0
0.33725035008265003,1.6443105091777819,66.25349846230063,3.9207639148151583,47.0220187497178,0
0.2938502152113316,2.1395983223382435,64.8451075519925,4.395719559855136,45.00775275614011,0
0.22633417364737554,4.291073280041278,46.00540103241697,3.4762706544186877,50.93073654359852,0
0.7293584679309474,4.736740062521678,118.38116085793446,3.732926103717327,51.24941364930301,1
0.8876625527942844,5.669224181296174,81.60187782508325,4.0360803241883705,53.44357503253531,1
0.460930669630818,2.1635929391835096,44.42661300159471,3.537123000046848,44.68502618500205,0
0.36188838697016534,2.350641899113284,47.20591011716405,2.5490139431238603,51.04506640496228,0
0.4492344406712421,4.637535581274445,55.54012930589617,3.2750447001353304,40.7937309585773,0
0.3790172745318832,5.245747603069653,59.8018355666405,3.6496099782302567,54.01217547454089,0
0.387854263033638,7.288197634256557,141.61922348886458,6.726233974163224,61.828056899325894,1
0.492723240712585,2.6122490179041993,66.70867175801912,3.7143471812497983,49.1862567970449,0
0.26256468540506256,3.6693318324043838,52.80580123228849,3.6925634341893305,40.20263719043926,0
0.3719459843617796,2.249023274161422,74.91058824599827,3.9006515453650894,45.17714298462554,0
0.2765416762948662,3.2070404264653,47.901446575010304,2.9721132993725394,50.2167747337325,0
0.4615409943683524,3.4002465551979717,32.91505964174564,4.287379440619091,52.76159149996046,0
0.8503941198622951,6.140397933439347,112.54041462471189,6.333402232344529,70.52050925186978,1
0.7372226261613778,5.923098900178715,134.34317596402,5.680109488978958,63.84132561465312,1
0.5532641873507539,5.80616297392854,84.0142026695125,5.079708068225913,59.34291931998836,1
0.8288736111661172,9.977410140713754,91.1437242216441,6.82174308759398,66.03363621953409,1
0.4660814708286675,3.263888347977004,60.66080306620162,4.292380403638714,50.29154432107081,0
0.30724414184625026,3.8309647608266135,66.48161523897845,3.3057986123367487,50.719892019913885,0
0.66982148298565,1.6196458371945315,46.0190278999074,3.753598486898781,42.161710556877566,0
0.2854778290828438,4.541849096778949,51.36101164707384,3.3541085374318778,40.71622501148846,0
0.5986620999450344,7.713993216396695,122.52411898304237,5.126952251677548,71.61518075487453,1
0.47312423844277446,2.6902139883837908,54.9719033417565,3.148616610149362,52.990532723964336,0
0.6571176763108413,5.799352894024752,107.16064423619775,4.6243971486939826,70.08309049096944,1
0.18934699864701185,3.7026786400821408,52.65997101411547,4.495345685757098,36.91695375209909,0
0.2864098415379038,3.862093583299526,67.68318137498552,3.4037016192005414,24.490116634469786,0
0.32571849699307365,4.07812667597489,55.0092845108169,3.6844250004678307,46.895871112851424,0
0.3529948361290949,2.1961449662797055,56.416466003884885,3.2566086476920635,44.67553077017613,0
0.4250811303061562,4.518451992113796,52.27693079749821,3.51742367651363,40.80788912279746,0
0.5261856649480688,4.777945522737365,66.51455275173743,2.6936400637514337,43.40267824617685,0
0.43415266031318406,3.329921864710195,58.44464217967283,3.2442898857021625,40.083663551342454,0
0.3861533285145641,3.1760597032974895,59.118301621055636,4.007377439901508,50.23982371567024,0
0.7616270812607565,7.009333802830868,139.2166991898731,4.328130007482385,56.54563238692479,1
0.1974443477840955,5.1364440728920835,61.60495827629551,4.055333944340835,41.81449081746278,0
0.3745104069804616,3.5235546585418858,36.91318527962263,2.9649151846935133,52.34792008437704,0
0.8249796541674079,5.661988693438472,133.10901955087655,5.393832277566806,64.93268459179734,1
0.26773146785353286,3.0620231585477664,33.49390051002212,3.629542412854451,48.89988293459502,0
0.45152739061362007,3.634590876497577,62.83871109523388,3.56966784657303,45.634923703767754,0
0.3201838915212004,2.870514033949621,56.01080446871271,2.765427763224659,43.89034679991609,0
0.18453146967413173,3.0578725641654056,65.84906751872464,3.3260294090639286,38.29224928231091,0
0.5009977615376292,1.8684152715575235,51.56755045315464,2.6104589298255942,36.13200380206585,0
0.8370392432081257,6.799063253202387,121.22883896900062,4.061611978254884,66.03075392637808,1
0.3226544789498987,3.0494702037290113,77.48958279833268,3.6666387174876536,45.3849937858082,0
0.816450261064778,5.297615408216775,111.79254460718153,5.332532558322186,59.4574539054128,1
0.2891022505488201,1.5574295757664587,56.86990083568249,3.650334672651718,39.96147077018932,0
0.23108117284984567,3.493593810979317,64.87048300194034,2.354621205442979,41.909529780786244,0
0.09123386474935175,1.6223081710630702,70.45740661397242,4.4074074687382145,40.52082138168871,0
0.7915609773193049,6.859004250936144,147.67612031646578,6.843146563089462,65.48831685320327,1
0.6402580506296358,6.95606551319481,107.64405663028619,5.661711410005388,63.43642999760162,1
0.6302641752587057,8.819917276713456,70.8727017802453,5.824379867173108,51.03701465974885,1
0.4337142402743589,9.255895111166733,104.57222259590925,5.5688671117616995,64.24617937302557,1
0.25359247804075,2.73086665222576,48.414708513285554,3.059563494548317,44.281874800693906,0
0.42342923982607,4.5419215206273655,50.55154476535093,2.9735287171505145,49.25001490642078,0
0.3781518726745282,4.309915217851416,67.10552247090558,2.781202387548311,43.94194828590231,0
0.5353764376957106,3.439917819932229,54.329570441458664,2.428298144122872,45.89418009980635,0
0.4727491741024936,3.3850603440308156,46.27215024785732,4.105471615045152,49.56625651341917,0
0.44185001591059425,3.157780894127843,73.22900412079458,4.607787447479475,47.359351997598274,0
0.5269804710013388,2.534978249058934,55.71071073141465,3.4683157708903143,51.09022842589711,0
0.334719784556217,2.8926429543114502,61.301887480363256,2.2971193189268346,53.26954527276506,0
0.41830233175393006,3.720422290114728,54.35677950567447,3.355999150599862,44.020102093471905,0
0.819878442052687,6.329626294680117,82.24110433441054,5.074788832407225,61.52222653478799,1
0.46839435213164615,2.814190527288335,57.45001440943028,2.8093949402717366,47.13992248016286,0
0.29048499989273346,4.566982924728778,52.92434144482056,4.671057106716386,49.58108095671747,0
0.3208571165406675,6.217133169279107,44.660553892909675,3.292096427859154,43.513015059021846,0
0.3928354390054801,3.4999190182945066,63.50552322286282,3.0185232732313434,54.024048227397664,0
0.20091535646536676,3.1236867825063213,57.98645292119748,3.1405462335927363,43.559833712754866,0
0.29614441961695825,4.249460485247364,70.68221468406816,3.1815582444979276,54.136261788909806,0
0.4475509094823886,2.57143428858246,45.938784918503515,2.5728414059232243,50.05892774911681,0
0.4281263473481857,2.5116680273264382,44.3696654034315,3.607887660181138,49.799238399316735,0
0.39115921737150544,2.3088688612698904,50.02223414360765,2.85751972703787,46.232627982136194,0
0.6047804547806611,6.98782043929276,108.90478141041802,4.640517831036483,83.34848482038953,1
0.8375502707993245,4.624065055401672,135.8216096851112,6.211320593466635,71.61878646692084,1
0.23570165176450675,1.5,49.695816634367134,3.645053011743143,44.73187569756186,0
0.27398472940421725,3.21467229654901,55.6352088886425,3.264494733596121,60.68088267042717,0
0.4444844564495206,4.080997968473563,51.97380730630435,4.326482800723988,48.663355642067934,0
0.6290074770564045,7.857051724658029,108.59304869867685,6.222182066641031,57.513948802671045,1
0.4744950663995509,3.809720741163604,49.44782453938515,3.378234382890426,42.59218925609158,0
0.753465325728339,7.164832567128768,170.199029880095,4.544627531231212,69.32076069269682,1
0.48234156433851816,3.2504748302487334,52.898755343252205,3.1757458277085338,40.8222938984572,0
0.27125101356219333,3.5280581254990806,50.166103946670184,2.89218648109912,42.20081881743051,0
0.5155062647718234,4.154711912534723,45.710404697807384,3.576282136455707,45.793467333724095,0
0.2924753274162355,3.406578289292869,51.23251300196495,2.907478593221516,49.36176492600086,0
0.27264453022736046,4.416536891573765,60.045784152832,3.5392862731861516,46.18634494217777,0
0.7776963541627661,5.102189027320174,151.97897943522125,5.3163100106783325,64.43505764237857,1
0.6987442839755593,5.701333408995723,113.00526766700334,6.622679337491167,73.55708436313478,1
0.34556534854811743,3.4340626871181144,67.88763449725285,3.1142759808553895,37.262722067984065,0
0.4197760574027942,3.3004771867797897,69.207269486702,3.2453700631674063,42.1312654050947,0
0.3753163516851111,3.815155597226417,59.80473280054869,2.5876034584033523,48.77082943623508,0
0.5774226079663326,8.381073209246662,100.6938094710024,6.449519759617714,69.30139411417457,1
0.5666245351267936,2.2186324806731506,47.67566042194923,2.6411846201800127,48.25295229059135,0
0.8955374353355658,3.8324155438523495,105.57511015156278,4.393120455054781,65.46806258714084,1
0.8665152412444359,4.880870935051525,71.13463033256751,6.342123910716905,56.90673894657141,1
0.41864406435867096,2.1344642908517404,57.23774461269696,3.2559106652933,49.28342557803064,0
0.5819848423703022,2.937034218371437,65.07276060519894,3.0363570460635265,46.66058557128736,0
0.560541442936321,7.716618352500002,115.16662270593034,5.408663108714072,78.16375577776999,1
0.799172213578964,7.443944507880099,122.58063163612363,6.354398012708407,61.15267171964281,1
0.44306987171902396,3.3684850310302643,50.168222102157586,3.1791597131417144,48.949265554569656,0
0.8051004149659666,6.668874646079307,90.0912712080239,4.939005520370903,62.98537081827456,1
0.4435970408550974,3.181853872422252,64.7145461866015,3.324624118329598,49.18729593904599,0
0.5005831332159112,4.378480310021379,111.6939373081753,6.2770263913013515,64.55635664468083,1
0.4367927329311596,3.619031059495911,43.67804356299091,3.384761558049349,42.51997063021295,0
0.5937030166554227,3.972527572148231,105.82515544452713,4.218980330118368,73.04077881836388,1
0.400385821435692,3.4363652745731805,61.59736313178631,4.168463989685902,41.40446453567941,0
0.33892127370155334,2.5586736210858,72.41904846215186,3.838310583598126,43.57554841598836,0
0.4243213823693854,5.632773602119368,84.51622713369679,4.436574500369091,67.8199178990026,1
0.3390893960546581,1.5,51.0276978266656,3.156812234325779,52.75727431808609,0
0.34386222545648165,4.0172493210253934,69.42853739893306,2.3375583826141346,43.44581925057835,0
0.15652184744706704,3.1763823117724295,48.83957477420732,3.387999107591972,49.002026696916836,0
0.3031075961585681,1.7161707628171565,38.97679032786417,2.930639846785798,40.018340469541954,0
0.43183755036304833,4.656091732906704,43.180677809817865,2.916387072254963,47.34452207337317,0
0.3311708199939368,2.6042158543604277,50.59557872883339,4.136103068265634,48.58465466625372,0
0.44191437122006305,4.540998029645589,56.188115472428116,3.905006881661639,40.52092507728863,0
0.3564758838906694,2.6025032567316795,60.49029451937074,3.5628141775975504,34.781301415083405,0
0.5110752975600823,3.883879768095478,59.376749647512455,2.843352878710433,44.568549019460406,0
0.3955285920715904,3.446165445758454,72.17937582729508,3.1933148483905325,51.47584395763587,0
0.2835453144015653,3.599828278867599,65.56368342511077,2.6946369950135933,47.77932916778839,0
0.8401760146953465,7.8024077619886905,121.71083239784721,5.460986117890347,72.84956547831028,1
0.5122970887189761,2.3147732516722153,63.61907350568901,3.1240913694121857,48.31589016452469,0
0.20421423871956149,5.503022478233617,56.63463159047022,3.2355731686104456,53.69300729167815,0
0.5497842141616008,2.7956836568200187,32.991412754746726,3.872967208492772,38.80599979031909,0
0.5744401342545379,7.398170864826331,120.50609987891723,5.079949193709977,62.82380132288007,1
0.20397735660521749,4.107625313118022,63.073153217999476,4.7984264136701595,46.949322917720764,0
0.5009102393163842,2.434475401121763,61.5677867094556,3.756186049745921,38.82483327979212,0
0.7616310728478725,6.221458773424523,70.53312903989689,4.791096955308854,71.37750314015935,1
0.40524064009042726,4.42414695118755,59.442666234269964,2.661382998036233,43.41837963695791,0
0.2938258840713718,3.863170088780629,57.709088117017025,4.181195610844673,39.3341762106874,0
0.8773477309392437,5.296066138497677,119.00519999733632,5.550095629806534,73.64510501465767,1
1.0812133273908628,6.6434228457737134,97.6516013432802,4.237210017213634,74.5699046748623,1
0.5150144006165835,5.801401230218995,79.45673836241315,5.1839358494069705,61.67202172590171,1
0.5086491962023272,4.601493698948824,32.93686729901125,3.656329240275032,41.03451451786803,0
0.258358129963267,1.9095181270695556,57.329099554038145,3.418558520400836,43.3984071895859,0
0.2684910896915561,1.9509942483508718,53.243803313914356,2.6823233607059462,42.480899263911176,0
0.37033807535359303,3.189137733816985,58.249769882572174,2.41537522333859,45.442261916991484,0
0.5635842667572049,9.150220508080343,96.10218857362283,4.2225523548637,75.16186421379628,1
0.290960089799294,3.9608011491235224,48.358617838586035,3.4696170383721223,54.83913637749136,0
0.3400413287674314,3.423862144686566,52.811668488366514,3.806684450396309,46.89797881100526,0
0.313079575450558,3.217169586844815,55.6769783443102,3.593201934123119,55.57433490154371,0
0.50969503499867,6.461888231695127,132.73744958312258,5.944473374264631,63.30345617266135,1
0.546058305194541,5.10897983845919,127.5558740567563,3.8554933697034155,61.1582945698608,1
0.9071580432371141,5.574801500761635,97.86239546904251,4.923960251455195,61.28482329537874,1
0.596274021851315,3.783776845374549,53.62573136093065,3.9006604926686173,53.16829134994473,0
0.5820604881153446,3.3173946813006503,61.67413306877214,3.8587370032175112,57.744580011507956,0
0.7392041575117142,6.80295228034417,99.20425326445996,3.6863974621805,67.87253175360755,1
0.36766197098783576,2.324148359248178,43.348729323083205,2.585973274413572,35.93326242669292,0
0.2870450139233934,3.067843116083042,58.08110416045501,2.3370505846308567,51.43489231170021,0
0.30965462700237767,4.004266362605158,48.22424240545725,3.09058353463326,42.264590492464045,0
0.5867952411134617,4.911800220684134,111.66997942069922,5.142371413468152,58.761730328960525,1
0.41116154779657105,2.695389990020272,52.86000427781012,3.791757548066661,45.815603241334756,0
0.49295963209526816,4.201538298013355,50.82041057021732,2.7833768777820715,45.237227750085474,0
0.3322379523415226,2.7164774277375665,53.67979851093047,3.5571099727537265,54.64364421466135,0
0.5219620138553291,2.220442055198019,57.53812016118965,4.554962085862135,47.983014608632864,0
0.6262714833055867,2.562513921061532,62.29618522735428,3.0406059723498897,42.23677351473934,0
0.16027866378211544,5.6132897828501385,60.31966289507209,3.0497843935064797,39.43800710840052,0
0.5329621809152612,6.128821532669128,120.68005743099812,4.442277096114161,53.92344793447057,1
0.41321678167711984,2.3733576646036982,63.50571418386545,3.235246244159941,44.94733934690032,0
0.5073294226732363,8.430077135841547,153.53396930390704,4.454058690271399,73.74791274477052,1
0.7734619361688342,6.363641306190667,108.29298429954451,4.784060875033901,63.62898382137933,1
0.4065825691802922,2.897282725614166,72.24690949414281,3.7526039323614113,54.15506729831149,0
0.337781898172148,2.39007058196707,64.23623819947261,3.2894285096484235,44.52587243354745,0
0.3473771951111821,4.159165014287075,69.83372767274722,1.9792472686832807,38.10058497014895,0
0.5616974311837362,7.648211930647593,133.38936773773784,4.918533803237033,63.7302889933951,1
0.23941028010170162,3.2570546836466123,56.209403101720696,2.944987893998254,41.58731909324638,0
0.39727534241898793,3.767192698161139,76.88034367240454,2.308665162765488,41.26448263647271,0
0.5824609547941197,2.8455809347600747,132.5713838407623,5.446209385951035,60.70139639526159,1
0.23586735752580168,3.998908996540418,69.0154997921483,3.6997986933725384,41.30286617031925,0
0.35228248839724263,4.88359254250437,43.63300119724839,3.4688755181419366,53.44637155005282,0
0.6084678581959129,2.8967435392719763,48.69631595645902,3.223351047665009,49.79385881255012,0
0.6717811537597216,7.57669739887058,146.2670595878558,4.54186949651437,65.01183065177806,1
0.7780577369185645,4.533533417464959,107.9710158118871,5.777326379219023,54.178293039356305,1
0.2805732781461038,3.2876210583516925,70.3215662763337,4.2724146418151605,45.11623968429342,0
0.3529662349985808,1.9794822058619097,57.20436201712085,2.659392657701524,39.7677822715349,0
0.3815980670131326,3.2276414454847133,48.302956002238815,4.511175412106992,55.97099079485911,0
0.41113754468109887,3.1425631061965436,46.02569407063708,2.9086098831695595,30.464748466246114,0
0.44339181108900316,3.096849126282328,72.12368996397235,3.5597881804836673,35.550862257589834,0
0.46901142050384903,2.624662222506169,49.00257590507675,3.2763928327739005,38.54881077621146,0
0.9581684373492902,5.713917633973057,126.6688891886393,5.0637794148736415,78.51603000101323,1
0.4082363948947394,4.420673388391857,56.29094571480122,3.0596559335149913,34.93794403362339,0
0.41513402901703517,4.390574016476541,49.44198154570052,2.769771075160742,51.42431720404308,0
0.256257770938763,4.50244373753283,77.59448411758933,3.338906669626359,42.216598798738175,0
0.44632306381307446,2.796057785074603,38.727433495184556,3.5607514746100897,48.34756093140477,0
0.4535748896822531,5.931158372863082,100.87689551074035,6.6764724094739805,83.95412463241573,1
0.4545141505561533,3.132950158673655,57.57851408332479,2.9867021846897193,47.46777270927911,0
0.5684614646631686,5.449383418207584,72.98738406767008,6.207443905032126,60.22005487356649,1
0.6252705025550503,2.6770613354764192,36.98345769427838,3.411393861007232,47.621002330142126,0
0.6085799178652465,4.81202893859519,119.69204909957492,5.3805185623079215,52.07714709383379,1
0.394863579705489,3.459769102965346,59.30621843657162,2.541557645439674,52.7822769542623,0
0.3705314280974043,2.8038455878661543,102.15022750409281,6.167650517320451,73.83141838737075,1
0.2133769746627107,4.078120606157287,68.56573411345086,2.794820930455497,54.89072845264735,0
0.8684156528254267,4.361931686013282,74.03232282010578,4.3835046968896805,62.38145189808272,1
0.3114037239407704,5.0756062693024315,61.96101001082252,2.850924210533875,44.53691078210557,0
0.34989256046004547,1.545865287973868,40.50967105918759,3.933069743759323,43.18841731620717,0
0.3850823603396449,3.281984672972167,59.83537431897224,4.14016513950093,32.90058710827626,0
0.38677713808084235,4.709209694315086,46.929062991526024,4.126210259495767,44.456228635064434,0
0.7096928523856192,7.646723007244488,146.37619101431298,5.436552530311064,57.44915570605525,1
0.5093057234159657,3.116157460973431,48.449396994365685,4.236226689290391,45.52310657278371,0
0.39505606527583237,3.2464495245419367,80.72730325883357,3.132188541496686,49.267597292329896,0
0.5240505753346579,4.021060535053556,60.26086244058843,3.193820614244592,44.096842045811734,0
0.41160198371400003,2.865092362831085,53.81087621089009,3.4302133182029824,44.903603537429376,0
0.14815416736241568,3.2137489503214285,78.68393073019429,4.034397425791517,51.5844614683926,0
0.4599560150066066,5.162434036465999,65.81630299296272,5.047822379214803,46.49492103551738,0
0.3146159612581391,3.3607091094610753,51.67516831553752,2.941506098016261,52.231627657162605,0
0.34489827432880127,2.5662422140849186,15.840799569711677,3.3687476408160997,49.944188957251804,0
0.5420972531478405,4.223783112492496,33.04083805204742,2.336806284250859,46.15445605529544,0
0.3031451520416687,5.116028434445303,83.29239076031642,3.633267032198571,45.910392083335175,0
0.18110415484421796,4.182210391850397,80.33835197572124,4.026649983325443,35.943855495574645,0
0.5655877136663763,1.7844577548552474,107.17671984128971,4.6362182505120515,54.425430561732824,1
0.47186223705060365,2.460097004379598,73.61285685586833,3.439276825334983,46.01443531036174,0
0.34081096318324317,2.6498756770193532,45.95791216686095,3.3478468377837136,58.43525718820481,0
0.44476091851692606,3.474338519521641,54.503900843738776,3.6055419110225255,47.56531910390015,0
0.35641873793243745,3.080289505422643,64.53550974776792,3.3577458583221453,32.37173746959708,0
0.4335500401864212,4.353447384084079,69.99075440464142,2.398904990156094,44.72157096124298,0
0.5939057571486251,3.196728864599918,53.44206422984568,2.42048491821015,42.81978413622977,0
0.29425693636020384,2.145166977656706,53.07904037106377,2.922695093674355,48.28799389074716,0
0.3531714278804928,3.7739015254442165,57.380986898888374,4.046652867734045,48.201086570956456,0
0.30285214352597745,2.3673648407381083,33.52391173134255,4.191717504417888,48.81997891443555,0
0.19494408700298704,1.9424639514013375,60.193922857521244,3.4303999241077467,50.61690642127999,0
0.26828630106717044,2.5305136971824567,48.08807317319472,2.463158666252462,48.41196928110348,0
0.16948422916881814,1.8910254952784051,52.19819586552805,3.775864051636941,37.638245391101165,0
0.42774108057951177,3.430650102357311,51.75928391736359,4.013181213269259,50.53696118523745,0
0.2704740750474013,2.9349216307384465,51.36978863422925,3.595194155381267,47.37985669014084,0
0.4825902727290232,1.9398995821536855,32.95348005606439,3.05369859170612,54.51079274985851,0
0.26834253036983025,3.2303050191310176,42.00817931052691,2.711537850548967,55.309381402538065,0
0.47847402424487984,1.7678484395780725,63.122875178773825,2.720407740540793,49.896884799639594,0
0.5795839718249278,4.713878546860282,114.8162976605054,5.968134591240034,67.90958455112215,1
0.4371626630681153,4.37239573138513,76.90885704252513,2.810388415382886,51.478933146256246,0
0.9772665882253782,7.1870023071346765,77.13503027942602,5.486481528473158,47.664114177180736,1
0.34828859960599495,2.267460157684683,61.292417963330124,3.1250172280993853,36.883677471654124,0
0.3450984602222315,2.8651573002324238,63.037049160543006,2.6833637244744573,50.51170942422596,0
0.368454602839981,3.8883144379301866,42.73307999028882,3.3053375417414146,53.142443758994084,0
0.2589378133666833,2.592136397400828,48.337478835980995,4.118358292797787,48.527492584268956,0
0.7670813172154499,5.33492190121968,80.32434687687075,6.459936061354367,69.80037524019316,1
0.3603570835316761,3.8174027261225376,40.75736230407145,2.772605526821396,50.61621833859757,0
0.2961828095858716,3.288199712102996,62.70702580105957,2.1387760984061024,38.25022081587559,0
0.36396084961023023,1.5,33.83859273221307,3.412783934686344,32.913065111616305,0
0.4038362285175695,5.737831644744134,124.68427324174885,5.929479549808799,50.70650045810893,1
0.29057647951586413,2.7957054904532086,72.8460063214983,3.2010086400415294,41.77429637935318,0
0.39186684887773365,2.9822133017239745,54.22349686108267,3.520093453053115,40.315551026566446,0
0.20009904266963563,4.144199050548072,52.704164799326094,2.776561635040663,46.19730655991047,0
0.5148922251213844,4.615656773454239,63.32034411586794,2.3727739637501517,43.0419130256968,0
0.8427144087020583,4.826926787246926,115.33697826734758,5.169146136378025,58.24593474482777,1
0.3997203198451948,3.3901286212140684,43.98491433889202,2.722843873174429,46.05186223369539,0
0.5122535773401324,3.9639173725982593,129.90111793756085,4.34493517444669,47.036839670515434,1
0.40588037227470897,2.951984721760545,42.64969788074713,3.127581270684985,54.72347502272475,0
0.8955309422307207,4.3563276321429285,102.04845253594667,4.372738988958301,67.28793296863597,1
0.3904309545703413,3.6198385896030865,49.23669965650696,2.991357793139825,42.33477774781397,0
0.3723948271801247,5.758159838243596,52.93179433295706,3.4495324231721907,48.57190729409965,0
0.4542659125884388,3.0103145608290496,50.50307336432387,3.5363319622592657,51.52087927678651,0
0.35218304090503855,3.9467594628519476,51.868784519256174,4.109344102046196,41.4471908828659,0
0.33218305789045527,3.982340635597138,66.93313563683866,3.3450198688258577,60.03431797349576,0
0.959164150745144,6.800277875908695,96.76698394784265,4.038874168430432,72.27689145570591,1
0.744828698566862,8.143436526626674,88.78553160528367,4.826270194036621,63.82583606504848,1
0.5532591110369603,1.5,65.93500961180615,3.302803086407294,49.093193710224156,0
0.33202738239626134,8.537277526577153,98.52185580754846,4.764328677144719,44.60914167266458,1
0.44756974821927703,2.3184060230676433,62.11767436652765,3.8341985288451492,54.99687968789486,0
0.2547840600342963,3.024590889212872,52.08501146049873,3.481548641384538,45.41262840197235,0
0.6995573886164448,4.560329325193197,49.52329084209282,3.5969453454159903,47.03306329535541,0
0.3599250173084712,2.6554027963998617,55.240202826202065,3.5654438877440393,41.359205243084254,0
0.36141779280427877,2.6946184639294564,69.36562507032585,2.7699751351332806,41.241831104009506,0
0.343536301069302,2.6114134857923244,25.872301062458128,3.2537397259624936,46.891830306776036,0
0.27974120145489806,4.405933502444944,91.77673645473732,2.995418863544034,50.91752475623629,0
0.8200569195952107,5.722420643521781,116.99860714456533,6.303538312613469,68.85561744209383,1
0.2635890844078599,4.369502884523043,34.51066930405006,2.345138447413172,46.78709472709971,0
0.3569650290256431,3.470780905046387,39.14381937608596,3.6902526266590296,46.052523689889995,0
0.6454757038154335,6.558353375260908,85.56294069578506,6.1076916869780655,60.05098629288033,1
0.372844976000931,4.584344512415287,41.7572856282892,4.781236044058046,49.357817477826785,0
0.34519980345224116,3.787849185493827,54.53617385930698,3.5588536666413466,50.338119891194836,0
0.5992336903068378,6.31028073044484,106.48179353053845,4.7094480693405245,71.79718988979559,1
0.45869872580044835,7.880520202122613,101.90061016009757,6.066969152399708,60.54423916704426,1
0.7722902359993796,3.456494757663023,130.23360276524997,6.045607297660191,65.70333845548076,1
0.44018345359832745,2.573731114779641,37.72758069377433,3.6332792001287406,53.42768020997945,0
0.26597148109189395,2.4856146510127317,51.924476691169296,4.095529421536733,59.588175571588316,0
0.41338135908983364,3.2213658565561496,41.591103474592714,3.8428625463257533,47.89343318709691,0
0.2744629471543945,1.6273608560331179,57.17123891996525,3.408760140128329,46.2355124437002,0
0.3486627526979168,2.804264774399585,76.10660897814105,2.650708764590911,46.838020493658526,0
0.6613672034055041,2.9026195944001163,75.16391707855507,5.60055393878451,79.06352538962116,1
0.4952046814681134,3.08175288712977,42.8798720659111,3.1760377229467784,47.53312395645703,0
0.44459850834830716,3.088790865669965,60.42425962941072,3.6120199516162237,41.78531995536078,0
0.458949816962507,3.4200717734137402,47.843295402598756,3.448119529881833,47.902052569868225,0
0.33440796275805557,2.457840120734083,48.58564676724046,3.7298084917306107,50.898926706064636,0
0.4178052035116101,4.706889940264384,130.1360802994021,4.57344370253345,66.89674065487313,1
0.21750712401928654,2.797663392693854,47.66089795834694,3.5660913722153382,53.400688923616904,0
0.5670872034271148,3.2079776164028817,47.44750561267303,2.99857834009407,52.85206661646852,0
0.7409122379975112,7.637093869643136,121.49023811892414,6.074847763713657,54.66720359234219,1
0.2289696681425907,4.533960651691796,72.21871689340298,3.1500277800855314,42.883988619414424,0
0.5572227763349583,3.8213428307089297,41.835219533577316,3.941188777105549,45.96327611630886,0
0.36951856342846723,4.4095233203419735,56.36753294604695,3.118963201943055,48.339110437213336,0
0.46651684264650134,3.4029141988385363,47.41846392487489,3.909552742784286,48.91346217969264,0
0.712455311740718,4.053573358719841,61.99635890036908,3.624250830316761,65.12188247417436,1
0.37395716471767904,2.876992152886187,57.115324428738234,2.932717702914525,38.67227250213785,0
0.6866135922883685,7.08971692322769,77.71823893361329,6.137188285960808,64.75884239983695,1
0.440976300509563,3.8009032152839906,48.38701830614823,3.2961002786005356,62.58893117112517,0
0.41563892818993586,3.087360199472098,68.06755632861984,2.7085778943971146,37.49338910160632,0
0.3679292400206798,4.571347110572608,44.64794866895403,3.240781976130776,33.929966562742784,0
0.38154792911608554,2.1596204371830217,53.160355415941844,3.4422829698930872,55.41877804375443,0
0.2011307062510832,1.9956826674138153,67.53411451925527,4.082597170962014,49.19820570989513,0
1.0050050756869646,5.402427175686924,126.29098925142777,5.560349436082362,68.47256931894256,1
0.4712033178172658,2.9907590150396586,69.19269832860891,4.361325856819584,44.0754834641561,0
0.24861979712030952,3.5610450824973796,68.57169313367525,3.6073018296941934,48.52252353651536,0
0.2834032396378374,3.2500715853692985,50.85562466554316,3.9044472201543816,55.67962977573309,0
0.6014287660126356,3.227259538620433,64.21844625290048,5.459980224559315,62.20560271625127,1
0.7064602090232749,4.796981925443219,150.36073995165128,4.076138314012577,54.72734546244689,1
0.3406181643118128,3.6496965131512935,41.37044695732122,2.6972235130059805,44.74614521600191,0
0.8929370765167707,6.452228382608253,118.77938386209135,7.006011989938981,54.05715463411803,1
0.40814975351146454,3.105444999010231,50.397666481338455,3.005246919410025,58.03160728832655,0
0.8083816247888808,8.987752268689775,139.87458104625316,5.773472538196313,55.41339157744586,1
0.5233921574588896,4.515891844900622,54.6084757298931,4.038287005975304,36.99145460551941,0
0.6742040951849307,4.512156218887853,105.05733854830524,3.8054904453302782,57.22676817564522,1
0.4277866007900443,3.5936690490884047,40.92581373659104,2.649352455958628,45.82835178847737,0
0.5194385916884295,2.3849163826453252,61.11106436558731,2.794984377194476,40.3552331062146,0
0.5145480643765786,5.629411863085039,167.35707024583078,5.205952442823592,60.796891586156825,1
0.35855221252682346,3.9802393537695346,25.654407759816568,3.3661833392686478,45.35486271478232,0
0.1891526309750024,3.286076313446878,31.751378621164555,3.8414497178563716,49.65240615636649,0
0.3925122968834758,3.1591152800564144,33.1496078264564,3.7427243620902693,45.85853522706967,0
0.36714317949506237,3.240932386302072,52.09046323211496,4.5501560749001975,52.9626978272603,0
0.48203003550448975,2.5618249980772134,45.57289022460426,3.6075234205677718,35.991429101969025,0
0.6663988928625451,3.3176850856229123,41.45699018059419,4.056642570549545,48.85441299812156,0
0.30167404171987405,3.371032691414903,35.209337940895225,4.015836576461191,43.52061810163453,0
0.4049879078226213,2.904183735459533,58.84737672622021,2.8512690443433826,41.979455844249735,0
0.7278908197581487,6.656763682525697,117.02230298927438,6.271449509695707,67.68204833808826,1
0.3600433364246893,5.0516090860591865,85.44892514182021,5.017409900804863,65.38948681498434,1
0.2957955168853526,2.459696294023888,58.53710634466364,2.5281421413581384,34.74336925338366,0
0.43167000737085537,3.908509741770067,52.791065431032195,2.8323818872960955,45.244852654917835,0
0.27630520940155257,3.61915904469752,67.36222478321802,4.767922945449746,46.539901472897775,0
0.6988271399525472,7.426374630621846,121.93288310953946,5.811125519199465,62.375129162694805,1
0.22301499575951347,2.717916975168386,59.932272010510964,2.376304140775498,41.610172870939394,0
0.26232723475813413,2.3604794028694807,50.03556423975012,2.9092299548369147,42.65640466968727,0
0.6737078639709376,4.3244384829144416,131.46689850908842,6.572997385720154,63.38190063670636,1
0.42522891098175597,2.1827378597523017,62.17349061435501,2.277939417985432,35.10742582391348,0
0.45431672964809267,4.274179306455253,48.27140661679323,3.076182528840705,34.453232177027466,0
0.34270636165093815,5.1825021804559395,37.36669954336379,3.4988941784235843,43.517129244565034,0
0.4937190385538874,1.5,59.96609120970202,3.9354019222785483,45.64984383714082,0
0.4273903103308671,4.114426666824496,69.42076037247462,2.961983867324163,55.13959077702016,0
0.2384401815409988,3.1175075799025636,52.21506309569948,4.887480744835201,46.32697346292785,0
0.1925607851128587,5.127335691683193,54.96514079683126,3.306126818244852,48.13471426746664,0
0.38045461709203526,3.6790611752978033,41.6075354176029,3.8711748716451284,58.022835373055074,0
0.24581366806743263,2.3015210726046824,58.84722347625832,3.1841504690874394,47.92713005333463,0
0.3470808825726218,2.5531634560132233,52.83838443858921,2.958441010365712,44.808118493057485,0
0.5130191025267915,2.8921247394281377,43.5408585693155,3.370380034939108,48.235018539243,0
0.45858361308937245,3.3611729740472627,59.39870564259627,3.3945244039164226,52.258653537295345,0
0.23148909700609369,3.962450520364537,56.67832696911322,4.130404768844315,35.55290545299214,0
0.5975666800429023,9.372504925328466,79.3885690486938,4.654791072200228,61.354955721584794,1
0.4516694682708355,3.3049867585126176,50.94510582294108,3.8134340901842863,52.100405843435034,0
0.801357298713767,5.2478419157680545,85.0208114711705,4.153978811821252,61.92829476658101,1
0.8840391243331955,6.64248364133656,90.22991884737621,6.909032716430283,80.61442502127085,1
0.36966160239369167,1.5,49.89829436819473,3.6761654272964286,43.894768123808035,0
0.522214784341979,7.923851791945921,162.91420595839458,4.782105940040905,67.78813585414953,1
0.6336952125053807,6.577971390563432,108.56272453185585,4.84923909341388,65.07122910756813,1
0.42454805508171445,2.505325284497423,60.50286025817154,3.570805639179039,46.54720289066965,0
0.26643632784896676,3.2413545436733777,32.42353021138007,2.6204130124029534,40.730721567088686,0
0.38511644872362155,4.073456481441378,67.88844505585138,3.729182843100164,49.94415986663463,0
0.5320041450818993,7.146197737844458,117.09504459767295,4.949758335980384,64.88319334299197,1
0.8977735956925453,6.089417412338223,108.48641013162106,5.2893796863583695,68.33404721336066,1
0.3838073061603781,5.308607530943153,70.34739603562556,4.501533398518131,46.40565279266924,0
0.4114408753562797,2.1080560127308003,75.08120777525082,4.067800123627906,40.42828710187091,0
0.5010407748766945,3.9265867156524754,49.70880684948524,4.574276869382851,48.176588956239435,0
0.3752553051395002,3.687647330822986,69.79785911579604,3.6389139467733855,51.31041127987042,0
0.36182052329753195,3.5019064098984978,45.980495480243185,2.4545219176481288,45.33897873238889,0
0.41510043174259315,4.430019629327445,50.163571427631474,3.263505292147896,48.472019317570314,0
0.6431300235576337,6.334560150679966,82.34993597977763,5.3512586805441895,69.91601783790743,1
0.4092081514028119,3.7529856276487688,44.884031551274354,3.883610636864047,39.19937870115214,0
0.8588748225641192,5.882733934574863,162.73268388374314,7.038500528542947,69.72762934668641,1
0.6481485341451044,3.6515645993207557,71.71038271961723,4.208275440931088,60.677884461006066,1
0.5812087571197568,7.518235687589126,51.84312023331883,4.758567280562387,69.79361593214875,1
0.4546376346540031,3.9473477132282895,60.30088257497088,4.431033377367322,48.37644986661669,0
0.4531923619870065,2.902329795936417,58.30937694311008,3.414635841917703,51.65938163236226,0
0.3211218876706364,2.704579004018794,36.59128140134246,3.723551548154849,50.756230790434046,0
0.3755623374812586,3.2844413013981106,55.04099060810215,3.0531694476777793,48.640638952679915,0
0.19877540710478175,2.0901235888269327,39.826655868528825,3.566536269732898,53.24836900052834,0
0.3323444077714677,3.7633058132661685,39.24370405894899,2.5872516145168003,45.50796411623186,0
0.43182499227399224,3.982271988246082,68.81374657712594,4.182755504475984,56.88852576369288,0
0.3589565242630224,3.134298361094552,61.73239356423291,3.2505494434977895,51.77934003798203,0
0.37297423563630583,2.3441036021186044,60.50787879128835,3.07654738349691,44.04598625933095,0
0.43485913851766955,3.504185716211463,37.61927952238193,2.353479923569588,40.04905085780017,0
0.27491573402982106,2.876897169808012,49.5405130261127,2.2763115783272365,48.18853177114978,0
0.7664802098444468,4.6075975230122,84.8897373393767,6.9202938608555185,69.67463120206916,1
0.6683562665782462,6.150519548066952,67.88372816497952,5.304263127104549,56.65427859401372,1
0.41748705488023163,2.715354930658502,74.93155664873001,2.781665557646111,53.84579624508768,0
0.09766757149755728,2.427163743064357,49.62255030813348,3.4010477880701973,45.34568945280574,0
0.5400029269330653,5.860163692327191,100.90707979694379,3.3236858183309064,66.83903579401728,1
0.2175456401469695,2.5481577400367668,68.23338696793087,2.9299438671755422,39.70613028896683,0
0.5016592706898028,4.967578477444715,48.74918126004119,2.7133578783139365,39.72245058388174,0
0.43788222199362853,3.2608080875715966,53.69110061229733,3.4115526722059215,41.41046856515544,0
0.5257451247319794,2.2103037802274024,58.69715841416897,2.8810243035499523,45.299704879986024,0
0.3655804684243501,2.493199359488155,41.039306750857286,3.7920517066716104,33.84260905609157,0
0.3004440745465077,3.482892386065223,45.489655920483756,3.1384237131709125,49.47789899061642,0
0.4161204770114692,3.840670646596282,42.45147916805965,4.122345557233978,42.144148801198966,0
0.49538481529975864,3.8600657754525383,55.03018379750909,3.6296198524801624,51.11701878902945,0
0.3105002742008941,4.779632683828398,46.14729086252538,3.2376561249106794,35.92803068687644,0
0.5172744983565375,2.124615864491153,57.48887782481401,3.6165692286092077,56.9334293603775,0
0.24617359131816546,3.4136530235138123,56.69954528574284,2.758121920115981,44.55065713029635,0
0.2383835160598566,2.3300372777574627,51.02583527137421,3.294227224207302,42.73323465991457,0
0.49035264565795256,2.9759924784210794,51.159546945499464,2.5024090175366585,44.93382988031998,0
0.28955249809806477,3.4610025405346625,56.5795517371501,3.7279979961099454,49.5472449708208,0
0.7132435304976195,6.754071272551341,114.65107152319104,3.312029438300627,71.59409120064605,1
0.31835063092261895,4.415243998578391,64.58367113258367,4.033849673201713,44.78489722658866,0
0.3522388462517068,3.7198435350745562,52.680999918018,2.7508465308114047,51.248164300195484,0
0.26502109404616786,3.4269858439459253,29.117261358310593,2.9849010549599084,53.69895463812557,0
0.5807366919587826,3.6222021907747135,73.0068957322595,3.79629113441607,45.16751591498963,0
0.5289575665745408,4.410953285717485,123.13700358899258,5.936142824772164,64.17416661131585,1
0.7262194035876116,7.700219189803005,108.88676090369913,5.513969516279735,72.05795489507967,1
0.5651944830491825,3.95500753527917,48.19979491795252,2.147150098211503,44.78492478794309,0
0.2589272609342204,2.6653279119636064,62.7055395542142,3.2643849909524643,40.86277268682294,0
0.8950616583869968,5.662826918747301,120.28566394446659,5.7162433891147915,56.41455443276961,1
0.7451004365629358,5.464169404652909,141.70941593329047,5.871464301189961,72.24549381339708,1
0.752173862300851,5.997093821711632,137.1477588601124,4.615619843138483,83.89473105278955,1
0.3462208459831966,2.7520341826691777,34.94518737664491,3.7972462820174933,52.98725779026121,0
0.4496763695130084,3.33123546042791,64.77404585741799,3.826602951481855,58.49127618041224,0
0.5603098164430741,6.209316047834481,118.45072170222933,5.527982111550285,64.22068417925087,1
0.834636026221647,6.902010290633028,96.49116694831169,5.280395567773235,66.62252362410646,1
0.8294883857651162,4.982869239138958,108.68206443379839,5.278760382365874,74.6791080517131,1
0.3408623355723318,7.18212492700254,129.18469956613,6.377579768469733,62.937293022119015,1
0.5718964802318507,5.978158208130461,121.45448463283945,4.598677791675269,59.42142499730397,1
0.35402568990442157,2.8703232407330623,56.7486571303078,3.182190997379119,39.57246388483163,0
0.6852491531929735,8.138030971725206,96.30854653566651,5.277393198070999,74.57120975157667,1
0.26686453349646033,3.1509097686382654,61.862889587985244,2.4685918927844672,42.105307185784184,0
0.7269879166609352,4.287599389451022,129.21515214319595,5.677108380086366,59.892203018352745,1
0.2660780871891607,2.266887412328992,57.954163387905226,3.8221112581324252,55.249480744849876,0
0.5604186238320212,6.737710444088888,114.00734494395148,5.541714165662049,69.14541616256015,1
0.45705820602120323,8.227483265818433,124.63349097345561,5.901385337989049,57.635908966209136,1
0.5642093672208364,4.156641342609151,98.98489140721513,4.532348340582623,69.5890319972322,1
0.6600815702123065,6.3846314392579835,89.47470394234996,5.687006250044548,62.96973855212627,1
0.8216380827347872,4.908807000719081,103.34033810502658,6.633010210002625,67.14782248188044,1
0.5384893857804689,4.036224978351394,44.82517833070236,3.397763201208581,41.496567341739386,0
0.6233680410732486,5.169926680953181,83.7134632195833,5.053859788631679,64.22927660150205,1
0.16673721102961223,2.951733662425111,48.348247465441986,3.7028702574912944,46.842702923999454,0
0.7094508513231237,6.445054630168817,85.1448175802152,5.513043301854154,74.25155643840544,1
0.5414890004931827,3.652823949953921,66.58409550776875,2.171514704371412,35.79210955911901,0
0.4491675922971333,3.416804090215659,67.41028114920125,4.0903508661958154,37.18154598908371,0
0.5551387355897699,8.421538100150286,80.77225079960033,4.921876125413579,63.842439430308595,1
0.6242767154458697,5.137945568371778,99.43338198427097,4.577889324122046,69.33885012789709,1
0.33911116337557357,3.277235160991543,55.97173695219987,2.9250041761707806,49.44609755514861,0
0.46786375169051064,3.685405019897321,112.27579230240947,3.1949565374160507,54.6814841666552,1
0.25186890938928563,3.338143105826513,60.5773463452063,4.315071465929361,56.33827258582524,0
0.45684229799086556,4.009750007338699,41.28749848163549,3.295598901348664,35.58753904500854,0
0.7477421254792859,6.795410071295092,87.37692588852246,5.824466418188567,66.27852490025344,1
0.41260213221284303,5.532140692036593,77.27459880874342,3.4577854489643776,37.81160209961584,0
0.2228303022351094,3.3686761297641414,58.642650834285156,3.4145334735117774,46.32409264692854,0
0.9713679991756291,7.392318390906448,100.30141161622218,6.507588111028582,68.99941653007505,1
0.4648686585738111,3.13057766548179,84.5377169682898,3.3354982928014794,48.06343216341694,0
0.4203184547960953,3.563768987940225,63.64056892596778,4.608634139921174,40.931642906059494,0
0.7157417867825284,7.159127164264721,122.77340917056483,5.117884891327687,50.568831011744194,1
0.5866217045192442,3.9003409928252877,62.77401607714681,3.7865367547257116,43.8955537579369,0
0.9791223458100016,5.6240351768105326,57.64203871023214,4.118348446923913,71.12854425610259,1
0.3352213940014642,2.898486952482405,72.55020799143973,3.5702554026114823,56.347020894932044,0
0.40310526025947857,6.860073147939799,142.39771783336985,5.5982286270380195,53.69211363985772,1
0.5305663095093919,3.672125963794954,67.16906949651718,3.9788759418188935,43.43784001347296,0
0.7937900473078225,6.640423448096495,126.83841914646378,5.300821803550776,53.87606755119896,1
0.24313735332530437,3.6822160078851787,68.75427253197836,3.6258730955261123,35.173585463320805,0
0.7556570316452699,7.349373948703663,105.73138093208061,4.954448369755922,55.284169309317946,1
0.5493224121198748,9.200068882585642,84.66033388628486,5.412217597812186,69.52262577616224,1
0.30563809637504946,4.268135062343755,54.96090013832642,3.7163095243791555,52.294492217009584,0
0.5886826392184443,5.9978804292372745,112.56973567940179,5.744080729877711,62.890926648370574,1
0.4332898783173264,4.753887245860736,55.00106837156366,4.356209397684484,49.375311171444075,0
0.7094940905926803,1.568270541318462,95.6831251658036,4.024055020616123,77.16315468697086,1
0.5499035595414049,5.274012668358712,124.86507848857744,4.660879020917638,49.22209261864365,1
0.4975318711587942,4.902934613318065,65.36557617294926,2.9201058570902805,47.37404440626864,0
0.41757111060345603,3.077802729755445,72.63704725582019,4.020657631736223,41.293386941951425,0
0.5489331591195591,2.957610515116189,69.7394938831975,2.5511804228744053,47.23353873949137,0
0.38468941268815215,1.8572999266244052,60.91876209499325,3.6049146376965084,46.24878774870897,0
0.4496143706068037,3.6414230277004007,36.943111139094384,2.971641124800645,54.30797414795727,0
0.42295004252592705,3.8100155162739777,48.445690586233376,3.492701949476664,61.35238853188371,0
0.7291021153108894,6.767815276931093,72.95398305549237,6.531901430643313,51.61759481245345,1
0.5864529072409838,2.048538809732465,40.78363038243934,3.2376513399182687,49.80108084330952,0
0.2616870485242683,2.778342029091397,64.48099254934857,3.0901021492547027,36.623619957164806,0
0.6122262018565248,7.081651372692626,72.8083434599297,4.780553141766963,51.154838088582316,1
0.47300314193300397,3.617177441109036,59.77758012409988,2.6395138461363317,49.7600114296197,0
0.9620713312856995,8.147198827103024,109.76984086046353,6.46359570685027,67.76321032842596,1
0.5961064210240574,3.2752497267432314,111.67494594913722,4.646159294569419,59.08591609890995,1
0.38749110597814906,3.7088729751658254,50.3016778761795,2.4774784896951036,48.28622420233277,0
0.8349270894869978,6.388593393956062,83.04525249028052,5.77991612531701,66.57085474662973,1
0.4761705446810971,2.652731793633353,42.8781079154643,3.501888945247658,43.76408287923687,0
0.4559100556692935,4.281516228636463,64.51565061974071,2.7886835397599725,51.36134212814993,0
0.2522996847974587,3.457150662751084,64.53660438767973,3.996981516496281,47.01764776557978,0
0.5515432232650095,2.141962522627008,96.56447651433783,5.704398668941623,60.36207889950104,1
0.29265521041312614,3.484445391288217,66.21177375681165,4.277390279972295,50.800304023141976,0
0.34494596003655154,3.549031815844396,56.1134783516925,3.0546909872346557,36.29933947681444,0
0.21521562470698488,2.586251601482482,60.26307310647566,3.709820464153105,38.062866316645646,0
0.5418641170292473,2.638263064415701,53.06751663044696,3.040095355004022,56.67436124713829,0
0.5218922668480065,2.0196522613710424,60.20684983671526,3.7362956230590143,38.4255456249802,0
0.4528932567424032,1.7263337734648285,68.82804429909163,4.432303128763366,44.752631549130356,0
0.6439045821316189,6.463464499383006,158.72057409790375,6.809590178933883,69.24916228960362,1
0.6451938418377685,4.17605321402554,78.4029253066839,5.771683837314079,61.82578985201757,1
0.2054191869121934,3.434535690665558,67.44561926410343,2.7717121802264306,52.514240459830205,0
0.4049464650720049,1.6387090128358581,51.78275568370729,4.321391548518262,34.637795535285775,0
0.9218941348602894,6.647228301175617,79.34134420750887,4.440832708904694,51.882087287214006,1
0.329611001816506,3.3864514252056983,58.68404348350594,3.516037290616987,43.08900812982268,0
0.37755274256658683,2.5745392743435915,30.41150643771764,3.6170126292033156,56.51571954723657,0
0.6654716633970872,4.97359896715425,140.65314694199404,5.512500384278433,57.83506364852599,1
0.6034540181256354,2.0695083978282014,48.98704636470961,3.0247903500635744,54.21039605230242,0
0.31968199083484794,3.516828641210538,62.93165276760189,2.8261196003177367,39.588732418530164,0
0.4560168822453565,3.2060300629778937,59.14643949994894,2.6970327313996663,40.98416233789949,0
0.17526869470438883,3.173744591033461,57.876090923155594,2.58192732471225,54.43414973683767,0
0.3878094186967443,4.281149430321595,53.25382084627341,3.5242120769678906,50.26926207354266,0
0.7822075977964627,4.368629645919854,109.24192107844895,7.142687361571744,55.558178807085845,1
0.3716651375894193,3.208907797785674,43.029011076282075,3.169050887652468,42.418413587193214,0
0.43425945732230087,2.8863464225334665,50.63002755598711,3.221505371080487,51.43465545233151,0
0.4289436268799084,3.4060524679658677,50.865793135602004,3.2867374869240495,51.52739156463322,0
0.4336790507885046,3.5925402670676694,68.05592520366125,3.3523420254206755,51.93561180052177,0
0.23680422888451388,3.8151740243068746,40.472978018321754,2.846877967381949,41.12728727585755,0
0.8930359919207449,8.690496353345157,146.17212013778965,4.928043089655173,64.53731986165397,1
0.20537578938955686,3.2192329751436035,62.084458528665664,4.06385608358111,46.56818888229758,0
0.7315615928558734,4.760576906000287,95.34787169788635,5.537542991523633,72.8912110766696,1
0.6683546790678918,7.761227024703049,125.7682954294391,4.130164772478595,67.25062393018048,1
0.15982996811174532,3.409116490209339,55.00789849867608,3.514014959608963,51.20999690398139,0
0.854985089263397,4.107152065223643,94.79069765731393,5.322853453990631,68.94808973151683,1
0.5081838289101894,3.311748533107896,56.85763707969591,3.3486301366513174,41.04152234268159,0
0.429095436229737,3.264213991714643,62.86391169495014,3.524268058068896,36.404573283810024,0
0.44372101684530263,2.2796774830078794,53.17029700790096,3.0809615222267994,40.90679193908253,0
0.5676918208722144,6.165047258492518,82.76518306204431,4.313149126419256,55.42493911881042,1
0.5025025677415429,2.5245970072099713,60.092213310616245,2.6681483481756656,44.65780550070016,0
0.48300404587161117,5.228473685953872,51.266206834247726,2.9223637109049307,56.946056710600374,0
0.83423625373156,5.401904220598426,111.17298891295127,6.212398605144181,56.822023744442866,1
0.6687895760330238,6.887929375742741,84.86066500968383,6.973506576518347,80.9910958534764,1
0.2994791273803714,4.339258892290646,49.24490817941792,3.819558703575114,43.33386439695282,0
0.398803220824113,2.7613043387157,55.689109297356225,4.082310036343579,43.412572495690455,0
0.7079433318848599,5.286869189069634,112.97014963101894,4.9328846789061975,65.77536675016638,1
0.3202154941274102,3.817812598626812,57.27461015096998,4.37608052950381,48.97236769020725,0
0.394558115704294,2.5827381120469144,52.063033914360744,3.0871829669910342,50.35499316263022,0
0.40463641712107923,3.0412759811497474,45.926684294467,2.6429565456713853,50.32757995007771,0
0.36929847417451617,4.907058673759175,73.0950330068184,4.334582046410043,47.17196899019562,0
0.35148698147534085,5.0535838986910315,30.726692543505333,3.4095455709797706,43.13630340477939,0
0.7387765037089981,9.561964772758778,90.57883029439003,4.984491573526983,51.63898440241755,1
0.7470715070395343,9.0134204566675,105.03820094217488,5.929978133800337,65.79793420402477,1
0.2909565049217957,1.7394698370933037,36.24422978033101,3.2208596726073573,52.13381409215396,0
0.6516019938709494,3.381807449018659,161.71349664669123,5.9903698104373095,60.75893289602769,1
0.35304332836902275,3.363530617875604,60.49481116609491,2.956357647979292,55.83968135694728,0
0.2947750804863804,3.483599514999643,43.86249806130627,3.6471035643435523,42.23168042083109,0
0.31982948070705053,2.9807126948800646,51.3849859249453,4.885306673977315,52.42223730541426,0
0.2754975739598361,3.533650213112893,51.49609286287988,4.640657503908343,35.87334779272404,0
0.6642349412424875,4.994885880708811,137.79792374373613,6.104327959887568,69.55212188114007,1
0.677899637720915,7.320560575842068,128.65765959153902,6.4193987533650265,56.64926309760145,1
0.596302415512025,5.634217720792484,111.2702303868247,4.148910070283052,61.08826445091249,1
0.8334813439871966,6.247404550573858,76.71467546597646,4.422494182779394,56.934528826220685,1
0.6946350296515158,4.985250506301494,137.22999359374253,5.928788994684991,66.21597041943629,1
0.2908022161810553,4.202697210405653,45.81203563867233,3.399119863876715,50.624763658850874,0
0.43252822709934746,3.341964158514616,50.407453208524544,3.9471224373061538,38.7717832325027,0
0.6585095145516395,4.435381567329946,61.648434636574294,3.3235270108973403,42.13094015405363,0
0.2041651614785389,2.726266695614562,34.40442512150666,4.029894286919487,48.445311161069824,0
0.36134549902529806,4.777737158268328,61.435151361054274,3.238904784526483,58.68215632721203,0
0.2636874580870393,4.407232612091726,38.16764045644348,3.5356991895167638,37.809826681660574,0
0.27939660938399136,3.7433323964803846,51.39129241379496,3.082740545557968,52.79248006391458,0
0.8432304223147912,5.981565415181446,115.06082972788795,8.614258555383989,59.30692220916837,1
0.32665113033121035,2.416224924945914,60.47431164897169,3.2009290866400124,34.1485919413949,0
0.392143529817344,3.568588112557559,49.971163514250904,3.292545423479579,34.195900678214294,0
0.29044130198152757,3.805659976414715,73.7269032422575,3.8502233441684943,42.97684722709412,0
0.35069632172882403,1.5,55.756908082059425,4.538260569337376,34.07463620327391,0
0.3283855051450777,6.854464362979577,133.42396907145803,6.0168224111487065,69.78023265509229,1
0.3561051225959456,5.581493471489848,49.71904393899401,3.6179853278011938,46.697584824226375,0
0.4864497925457421,3.4882822432379768,68.10468430151568,3.8920801945067662,47.8408296106249,0
0.5020086792641345,3.1547825660677975,65.6326162319283,4.088405453644817,39.382237001661615,0
0.5561228687935483,6.793121708525038,110.36347528198475,5.09172357274518,64.01628345395868,1
0.20826767855922315,4.930830501970907,51.28923131259419,3.072944893380532,53.18541798677142,0
0.772833797432394,4.518406284231277,134.1779349414703,5.723463155057697,62.89079978985218,1
0.6367671167339966,8.511141817294586,93.0269139975591,3.8350802096902985,65.10562900194189,1
0.4998139246381872,1.5,53.93881748269266,3.423856575565779,41.33888734539789,0
0.2284189795467347,1.8210777271300798,78.34566947037479,2.8482962606589632,38.35212536613625,0
0.435617030058717,4.544090176311833,93.82684623586022,5.497636630177671,74.05638885624936,1
0.6058698344558989,4.533837819007653,164.66071450589126,5.266567091340571,63.0814262085777,1
0.479020302042196,4.38510583067276,77.62668284276933,3.450730129848669,47.72327998677728,0
0.38069729685984954,2.454393532332517,49.4025357442468,4.2399974715440685,52.68727894528532,0
0.5116751953439005,4.555089089628712,123.78760091586358,5.940867348744669,59.46297299600498,1
0.145474909119556,3.2270035591055746,51.873854149603375,4.241119376579935,41.64370474975192,0
0.3595447655095346,2.8184734911224627,64.36663827187331,3.742130106426612,56.248081763537236,0
0.8627767621614091,4.31279774818225,90.66279546330449,5.083774249415147,73.50428264054969,1
0.43440123208551384,3.262122553527252,77.21301059808184,3.366317112754195,48.584602475681365,0
0.6774383618007325,3.8600328734431857,53.66837462403729,3.6449522971281945,50.90042304490194,0
0.43952447718849846,2.1044443150832013,87.73396851841805,4.019563807631127,49.59202557923186,0
0.34376693088460364,3.234671747423505,58.59358628624798,3.625408553513699,43.48091083062429,0
0.4219398529089073,4.274108748991722,67.46017605099195,3.338967686110698,57.99804275261117,0
0.34308318950694894,3.2154973561334708,70.59974023453086,2.713236533770683,48.633887172802154,0
0.34474055838286977,2.5996431441499204,52.203098090571686,3.908711113894255,44.27318624830988,0
0.7365396837470732,6.217960199178708,124.75693434176186,5.332008445963318,65.5875407599446,1
0.7166361848238795,4.252990265984485,124.2697500030995,4.393588521857881,61.12192951285382,1
0.24922318310426345,3.2122470939749186,69.27189578264078,4.166298002412871,40.299695043745714,0
0.5040820743084233,4.045144440702487,31.34527127146759,4.558056720096051,45.36359939596681,0
0.22620793742212641,2.4495993441579658,43.558630119275094,3.549365808556395,53.37352669142221,0
0.3399117922509093,3.648445601204726,79.21732668106938,3.3799359322782734,55.10048059993571,0
0.3242184191528934,3.7443504430142234,75.85050919584512,2.8830393272921127,43.947979289630304,0
0.3087794628672529,4.622613626185359,55.51131068512043,3.7982807769947,53.91420679699667,0
0.333744082221942,2.9390605643228196,81.22031013493987,2.908959707276973,41.64011896420392,0
0.17559330716762112,2.944100585117413,51.332237405843586,3.197640723585525,51.95262593749063,0
0.6153590371103342,4.975988485740294,116.4195001547668,4.5597386339984665,65.5624489597194,1
0.790236346231322,5.288711021161797,126.77419100139501,6.080249106702687,72.93055857648255,1
0.3696583308506329,4.048648306886742,40.62030309900153,3.592050483265453,41.76357557270604,0
0.5638233351419573,2.2509047940848586,36.70206420059294,3.1482307115985964,44.23411975398023,0
0.39251795218743263,3.5263378779160357,48.87561813931545,3.5632597312142034,53.746842309208894,0
0.8369697007157502,6.7708856998456834,118.59972150110039,6.474939473269246,56.26815842051986,1
0.3061745694863761,2.47690045788547,64.4851625762108,3.7435651373039445,34.16857813689404,0
0.48189887155302025,5.533190551434491,123.66304549093996,6.89546836255287,62.69205090352112,1
0.2992173466869569,4.752821484937407,40.36273038548256,3.3578704208359405,42.428454478547245,0
0.4250726341585619,3.5013517424935836,49.446815383999215,2.5386241152996862,46.05160282637509,0
0.3953916743243025,3.8097678096577274,51.69553204291407,3.9559875544870025,37.933057830840845,0
0.2898270678352072,3.5208194537151747,56.43552419047377,3.519861600793476,47.63631567162298,0
0.9381549903315638,7.087988674616368,135.28493600723624,5.181388028368525,74.50405938286599,1
0.36572901764926463,3.9314089247464215,46.50835082680844,3.480108028234727,53.99597021104287,0
0.44400354832377864,4.113658454370234,26.945181986224327,2.740239827272055,41.94582663388276,0
0.5261326691870905,3.097571741244607,54.2426117040427,3.2193452068973856,51.947938494978224,0
0.2784824913915206,2.0263499038657375,42.641966243812234,3.3293108173056107,48.08510103483345,0
0.18380277573143983,3.4132524496987493,60.62843064095307,3.4571514384684763,47.591124137903094,0
0.4090088924792172,4.824389616686243,39.2774032754004,3.0184514671652156,51.204402666271015,0
0.5230049054168855,2.3927569162133744,61.87393748065186,3.835046669889325,40.44115025937238,0
0.5956051551753708,6.751274256778469,116.82974002634512,4.780382025571408,55.93844356790894,1
0.6205356438323752,6.66759981413182,116.76749793228598,7.773549465313836,70.69280997363339,1
0.6437627062363159,4.518428758786641,69.92979636410993,5.213504752428698,87.13848647066362,1
0.37000419774114407,3.7760419922621087,61.35761823937037,4.235878057509721,42.88365477793887,0
0.5095410740121562,6.772161444691349,145.74915606024229,6.3144829300725105,73.94892135298839,1
0.41772469171553367,7.035580950447214,174.31607771194194,6.127767958559599,72.24754142233424,1
0.5037548313878828,3.6475322108929715,57.774690511534246,3.5851070927504867,47.85626568698484,0
0.25533840645961714,2.3255638599418655,48.85408186766428,4.961184446895062,51.215160019383276,0
0.2520178820228502,2.8615957706421353,61.272637834193524,3.9503025311389974,48.89848931249312,0
0.4571830012898524,3.750418072486606,64.9761646122296,3.3901159791714965,53.02014581240165,0
0.4317495391127188,3.835848168580922,70.3615512276593,3.142391304836242,41.937149085218984,0
0.4173862897311974,4.133080159254684,45.07838754722793,3.0350567505882133,43.36919822987209,0
0.6340828864299086,4.803252378708974,65.82046097586827,3.335139946888066,50.33178322248051,0
0.6128240225734809,5.79559868375379,75.92643580452761,5.876347310528028,74.92625152919167,1
0.21973160371406056,2.09152144564574,55.221382944642514,4.157769991462417,34.11632104456617,0
0.4687709110138918,1.7960468236453906,53.75965860017242,2.315085053004068,44.262127639350126,0
0.9171553545269222,5.3240007160362905,138.69823838331234,4.676659923874405,63.92074620670965,1
0.2679852914402616,2.891618038713528,43.90888707020024,2.2019847731353606,48.15757872570213,0
0.5396916882386487,4.732686949184412,74.31704168374799,5.287259925480672,68.34184005664775,1
0.6918070099969186,5.886437224788177,65.36952924597537,7.0552687749005205,62.581111154132174,1
0.2928221586496294,2.6928166036359085,54.96166860530722,3.1685124633442983,47.8439640196063,0
0.44060168189828947,4.113443119748566,58.626561562959935,3.3051550872922597,42.03353480908343,0
0.4871007333183953,4.998134783098004,110.78579802274936,6.733406817169542,71.3350069687081,1
0.2820679019903541,6.457402696285074,143.68548748550012,5.491611497266915,60.589654134918135,1
0.30003061903519185,3.6530313693640335,40.77055343658799,3.4101180995732268,42.18500363802213,0
0.6218783640969839,6.215005637636415,116.58317052562428,4.52152344332141,83.28962053857195,1
0.22414736981434386,1.7332832117883537,78.77516145666308,3.058895173295015,33.28364233700145,0
0.7348537363819752,7.42452719279812,129.43707963350226,4.911915313176755,82.05170585786038,1
0.5181850757051618,7.117636824697385,86.35867849198726,5.273473072466322,70.00972858040099,1
0.39429228395826815,3.3184577076147006,41.68422887189445,2.869228325409196,58.37102943100689,0
0.2999895485274955,2.124003691089373,55.69703687910125,2.3172339399776924,52.11966548718061,0
1.0675497515146852,4.33413665290242,151.88594364976763,5.122053171501221,61.15114367276197,1
0.5577830649816328,3.8082390028918445,45.62821658618115,3.0037310916354905,43.44136123339465,0
0.28071143973578455,5.481352302419766,111.78279329255362,3.386947288157665,54.53951809529735,1
0.42367366300170406,3.088530605851938,45.367427515343024,3.117978650964207,51.63474259303471,0
0.2718587879575898,3.010516486222232,48.9043091531018,3.8218958475167977,32.82332616524259,0
0.40459551036521507,3.7507318201914996,63.7368223051807,3.4439327262801966,40.470498257978235,0
0.5018445073432136,3.6629262335389914,60.27689674723814,3.6004675797901227,48.344711741655104,0
0.98501222364536,1.7384167392695886,107.46488849532597,6.503910794909676,67.49353142219992,1
0.5252727821080984,3.2829156602872245,64.62666870586168,2.993491156137742,37.39347460595464,0
0.578108966075761,3.1554409738913076,64.47577209747021,3.475945481365102,54.37468575212324,0
0.45352594538146107,3.3581111769486514,59.560826740950475,3.733442704504084,42.67166365236927,0
0.39178155330104186,4.037406828156996,48.544216874130335,3.7642854799766106,47.79133626187405,0
0.5054031399419658,8.477454772735802,137.7166304023969,4.432174481245733,57.17625316176524,1
0.1428374653195021,2.83303921804694,51.86153786349109,2.155920186004785,44.25658918370825,0
0.49629081972655026,2.9657164850748243,44.949615106726114,2.987379535848504,30.635548260978542,0
0.375112021552521,4.1486601804986964,48.369959717544184,4.206157240796455,53.970413974312315,0
0.2735760914887242,3.774179927129912,50.07718598152424,2.6482359297375804,29.598882381711302,0
0.17690292877674715,5.634193201862377,77.07250679472673,3.037822173613143,38.43035875167026,0
0.5419216023139146,2.169905814333985,63.056283699377516,3.3863850820367616,54.284720226601465,0
0.302200901705339,3.297300320876514,70.56764512576602,3.553626255638955,45.973902403935924,0
0.1226277072721863,3.922153889030624,69.3840663647604,3.5440269796184616,42.905835177948084,0
0.8787078267758618,5.057823032825975,140.89958383076979,5.6289196578998135,63.959491626924454,1
0.41515094073956976,4.57217191662088,43.92398751457091,3.9378931742043304,36.56990194732807,0
0.2885324950066986,2.795163899208865,60.15235010071933,2.543327699212125,50.37302153270078,0
0.7751136228142457,7.183402186553766,128.97676622704913,6.458464440119632,59.93251549792324,1
0.8217053941021705,2.6847724440184564,115.68473490276598,6.104321759893153,66.01097787827463,1
0.36638097762373745,3.095090133732755,39.84096858624763,3.3135135047145945,56.61008434954168,0
0.3928678257426276,4.363104087973492,53.547428288052274,2.416609127972496,53.898655660263884,0
0.4334497115916822,9.090382164746616,120.53207899224086,5.663456850307046,70.88823276493919,1
0.2597181492491819,3.433360990084273,54.258253709163405,3.8773663976336925,38.09817462111917,0
0.6247517415398903,6.104108041379846,103.91438702724875,6.463482603824529,69.76753797892283,1
0.5016917581065878,2.6771865456910073,40.6823675714769,3.1809877560837463,56.78692538582572,0
0.4206676518203043,4.332070144904727,56.31025271566435,3.4630222456167052,50.569001333043644,0
0.42799073985561503,2.837567864934624,35.0647371667224,2.126687671293104,40.57269443136472,0
0.4625133993350639,2.5543012619097576,54.64854629043235,3.8381300571767403,49.904541392052565,0
0.5304141680512264,1.9523879261517587,66.8715639452016,2.6907095152273612,52.293610975510646,0
0.410595809910009,2.95274510284954,42.74495699820872,4.436775674772466,54.473571235882936,0
0.3896759185964102,2.727777699107132,45.226102145663106,3.3694076924334424,35.77264637588847,0
0.4494402203133734,3.4473500295522164,39.675952617377874,2.526050730995689,41.147828107567406,0
0.4594421879863103,2.0316000790812154,64.65612913758778,3.203460044789051,47.306505536541934,0
0.36125516607193753,2.6619368810587423,76.53475634058466,2.4173499800910774,44.905907213462285,0
0.2141941787449648,3.008469773464304,55.06588489043626,4.298908378105896,43.20509286822077,0
0.5946113816138929,3.684156432019283,40.72596682793857,2.7418769627962476,39.52028388219294,0
0.32418593659595324,3.7061064469696494,64.00378707180315,2.7902090259227483,51.50963419982996,0
0.9180343905274163,3.786907512547312,105.37189849508032,7.159171248983118,68.61105023768867,1
0.6155812360957508,4.346216704213796,55.95284578234862,3.760053733157561,47.48822921140795,0
0.3633842934632378,4.044527386026452,65.51686029684589,2.903248007390739,50.769561926350086,0
0.8525092421936542,8.464303020595874,115.38321670465736,4.815743355792655,68.067581763166,1
0.4333603255346824,3.7922635635144344,75.18715898472017,4.108316749077344,55.25002508085517,0
0.47242421789636174,3.941762353666428,68.27847182310936,4.009432112187546,56.4746251341908,0
0.33840211905566714,2.9009671084255855,55.421806952686104,4.014151987975004,52.79511425342976,0
0.20799243696025363,2.6816993394774826,38.13860149517807,4.613435691248247,40.7188103099559,0
0.33367317190771295,3.459886238959172,48.288894161563015,3.139933325228154,45.81223114085002,0
0.3118392718684587,3.7165801400294147,56.309176533423845,3.2497455649374034,47.114957219502884,0
0.6034660816446403,5.0864262014439845,127.95202372377774,4.316939522317214,57.686484842979105,1
0.3303477103939165,3.6937659420304034,54.19154743323581,2.486188400519011,48.40132143562313,0
0.21871954192835039,2.906883995902953,59.82102292006824,3.3056340141216305,32.35161569745617,0
0.3253602826926924,1.7996343787290028,70.26481464012646,2.6856870595921727,39.23934971806395,0
0.7838999775021388,6.547389637373642,123.83946949421349,5.722838633252169,67.86263333013225,1
0.22134709508846476,4.021616318910403,55.50068335924696,4.054080402685434,54.980094977254915,0
0.3112936250963303,4.330134004944642,58.00298770790755,3.6342847859873286,45.352815692208246,0
0.5547103717864188,3.1780249639857163,54.20785770105721,3.498185708426852,38.324084091472926,0
0.4601001661017624,4.75766174128924,130.29716390874503,6.78153059082737,66.59788196067885,1
0.18999475344884165,1.5,51.17883610640866,2.9918905770787947,50.09559782607935,0
0.874458555251043,6.821712292506913,78.99981379154448,5.847215095597445,70.90014566809927,1
0.20431242203468464,5.688985240061612,129.21552746405575,4.162714003116351,62.5824462250962,1
0.4483840073779758,6.545815109603144,81.87470694520331,5.007504821987075,69.44369913217012,1
0.7521240169154655,8.47496775036261,97.64441224117887,4.999286877979683,57.119179634017186,1
0.315857342046704,4.003566205243035,70.65893221413195,4.093047983319132,41.358529797467924,0
0.41564981445520516,1.6946476007149,29.510095989773973,4.39160692973106,53.02748239135037,0
0.5525027091770216,4.756466300601645,84.05256443544181,3.9283310400379183,41.88688065902129,0
0.4048866880286386,6.948471166296381,96.22783467691849,5.319404698468995,70.74066038168102,1
0.5320282118432313,6.08149837849133,117.84439837251448,6.835517362165967,70.02135669456315,1
0.43793678463150343,3.124455133916011,29.14041735399874,3.57958462972199,55.14887054872035,0
0.6195890919363242,7.375978316876058,113.94578992366358,6.015888065754644,63.15105027344781,1
0.33891346031010683,3.720009118272688,65.58953380078968,4.6598977058574595,44.35532682859227,0
0.7343796110129811,3.55124214075677,111.72996308965415,5.686282558831612,64.89599482666802,1
0.6737165410464361,5.374445438714409,99.44628328093525,4.600952378756456,62.661777482813584,1
0.7106052635611957,4.861168558472724,113.7886673187287,5.721240846889229,64.5264387033883,1
0.2720804126072094,4.23239052604733,46.2744842302728,3.330799670760645,35.02452002781013,0
0.30783395696949356,3.39218052964702,34.778240504932064,4.506852656535457,48.327244786982476,0
0.38034194052042003,1.9260727289810842,50.565034878034844,3.529300719881181,51.40781557095239,0
0.38120811818406414,2.9061840237142835,53.478130052164545,3.62873757914683,47.206161377296766,0
0.4669432824662789,4.882299824592905,51.9654583665954,3.701134227803878,45.94509973469659,0
0.40389543142915774,3.5718370395902914,49.68643214162055,3.893604436625191,51.377199035757805,0
0.42521378034471224,9.29709156007891,144.30415752048322,4.729145295037809,61.592956571556485,1
0.16915025410584159,4.401956831935899,53.36015339069028,3.273875271208076,38.589422531822095,0
0.8977252957841884,2.0054403278991186,120.76251629249842,5.267381746513328,48.00286124592313,1
0.24781377384231762,4.242679003354087,118.41780861374737,5.369792429415541,57.94952848920635,1
1.1106519540877144,5.992228197429389,155.32154318148721,3.3117459358387826,69.040490578926,1
0.5525626805244792,8.181105425797387,91.1667021115257,4.485534272618955,62.13562048747317,1
0.5490390883755704,5.801756201532257,68.00990968271323,4.7654969745388644,65.74819515896283,1
0.5160755596026716,2.141594559089002,31.864683064497235,2.8267214459474928,39.247623007492905,0
0.797851747124234,7.38257560466057,112.5449192539161,5.077925805417026,65.21981325847257,1
0.46662309748240777,4.632206882074176,59.173704186070964,4.183935064592406,46.23044850621111,0
0.5676700933940404,3.2544986677308247,45.72166650833482,2.905558498240068,50.985051232596106,0
0.31755056424220285,3.8143043029647092,63.193210147694714,2.7354948372587153,40.88663439573672,0
0.20841390944197202,6.644975903762131,95.13558973468375,4.794657886071179,64.98064188635631,1
0.36412871836277194,4.399220516382008,43.44503335041012,2.5524997596308205,45.420523222534875,0
0.5769988428356206,2.8188597837595806,65.88409149195995,3.4646888357517245,47.15595790146546,0
0.5783476587949743,8.444643419004928,85.27243236119354,5.079037498856652,71.01879491439296,1
0.5680938349413278,2.4794823513045863,70.2602223596168,3.6395778837613526,59.16006031644888,0
0.3605997454461737,3.2726155515876214,41.874249919717485,2.842331549408734,47.06524719128224,0
0.24689418653420625,2.7864755683317144,60.55179875494761,3.664248212643878,41.69626482207859,0
0.4297792260877551,3.6528273582517707,74.44127367350373,3.8937851358067292,44.43670287524954,0
0.5228823870198114,4.84873279751857,153.3621815285559,3.90304982193551,73.63767724069781,1
0.22543192032553436,3.9870007011460404,50.062877336484775,3.346579786525137,54.3704521767302,0
0.08598821235867682,1.6023255648149584,49.958141046993774,3.779636861766735,41.84195351159971,0
0.6299399239612968,7.389073615364211,128.84759098196193,6.032945523123125,64.28337038919277,1
0.42327145572795066,3.0895075401738583,64.62601157728287,2.5801767712090156,39.04790228800694,0
0.3080288395643689,2.8753263170507224,36.9447372560328,3.2464299972376254,42.49659955906598,0
0.5298906903783676,3.0790048513193824,46.32422384078729,4.0044218517361685,51.523490549629734,0
0.461540773783319,6.289542542275983,56.50170964070904,6.010223312105926,67.04567678914339,1
0.4236049352427774,3.6028898018483817,71.02459237240151,2.820826028308392,38.41742654125521,0
0.5870392368224454,4.633562035087914,75.1290323201712,1.981070914341327,51.751426169211435,0
0.460590352311204,3.1708135980041847,74.2501854417532,3.658043917306023,39.41564391462904,0
0.46621602860601385,5.365095766326108,110.57277137791269,5.5975829083096995,52.346885749852774,1
0.49206560062648963,5.216331027943174,133.50776183632348,4.829008053259685,72.12025129577414,1
0.2416879277520493,3.6948013506753083,64.93344338431775,2.6750670832101098,45.20676137260291,0
0.4605858092892308,6.940530014365668,127.12742518821443,5.173745308677069,63.97595060503301,1
0.2702362818431572,2.7383627041087104,49.29385001934658,4.058636686628179,47.23609749365292,0
0.3738460024750205,3.6725175696651595,66.64213158170442,3.365156212396448,45.28549697439285,0
0.35729096657484066,4.116836012378096,39.717648094738124,2.814716217239495,49.84787246171733,0
0.4118295072652822,1.786374819035088,49.35313016786896,3.572378106449541,59.048630450900106,0
0.5233595607679291,3.057889706459596,121.03894056709032,3.9093698375227275,64.11510539743664,1
0.4868106969555107,2.6088401096338636,40.50070912688735,2.836654755770022,39.313531588644906,0
0.3872633767317338,3.7984886882509485,45.7204422278639,2.9233743160876933,45.407232431862525,0
0.340260253249621,4.496885923576588,56.2121516759426,3.7717949364090257,48.31019884192211,0
0.4920584836938601,8.300190259743058,153.31411729592162,3.834235081019597,65.17265250911883,1
0.4182727924900982,2.6319600265581196,55.76011784433813,4.731228678710439,44.12084984775607,0
0.5572848449055735,7.894746805395655,116.92259544153251,4.175811022872063,60.985743615559024,1
0.605795348014048,1.917523536859748,41.15708041981645,2.9619002284806086,46.24624369413354,0
0.4486602699716486,2.7394612471294577,43.229703315555774,3.2582485211381202,60.17570534672123,0
0.7538189305467234,4.031757244513718,78.19220192770884,5.4846387202157185,67.04331838669097,1
0.18492440073093513,3.300942467474283,59.1204280688178,3.762046382243857,30.956109933030163,0
0.8653600927048202,5.508193631219056,67.33175451382675,4.116074948010699,78.56335609064256,1
0.3991602609119378,7.401972117355567,116.05699251103293,4.411846713899529,53.6514722406785,1
0.3149621172762537,3.6335822603918317,97.73833960370105,5.772878550325369,66.56507300262166,1
0.23997523283862943,1.8187951516671799,57.60129756031372,3.0277175270114434,43.242356467177466,0
0.49502041322301926,3.9085236462991717,34.03339195210286,4.2796433709257435,52.00004222702191,0
0.7647820826494504,3.2321542373773653,102.57827900680286,4.687841029561736,63.45699942411937,1
0.4325371802732447,3.370165257714036,47.96496571269066,3.064695006873184,39.48350125633704,0
0.2585885232439792,1.7141997866967484,60.61059750370508,3.6848738912106227,36.660103274566296,0
0.4232110215085911,2.3699962536098735,63.21925606842423,2.581741715302019,52.01719171027318,0
0.3489768047431061,2.0149497303780155,48.31780849812236,2.7047250275157193,41.41510865847209,0
0.47494658125745526,3.1801813154367617,48.51249413721733,2.0998625979921246,45.562614371907216,0
0.5379593419544486,3.524645067913448,69.64895730794636,3.999465490189217,49.70372393497641,0
0.4082104801944386,3.1634910392160416,46.5531305868936,1.9853050027600254,49.263041175003075,0
0.44102761738978447,2.883679037441624,52.111125506155595,4.74050480849563,40.7839296419162,0
0.468671023848015,4.073787658316472,45.906633192220454,4.355333500563363,40.85480566457002,0
0.5821125343036273,1.8137383508193572,53.020098998377875,3.618077491878872,44.283535939621345,0
0.21020122772257102,2.6109708780405088,43.49934790018878,4.119237403165961,53.28409750560436,0
0.3880602846044266,3.8321276478434445,69.79672329787327,3.4271840940908453,45.43692846760482,0
0.6740538176457033,4.708876999743955,61.54457732762995,5.156388229587594,63.04556505078234,1
0.5109454919623119,2.411233998136175,55.62419331114792,3.0735088523688443,49.14282667682207,0
0.17342123574375015,2.652823069000384,44.94542086556006,3.696464094236346,51.36160510089408,0
0.3046232912103074,2.61841681907356,64.84685917617881,4.043214805960664,37.514813143690155,0
0.4170241439265978,3.0545141570960617,54.24062885299854,3.071934499747651,46.403335527907,0
0.38308244057284646,3.7254147830147515,42.123168075252224,3.4010462500346796,54.7460892969469,0
0.31548327839880397,2.2683291848441978,40.490745116536736,3.5016895460997777,54.995324467367794,0
0.3463269046694051,5.306815603675474,77.07925707990225,3.409169427489296,41.55806146532892,0
0.48312752139247334,4.270592468767812,49.44472159408968,3.5699378663460175,43.12854845351903,0
0.35605468372218774,2.793868455369128,34.7199787846464,3.2554499729634783,45.848121610509764,0
0.8433999577398705,5.651891872244676,136.20741083831842,5.164133167554991,53.57150203678567,1
0.13230449803190486,2.549763705237093,33.56002567725378,4.047741270940145,43.91336114546745,0
0.3639274565246,4.315942016630254,59.954278215970675,4.449729297270413,49.66414670934637,0
0.33604961642527287,2.7728596239097327,48.795097760927746,3.3946252621617488,50.7215571133863,0
0.22950248808297685,1.83390219144573,63.46040796892003,3.4954344988324553,36.115679121514134,0
0.3857713478191868,2.3546220509863076,48.255137498678565,2.971757452487438,53.11681068979546,0
0.13852978788255707,3.2267533159660045,85.63250864980185,2.4561303639633056,38.232866909256906,0
0.8385234945454867,7.6321525088726085,113.95105114971125,5.2927653440005615,80.66230703246721,1
0.7928071699231738,5.52521483493528,144.75189838578942,6.190747066314684,81.52622304722698,1
0.2705749569068491,3.2716150961120096,39.55787685463285,3.4548458638968897,41.08021840059339,0
0.23217111971395332,3.7147657616697027,35.04845731661113,3.870029349311623,47.61523479113912,0
0.43129616493874584,2.1105859090204087,56.266263208034616,2.862411488253573,50.45349522397002,0
0.3763036216048244,4.714255497255692,82.84276450171427,3.302559988056566,52.74464070375724,0
0.6813638853232201,5.522011371850282,111.73685732577367,5.346209441811676,63.713592384161174,1
0.4407150385936159,3.8459338418034847,47.925761196813475,2.6302566389287203,43.696622656744815,0
0.30085702994235974,2.413159796337107,52.41887546336028,4.478619902676883,51.79232398435776,0
0.370129615309722,3.128799373509211,44.72005534046093,3.2017177183773855,50.25699474074935,0
0.4807492796591615,4.585504475637522,81.25512396243252,3.211110369905515,44.17658719047189,0
0.6199601364138925,6.408915424190958,121.35767014605823,4.172351182117332,74.70843104144495,1
0.7818435274733179,7.913523561729811,99.0027980180329,4.907592590070947,62.15806481957601,1
0.46341883359084723,3.5915456778774164,77.10699707769396,3.4190308797746862,48.56233325947149,0
0.43468768184591405,4.959704772054842,73.02826565531194,3.6785497442029502,47.71422668038718,0
0.5819544369798344,7.730270876197455,125.62304770743589,4.8822723324877275,57.43037629753391,1
0.1969207967336779,3.0639456410855455,60.58941908461628,2.6143106229403683,44.798839338880924,0
0.5659048329258147,4.224439350725441,94.77262527948903,7.824780843292787,57.953365349869934,1
0.7576158893491776,5.465828611048242,122.85857805033785,5.6723406043128035,65.35468781464245,1
0.7309923375820229,6.516536696692145,121.52526631500943,5.267534690600816,59.69484383877424,1
0.4128809967842566,4.393249327048003,69.6910824657518,2.8041454004147477,51.46424770780058,0
0.43675543244446285,2.646177355924017,36.05184042915707,3.1026296127670125,60.18973364709035,0
0.7224891648815637,5.827821423113297,102.19239076033706,5.667954756146707,66.93069026867674,1
0.30363098615271245,4.369514928544813,42.99754960017069,3.730944377726037,41.31673377765222,0
0.25649547245019055,3.58380781600792,75.21859627099047,3.2716715813307515,37.553869478374864,0
0.7185690366154336,5.072533821514755,108.46030535817002,5.44199243640573,52.12835498813944,1
0.3417013230079658,2.422695832036212,73.84301048334244,3.655861624155935,49.11169102957646,0
0.7985434392395377,9.37288656641158,93.224976174741,4.004041024095229,61.88498427593907,1
0.6134921172886537,5.000852329056624,112.04234695175434,4.817008042911563,75.71586333796103,1
0.22093363601727,3.5213525784565536,47.6003543209064,4.787239930721778,46.08112855676119,0
0.488010459338059,3.7053738730782757,140.43819087432723,4.517731474796896,61.799711920270845,1
0.6960164006374974,5.764167081086654,87.37088592713287,4.752823394001004,66.24187785271212,1
0.575392534415401,6.749560086259777,125.09634904492286,5.47029582143939,71.47282532167942,1
0.4964408097755997,3.3132316427514934,41.78551195483685,4.019422527731279,56.58897270762161,0
0.4895532553304484,2.9372335250944697,56.422410897356066,4.016698953059377,54.55488898408525,0
0.45986319363430556,4.175690493704287,61.44632975177958,2.4311804283827203,50.268932962362555,0
0.2809238597916056,3.9816814362453425,63.97894411394387,2.407094130995247,40.44930235417155,0
0.3502017010221969,3.365315772531917,44.74919366830558,2.320020720211329,34.10452578479304,0
0.2549385160448522,2.9984648795382136,66.96151222841043,3.591331518547298,56.698185955545654,0
0.45411738330345336,3.748772280526661,60.216494425244775,2.1219564137448876,48.19365678060156,0
0.7405395245207755,5.755601257846683,103.6694141307172,5.738530012286264,69.04509445521327,1
0.7241515357760011,3.668751035821537,126.3983238384114,4.494414723435489,66.60778722846159,1
0.3549457899860523,3.3302492582204195,56.45157352843269,3.1747801006729293,51.97359255701334,0
0.23307074397649738,2.4203754422763435,33.98700000946332,3.015444754292417,54.11440030829051,0
0.5701567408846151,2.0901872426849417,55.36083524936298,3.4737547706843923,45.862253719308114,0
0.4205192273970724,4.1954600378099975,33.1135497397552,3.131617115799118,42.92589869776657,0
0.46251630895555673,2.651686766376586,81.53443089107469,2.122348656016947,36.9084369524916,0
0.7400466191724598,4.722921398793194,102.30429078582549,5.073464907478846,73.11880741312234,1
0.28697728639559184,3.363446606119047,66.31061861398341,3.5327280414355067,44.842732240659444,0
0.5728415788577585,4.7857814273638235,136.150014417053,4.721009428838721,69.12732303990103,1
0.6657441099255416,2.314145679705567,45.41831520676039,3.5009045348688033,40.20089865188198,0
0.39122344269646314,3.276213040733372,49.533758513480215,2.9430936048152825,45.731678469584445,0
0.49284205271737624,3.3447665989001383,80.98171113718807,2.2066600304228885,47.10165498634207,0
0.7233053174163564,7.086868609071871,121.74471524646137,4.870692072346016,70.28973286628998,1
0.4333718054625478,3.177420262094419,73.5097824021298,2.703459664942967,46.651342911549605,0
0.25528518720382987,3.5432654520370472,67.2985507939197,2.9751450697952584,54.269667495015625,0
0.4385540104108684,3.6575106476810926,55.55632091499647,3.731454749048148,45.47713083099407,0
0.28571059558448275,2.76910175337198,52.15218314720128,3.8475186998700592,47.06247567557091,0
0.4230645641082918,4.838909330334645,44.09579870667577,3.7021742320163886,43.47336767725646,0
0.4989595516591385,3.4746936972439486,52.185503210192685,3.4722255083014257,48.760375663893555,0
0.41452009221178343,2.5002738377187335,86.41808108296496,3.5896638702546317,38.858921963501345,0
0.3774442918064597,2.6665085930551817,30.476102965922454,1.3332495701392615,57.10250120834868,0
0.14123230492250474,2.8205378942682526,53.91182986470567,3.747871272313713,49.0709382869188,0
0.5214551187273901,5.000331065842163,128.3189071289158,5.271423950541047,64.145842378051,1
0.5623113732255747,2.7452786520613985,69.06170416858035,4.466170505702916,34.424291626130646,0
0.4217656338675382,2.7164236875284344,60.58797642734025,2.8318446063658684,38.84813904428227,0
0.27758191632636864,2.0405348535458208,60.93631760254307,3.684133238164141,39.828609109308104,0
0.5727614016737799,7.3242765480907295,92.06130795371676,4.957103607580842,67.70380123905109,1
0.8208279773157042,4.978406344714784,122.85640035019874,5.529093654332623,73.63382272879662,1
0.9461651179013935,7.084942198865462,113.33822306220068,7.327198681701628,58.91570086110751,1
0.40699081098948653,2.578705098220323,33.05645907595114,3.6053592548631888,47.63045884810542,0
0.9410368183108353,5.526776191152143,147.2066041197876,6.199934882014415,74.59792684885237,1
0.5814049717632221,2.2698597859918643,36.18260633038534,2.8944645704826932,50.80213882337206,0
0.609917416134851,6.357210270229354,102.08225713862984,6.013348455781945,68.75177511177175,1
0.4292909300329824,2.7558296371117983,47.38064337446148,4.603277503233593,37.956452511909504,0
0.24965382708873649,3.460750656805305,58.121624891216214,3.7203046099449613,44.67882559033636,0
0.9967684888962667,5.419441248491687,121.67333221528764,5.973280679947322,64.6075792710838,1
0.21327388863351812,2.812033258431595,57.97823913372035,3.5701210628215785,51.438856601060046,0
0.852631871112874,10.665924124053483,102.90595339969434,7.642898866269251,51.99127866599488,1
0.3465225334590286,4.25272294836094,38.26277127627998,4.140096128947595,47.70462885338026,0
0.49304485458319425,4.61149389401905,100.56286487123347,4.920606516466744,67.7806232263018,1
0.7185239829025628,6.389237929089105,147.91533269935783,3.569772332773563,70.90167216383139,1
0.6262612904247312,7.398420404824858,114.32865961249564,5.127338617838408,67.24136901088971,1
0.45083326726045436,4.692380537518448,54.28716723192789,3.405705840257872,52.0202878822362,0
0.4469637619446884,3.9215015864468277,61.64248605965314,2.4678656429321055,47.02210155954829,0
0.5370233812052956,2.605953514110049,63.597582451724904,3.5263766363509643,49.11522320490965,0
0.7933698535739734,5.905332778026088,133.93974105104178,4.941230937834746,47.23255913892004,1
0.4376606627094048,4.651441685368074,75.23749139898997,3.5061948430407917,48.25754140169403,0
0.42136765559528483,4.05437019488283,61.35691388871787,3.340953349964627,41.797556942415284,0
0.9137361340524806,4.091083205220713,121.94466999796722,6.249488433181473,74.98815444569217,1
0.2902590687217124,2.606884725623381,69.41823612681738,3.051623500440173,45.135756959652,0
0.5286849510146118,2.532127041350839,51.58151400355037,3.618478538124151,45.90238202038122,0
0.2961584475859026,3.1353802888310627,38.73851920354033,2.817134009967717,44.02781915617353,0
0.42189121781214406,3.577662028151961,70.03228716448109,4.8115598098867425,36.033758451774275,0
0.3064199725996239,1.69204306188329,57.70776310853427,3.590178640890823,46.957218041926446,0
0.6215393590217766,4.440926686192459,97.15782236410617,7.316226390258356,65.38742642166905,1
0.5541112391450667,4.684618782625671,92.51407531350986,2.695857400869991,48.45056987595433,0
0.3242737034431677,4.20820071562955,53.77142223941463,4.476553362045257,44.675729392301434,0
0.23151458464747124,4.422683703141312,40.41236644481582,1.6820800524585595,50.06780807423445,0
0.6445356151100712,6.881928338517458,84.83494233814758,3.103352801132142,61.21817916600138,1
0.4262207458597431,3.8205583782151553,48.74143456322316,1.68373636150506,55.88511532298489,0
0.4585525123408631,2.4416033645714212,55.29328770001019,2.4383762044718162,43.60280836935698,0
0.546800551139787,4.321079203827496,37.5376309665642,3.008351613351376,48.66050631271479,0
0.31223460718882623,2.1177347018962527,70.02702936958745,3.8620704352078317,56.3161906801977,0
0.34316264670156477,4.307178376365924,56.75314942878878,3.4979509759229233,53.83572426642575,0
0.3804738406577476,4.224843925261056,51.79642941899814,3.776834705645336,47.50259713836526,0
0.40218232968979284,3.2134411515514847,57.17480985255813,4.06817986669803,44.59250140831711,0
0.8291394919169072,9.427861182753565,119.44874692551122,4.599500054881078,65.74081017977169,1
0.42949761754812027,2.8216887879238843,79.69362681502483,4.012772658362476,38.12640941499124,0
0.2979291917682235,1.895669273451214,48.470773820631855,3.3087729516634914,45.96853046493911,0
0.3701747557029192,3.4595071307413003,63.98835989339888,4.036997903848654,40.26055390338132,0
0.4922971103102721,1.5,61.93210754640391,2.863163886623123,39.16535521558432,0
0.685876957499448,3.1497182180210546,173.1129174725598,6.1640866651474955,57.11884642681148,1
0.3066574064772459,2.206271882127539,44.37761261195261,3.8904566963414,49.35264305297141,0
0.48568439534303565,5.0912923437002995,155.4463239450033,4.115925971543485,72.634008297129,1
0.6243623739531625,6.133540164401978,105.70836303856072,3.795527121702069,63.982734978089645,1
0.7672555522606409,5.5715079671179675,80.98423468656725,5.569793860933069,59.30796505779931,1
0.5229281623608895,4.449989727232494,50.12569158290877,2.984460092032402,41.63420713433224,0
0.730634545126498,5.870299691576572,151.73066633213512,4.057351459455831,61.78049679262573,1
0.5161672056710603,2.9863625297757928,74.71381201418163,3.444097088886075,44.52925338310622,0
0.537276619771746,4.45171921410405,56.34105636929752,2.9789081000746775,44.14966978267257,0
0.4700640345382186,2.7967177736468516,52.77424028914893,4.529247839329438,41.25393904411818,0
0.35935619099787025,3.7826712889874456,62.6434643570435,4.3517137046710985,53.12507124492092,0
0.45901826755835795,3.2962390859286073,57.51483697027739,3.175651040287473,45.51890817350274,0
0.6702406222762186,3.777543793401289,95.83613898651981,4.259290492781747,59.81391107723733,1
0.2964145282120593,3.1256812125153384,56.86177753871717,3.147100108022473,43.706032220354544,0
0.6346583317574319,8.800471156188754,118.40154032245427,4.752916045356878,73.07014237162643,1
0.31539471609598435,5.219844466202991,49.44944509969809,2.860055974473547,33.62934218534163,0
0.5374010920706788,4.884793026029073,68.82750990099893,4.412092692736996,54.092637064402076,0
0.3944634398485998,2.3481106834894216,49.20715066811988,3.1810037879687734,45.16704340884409,0
0.48735889447974257,3.2508466072349447,63.23670711089853,3.7860418256075983,41.502246200428296,0
1.0054083934696902,6.699801829040556,93.944427391325,6.105852455060908,69.52105745312483,1
0.3462160219605636,4.649844117505929,30.902226330397426,4.126828943395945,46.60820034825343,0
0.6204450143059388,4.4179247567648225,40.699330682959356,3.3932638935480237,55.528036175262095,0
0.390405178625347,2.269294826201949,62.05007908287073,4.46917574879845,49.63408534018202,0
0.6302237488515021,6.808303156669332,97.00976600367673,4.98743818610722,58.78546873993963,1
0.42172080378016796,3.68563463579025,76.64163193546966,3.266615100963956,52.09540121668248,0
0.4267462487179764,2.949175039721323,64.69249123241721,3.7465463910505954,51.77786052991938,0
0.21001700599183665,3.4887143708780526,60.54109365907854,3.458491187793828,52.19687040206058,0
0.4477858936208644,4.293765043952724,67.68464727966688,4.2642370321599525,45.0693967641959,0
0.49869106031597243,3.1152910452563694,35.750895979737244,2.9434519121154894,45.79612257037193,0
1.1468561347068489,6.6190057583318005,87.92710113362237,6.881612727689269,59.15299168852423,1
0.4513233412362584,3.7317592639702606,80.69526658544818,3.1842238241298326,43.836303239236905,0
0.3034463127162227,4.522365732394481,55.21367945783974,2.7198100890876247,45.87053550030838,0
0.6745221092411015,6.775888885789561,118.23289772668545,6.183433316417918,59.290984880932285,1
0.6003860351441477,2.4127125225067085,51.386756858373516,3.9220372928958804,49.40842397962129,0
0.38868875879740106,4.265280028239175,21.045936373011585,3.103832209533354,55.86267056686898,0
0.3476843187832657,2.534813362374848,29.151642143755534,2.9743042785413323,55.57620159004879,0
0.44013337358781335,2.9342587067366375,65.23811389940818,3.4044022454986735,59.10673536475452,0
0.4055377455373392,2.623167371712937,58.164963788087924,3.2687402273263677,58.26002152257267,0
0.6856395366091236,8.307525204021898,43.76076315038422,4.759794811241664,54.42845855014873,1
0.33565210553769464,2.8730268641707397,83.76540057438169,2.8871772984162636,59.58453136788367,0
0.682682468847371,4.50846790939181,140.88389856267995,5.546618727152021,68.62099529399879,1
0.24051846914716032,3.4370703352925873,77.61411635217935,2.6071635016896515,43.86180696267627,0
0.3001241157045004,2.3664741483609393,49.162043408826804,3.241670604138244,49.63240619840022,0
0.6371629631089382,3.4482188578377464,50.11387983488089,3.628414581109997,47.683493670379846,0
0.4538350812775068,4.402166421839824,56.29314506411585,3.1308186682861816,42.83475489953183,0
0.8771679919965542,6.638167604581923,111.82999177833204,6.532382287043845,61.44197052607873,1
0.28090133051649674,3.9439842465335992,53.832031485537875,1.9707206967995665,28.742557575059433,0
0.30920827625542874,3.7235846274936644,56.16532492507796,2.206736773951038,49.22670224140671,0
0.25739213406252803,4.2975128200920345,42.54048459584177,3.7220845775573506,46.54106595907775,0
0.3413952379560224,3.553085810330614,54.15830857915414,2.6220243575290274,44.590459324708014,0
0.7005130137746012,6.575348328870678,118.42501755616752,7.266994972522864,67.91980379960744,1
0.30954609209590317,2.7270876053581485,45.38328688913013,2.6520475035742863,42.04557526053098,0
0.46633284402689484,2.2312260816115437,64.87769163240762,3.5624391153762764,35.77919870439838,0
0.26380188901461965,3.3897049867921525,54.84763836856573,2.4293839090070035,45.81210996314261,0
0.46592993257461157,2.800345448085222,53.82632492855016,3.1958393974590034,47.996709328459744,0
0.27062313806553684,4.429844214816985,64.18890252923912,3.6027785162034283,55.42452767237261,0
0.8685906839466253,6.8695415690582,99.65993928208005,5.376157743349328,59.799942414216446,1
0.8336256174279416,7.010558723666081,132.46106180324148,6.977325317486176,69.20910731956992,1
0.2851450244576903,5.380648013078547,67.58775118666904,3.1758068329679596,41.739738130969876,0
0.5713612846124113,3.8617738027956197,50.95255590589652,3.768701188317221,36.10656265410867,0
0.5532914314379094,1.6748248868085633,59.75372301208937,3.9269376029298675,46.78653128312344,0
0.22081762803346042,3.7059785553334397,52.067999304715954,3.4779586773969995,51.86257431335065,0
0.5451359450209932,3.241008112395334,44.84770461360637,2.61064641940598,48.56449699688517,0
0.4857202834732238,2.379331350399838,55.560630937410444,3.023096765322988,47.15866791284926,0
0.572906012937119,3.63846617852622,32.45348737452758,3.4137390762846787,37.345789538828235,0
0.3002968788993301,3.152780338179914,61.94269910541017,3.3684835787660963,49.82175282132884,0
0.36061656351418264,3.983580371186897,64.86325357894802,3.6329364356435048,47.392255628459445,0
0.6167209662157771,5.146370378616998,95.36663699626634,5.1600517220169175,57.03807284568824,1
0.29516468171418975,3.420604028551119,68.59636982465972,3.0750183127073267,57.95699226547908,0
0.3950262511313971,3.0704859126061246,41.09078096588116,3.1121398721837648,48.18607049196156,0
0.734085816878508,6.502669621325596,90.32674775763064,5.073280155480089,50.686096444363024,1
0.6986589603686186,5.309217336593285,111.68352602892699,5.742012511905286,65.93151834454984,1
0.5088371802814051,3.1759060299519875,59.647312675174554,2.7929188177528474,47.483285065719826,0
0.3435777609900183,5.041437032575175,101.02663530881141,6.1359913554562775,66.99559962966876,1
0.3384156779095376,3.07641911282607,75.69521327791958,4.843065680394384,49.88763088648134,0
0.4495613811822378,2.597591287942201,56.70437234801367,4.019332156332919,43.28963733732283,0
0.38360603021638867,3.293046347004886,51.988134152939665,2.1975136698918396,43.03473214252106,0
0.5391764565634212,3.0050318249999126,48.49787092744148,3.273352111792282,36.7647362949129,0
0.3031176528563379,4.914808601395728,58.37211106584174,3.38249659420073,47.21535037426887,0
0.33822128370311155,3.252550761596276,28.474563835360996,3.9389030947939943,47.394393774485266,0
0.3607535159614404,3.836173116040545,56.01137021528197,4.231557366683633,60.54351139393062,0
0.1919851285698829,2.3961889264828162,75.91048364010886,3.081236090828511,47.98667453470265,0
0.3707028130337379,3.5840231287776265,64.97609644129945,3.882919809124642,43.362848213097315,0
0.2630084297621811,3.9996195564640766,70.40318356129762,3.8905620436130484,51.99683000804901,0
0.6893914173062596,4.840280519039242,52.94374424946241,3.9604413352995413,47.91470147588087,0
0.38641017640289915,2.479819660139695,45.23187646145506,4.039107016973471,47.44600177848805,0
0.42512332172475065,3.1049760713496712,55.9456268856693,2.921760908890192,47.36254296027316,0
0.39678187633127154,2.486865716498543,51.42428940628725,3.2390688477743277,42.148813222639106,0
0.42716320823077747,3.950046732460202,53.63836054731911,2.4356796209804212,41.30123142965636,0
0.41434124053519256,7.5433985027440436,110.62291451222505,5.0756646727353685,64.02626586893425,1
1.1204843550206005,6.021947547015901,70.38046670530642,6.016390989603474,68.01521958628929,1
0.37323327524348987,2.479503861448122,51.44041882902399,3.6517085730680225,38.333545446073636,0
0.42975673457074526,1.5,51.05472538393966,3.451516851497945,48.424616497382516,0
0.36817128813073297,2.2082679733211634,51.367717216595665,3.8309053736168432,46.05605145495824,0
0.3874311032488907,2.5417661616881455,58.08490238409916,3.35919822631065,50.133607180522795,0
0.309985434516692,3.2855299489258365,55.72814916444481,3.5363033023452886,39.30323546254481,0
0.2790520128049715,4.514386243605604,57.54038511363774,2.4057164632604757,42.23129703444167,0
0.3995135726100634,2.7206273172603743,46.17463216912127,2.8654755158881624,43.92388789783575,0
0.31086667968495313,3.81303077647562,26.98725204527475,3.4612566118448105,50.632668272644096,0
0.18919273533690853,3.1198084713397507,51.31086050900121,3.1825785792618526,44.255733930971175,0
0.5700160115290911,3.403994570848018,49.98338963131636,3.732615942999381,51.86892909900717,0
0.2830637707820345,1.9334713672140078,73.67325086062638,2.0829521328560294,47.19100659896927,0
0.7278491260705602,8.316759371383283,147.4416990669588,6.129324057452777,71.0912236947757,1
0.43267630923725076,2.4476434556154434,43.96012177397708,3.8667679657871474,48.61089513931162,0
0.2279600333085256,2.671572572823425,33.6127110711131,3.1545090101689275,55.91523271977432,0
0.990690915264232,8.69056340380737,118.86489083200502,5.767472958432066,69.69610718824404,1
0.4054826488660169,2.1062861987555896,61.67233449711501,3.4712582781001706,44.897500276776555,0
0.22547292976286398,3.2432954857469007,50.11762582534354,3.856729930108917,43.30189490392537,0
0.33160135250173206,3.7015240445158075,47.17477153848271,2.5303932568923866,38.834316856534926,0
0.5905217580129237,6.46017709309024,95.58296203342287,4.836487231477673,54.939679021780904,1
0.4252080834590963,3.1394837089401877,55.654158235715876,3.0232874722955705,50.91739633787086,0
0.39558223671301285,2.728289371989903,61.52424869239621,2.1956631173256644,48.85908797936308,0
0.47179781021059636,2.2729062789952597,37.42504587939801,3.9725547488481148,54.96576526314958,0
0.346507441147882,2.2585842162654766,56.16395412565879,3.636961727697669,42.22690263290026,0
0.8811571520315006,6.7767920722551445,105.97737850661487,7.031050971520452,71.38637612746217,1
0.9801660041319407,7.546066845908467,100.57841247511074,6.856607463950065,62.672742995295614,1
0.5187195997480774,6.088506921639207,100.13819527319882,4.412769892890968,71.59448575195718,1
0.31170964757513525,3.953516150503998,40.203387518690434,4.2878057377232945,47.92940762580632,0
1.0665027082262464,3.013947760069759,86.30364361012093,4.880123922777331,65.34589085815328,1
0.3774234744879103,3.9441545529672952,34.28340117735057,2.7587373411486875,43.35044024451355,0
0.2262545220569756,4.836625812304398,50.59953781425907,3.8243104139644153,38.16629456853832,0
0.28474661277844854,3.947845182838237,49.31436187110767,3.6476957842938638,53.69751240524118,0
0.433238052334668,4.25802341473726,60.522004248345745,3.2541157278473833,41.45751383626595,0
0.44667775388401215,3.6324226455273525,150.61942856444017,3.5752551093146336,57.56817610221066,1
0.552235748432358,2.5117440413792176,84.05126218790605,1.9806794683634437,43.56039260653933,0
0.8956555265945028,8.3208358402095,134.39025863876907,5.9410283447609435,63.92064096699572,1
0.3162615905860131,2.4220246388867324,52.462003046837765,4.373319699403625,48.59626541109335,0
0.41102966799183677,1.5411557519208727,55.510761957447016,3.41318963834319,41.50754337318199,0
0.38452980223840955,3.1762977063961886,60.57845567016051,5.005904744010488,43.537558339507754,0
0.3339266381682458,4.129197178089917,46.93127386367171,3.941240091425487,46.05593082140351,0
0.4879947471638204,3.9554618767264618,102.62304012330858,6.666530316297707,70.24631636232525,1
0.41006533821905616,3.7475586312005977,35.53396436547423,3.2736586220362343,45.51242154771023,0
0.7284173770343851,4.516651471414697,125.68891074513718,4.21115174427724,69.48724800784368,1
0.4465492713246761,2.828898021767861,27.027763645741675,3.605914453474815,43.411200022819514,0
0.38631510785819734,4.757491642265963,55.95217460862063,3.3229364686593788,39.82529611268405,0
0.5748475366494452,5.12033046419841,54.05230982779027,4.517936099135346,41.15690581020077,0
0.8036618656461626,8.041208658142539,123.70050583137701,7.583693427950226,62.41869278307586,1
0.5872395733104853,6.780890424883981,74.39545593755827,6.570201134338064,63.279844265169515,1
0.6953026346555748,5.363383647114578,130.44571770729385,4.147764028058197,61.81518780996121,1
0.421261898012961,2.3382761345858674,31.81232852368997,3.8395056250650756,44.079803868724994,0
0.3732543219588268,2.6690632584109757,47.77429503232444,4.3445679154007575,54.799579079097754,0
0.42983206319433886,2.54146895500415,41.380719594366795,2.821167660855162,38.63596541316428,0
0.3365969862943667,3.1133145869728707,62.44421638243395,3.776779248636026,50.18771295488891,0
0.2396745044328286,2.155875756078837,59.86210168231061,2.91536801419043,39.48589342781351,0
0.5362030709565815,1.660968973601241,75.13924181792045,2.6264041412605734,55.24685906416904,0
0.10712206390170043,2.449155588576166,58.135172650350306,3.499701471855261,42.15305108914085,0
0.545495739044815,4.7486679513284695,51.20234748820139,3.3018682029243482,48.113069850206614,0
0.7148458533738696,8.181153982562265,134.72923569439325,4.075311477601245,60.45963664886469,1
0.6772181781909267,4.264194827025968,124.4692732681618,5.7190495288932075,68.06108939191701,1
0.303416674326211,1.8158403017767213,63.2687497481834,3.0663715294995,52.841861382223925,0
0.29223289600196556,3.419312738906087,76.77105860018162,3.632727674135942,50.69448493756197,0
0.5517582021983931,4.03853936549789,56.44852425013555,3.672892585382206,50.90758397639322,0
0.45039297823808705,5.1639743392949535,26.732855747367235,2.8297432504417848,45.42631090501413,0
0.6329548002341051,1.5451789419122715,35.151206016871726,4.382839312295292,49.46638328429609,0
0.41524944652306417,2.7757048709866505,42.02432252324513,2.340751216953981,45.23245925196699,0
0.28718090236228044,3.4899996692590167,55.32311082097649,2.6293997535236886,45.684128614970135,0
0.26313441469544807,2.0421025071493393,58.00888743893593,3.0596318956533928,44.81768033866466,0
0.3334371856751431,2.520871637206411,60.49882572743034,2.7985387172077525,39.744078506219715,0
0.23250717483001265,3.144268577706238,80.16816723043934,5.995740331061892,72.05142248463932,1
0.3654688665905562,3.1101339485663866,59.447690767242456,3.330475541525059,42.979249485534964,0
0.1917379524296495,3.2582816676773105,66.58267154767724,2.5163049409181886,43.94279375978992,0
0.4434379197697742,4.582571399362901,48.19481232396652,3.8488148846095,48.30218259490421,0
0.4025177354622583,3.8504214285187257,63.05799434200298,4.382648475522863,44.49102625234931,0
0.6934212577850105,7.800374993861613,115.94257278277728,5.41743892456806,67.87824205860935,1
0.5917514081909437,3.515692826903063,51.56992348532042,4.0136262494913275,46.88610672051731,0
0.2997784369988972,2.8695005146505443,65.60867621128361,4.060477105780727,47.19756041656115,0
0.5908089364408952,2.863820229345864,34.29584230889172,2.66347058942069,50.99092446416809,0
0.7074036418473091,6.4438745811102205,112.11321810669827,4.79458876549249,54.74981424364104,1
0.5864850122864806,3.129611709688892,59.01528750076866,4.366689753296194,48.75832421225662,0
0.305312275421282,3.339769051463627,53.026049631124955,4.860719601309495,46.282317686937255,0
0.3567092817201166,2.4045590005653033,53.83581210943305,2.8127635823520976,46.88148858355529,0
0.6267212343643284,3.745438174070969,40.038473081081406,3.938450316958792,45.052605893820555,0
0.2976375413620991,4.412708846349846,55.52292795796734,2.498391428825921,42.87987647610494,0
0.6743307816436503,8.05131921489777,114.55211236661407,5.181495416177763,70.10126530574581,1
0.5299305041262782,7.913382737150674,131.22817153279345,5.4792490908197475,65.13273628021832,1
0.48796277242389274,4.53367005672748,51.87505943713107,3.0687966083115894,51.24972553788548,0
0.07610569437588827,5.820077342322894,42.78502545213588,4.068045605120303,42.961128269685666,0
0.12330222681668646,5.091888191899775,77.60224756412853,3.580306286095073,45.38126364611558,0
0.45641376727912497,2.1649886417875783,37.37200742923466,3.5535168194140407,42.4461951224193,0
0.39953502286159515,3.0970751687697855,35.49677018066671,3.2823939768396633,41.44725134166616,0
0.6612206750787459,6.239746726769667,93.29464984791576,5.5172297624760205,69.38359433955557,1
0.4131707537494195,3.462863961679018,54.05626877953155,2.5658289640347065,51.3781685531043,0
0.4783178620529003,4.235229448335763,50.30870163421246,4.28139628973937,48.16885268853131,0
0.4895444596809597,2.427942339893222,79.93618052359614,2.8758514118024916,46.17239819467851,0
0.3285226055343278,2.4397056707748668,68.50321295425181,3.276502387311534,52.595294924859004,0
0.3219290598943255,2.7365275827848468,63.346629055530514,3.1250632967549916,46.218710661396216,0
0.79613937067935,5.095226368743752,138.21315146685708,5.856728852496921,72.93727162708618,1
0.658239770315657,3.812016962604357,106.73396379952008,5.446500832122562,58.44470510410198,1
0.9565906839855522,8.407885308500742,62.106823243086254,5.032654029581416,56.97511865493001,1
0.4293156472570476,3.31073657987691,45.199967996527334,3.9826749030715316,52.4295051505276,0
0.5732586582305241,4.602369169050815,104.60478595426163,4.034211870166891,77.98990523747983,1
0.30587631430013834,3.8351726025036705,38.68868144312785,3.144695683481423,52.1323749583934,0
0.16694781553177962,2.5695599539271035,69.12694399394915,3.7485108557605074,56.350197652207406,0
0.5425133031472136,1.9647899825535569,64.98490225950079,3.107002345557193,36.314846166878944,0
0.16101068053636025,4.271211401391788,53.674937193899076,3.0583806377841514,49.604317115764346,0
0.3703335583342817,3.7152151007871352,44.45083331783148,2.9801035451811653,46.850967510738435,0
0.4017569090136037,4.793007450850181,49.61126049706492,3.1432490212543414,41.62946321453806,0
0.3986421258312587,4.443964683774128,41.515215212429034,3.7004129508899313,51.96364026073357,0
0.336030793808126,2.783453852670525,66.23912558626526,2.115469977618231,38.032493856312485,0
0.267398746213012,3.1020081740579606,58.66637210507699,2.3429328262764657,38.83639743903175,0
0.9658204296009024,4.27338913392411,65.95707868093783,4.133621680670281,65.03167664024662,1
0.7228413180134464,5.8214416191994625,65.49502203402827,7.005593283421311,55.49135245068046,1
0.47405212567270066,1.5,75.15099385295326,2.6747549771436057,57.71239522028266,0
0.7005669113256962,3.5452973606743203,57.27671415038364,3.204353688545064,51.38629833253958,0
0.4871283541039141,2.6711129230666657,37.80346276037585,3.510636242553173,30.47718261462495,0
0.5109660746754711,5.2099777538450205,64.0326556583319,3.140088787885942,47.77349660066434,0
0.6528945697509846,6.053033152277405,113.95584634919744,3.664194448481937,59.94228918596958,1
0.7572087466151834,5.929738251457271,129.99646801160344,6.194531217123767,55.50174161232233,1
0.36299281655181004,1.5,46.80080910171371,2.8554779817880513,45.102206577842615,0
0.3227352745859048,3.6151912480726733,35.298419997386944,2.3999968385107655,50.39181281851443,0
0.22122085233694763,4.62450597060379,63.226263117673874,3.6513367422851184,50.83528457277995,0
0.4778040049279708,3.710022393602919,68.98259658490434,4.101888670851455,45.553303015640815,0
0.5389638552619187,3.9665784388587664,45.97348322028333,4.3758953962492715,39.959190202935254,0
0.17580572761740973,3.072094167644298,45.46715923119412,3.023597547329529,36.67875629545884,0
0.37208015483162327,3.0393019051571124,64.52870157432545,3.410248000121907,49.611938833989775,0
0.6032506631146988,5.142452983203783,101.0720902053531,5.58250067618135,47.046317369239425,1
0.3730978647634457,3.002220238376002,52.29897196774941,3.4401205905068646,49.24307436324572,0
0.5634676372231472,5.133415107263832,43.71700136765452,2.991608971516237,40.48256182070619,0
0.7354688135096858,6.49050106657917,92.72574484236569,6.245723748695598,54.374835920001665,1
0.654246095488799,2.9696262701385003,130.30518886625234,4.557476342285872,63.69803950908423,1
0.42733105354916007,5.091693905545535,100.45070825218895,5.081922532663076,71.14260934638557,1
0.3926427302739114,3.0867921967980356,61.2376450426676,3.563047619760559,41.68287892317468,0
0.7244504131570019,6.6195870826848635,96.14818727190989,4.600736561273748,64.94512350426227,1
0.5289011537027568,7.531812507966725,112.59221897612225,4.658136179629366,62.383236536182636,1
0.28518194091552873,1.9858798231333972,73.14980135997284,4.103342280918265,50.922995232278446,0
0.7468833725156789,6.821611685580191,126.60903267333885,7.000330889118009,65.35603873985718,1
0.4559533889474545,2.9517931044138725,35.40222477017656,3.053398369152922,42.761825398805435,0
0.3810507514882531,3.1510588248322198,36.45842913866031,3.5566332364360527,41.2658891469959,0
0.8847747696553343,8.44802344865746,139.26518978043214,5.265108904547347,73.41942395988983,1
0.3457196622655308,2.815646805106436,47.10052731248675,3.290087789622495,45.08627245622544,0
0.6998834221522862,6.257281833366559,144.1526949120264,5.002138925265441,70.99082746113264,1
0.8692841095632182,5.736685271322312,114.36780586247903,3.8702263827127923,51.34244701593097,1
0.4131224483810763,2.894138856131894,33.459962647559806,3.475586329904702,44.42364483846461,0
0.7063603366247545,3.744185013508306,118.30507889973059,5.268243978378724,54.78693621400194,1
0.7199241441009375,5.114769225758016,110.93348188082906,5.800916401210266,70.02154672196153,1
0.3689672565812251,3.05859012042006,51.79515353940293,3.943220824987945,52.55789482663593,0
0.9244781424259029,5.164419173463503,84.8749357041597,4.382563436692607,60.88633317240395,1
0.24417056043973737,3.641776969648827,42.54775974795163,3.3358512234191458,50.80512058370717,0
0.49500855022686485,3.019426881985903,39.4220918603126,3.571605539891667,51.913880759665545,0
0.44384355613444637,1.5,55.75040095400525,2.554642945079232,52.42152384305266,0
0.5135608811821352,4.042268471893171,41.20030440765473,4.425927119131989,50.82510299863605,0
0.42403408991406405,2.3765261991618156,62.477028802190205,2.8232293524328336,41.327156555325814,0
0.4602811667917083,5.149929172756757,76.40181844224232,3.7185959669107413,47.36313776884517,0
0.23450304264101574,3.064720913544266,66.81569785999915,2.9458526654173043,48.72697709744391,0
0.27384860027425384,4.509964474881219,55.65771831787962,3.216712154057437,44.507321254311925,0
0.5555670197070446,7.687359369334197,110.47146235280348,6.609070304900409,71.76076765038906,1
0.7017943263788504,6.695848847331232,135.98357670061387,4.661990903078074,61.875243549338265,1
0.7073826425678604,4.839509071317998,110.96483279862079,5.392310462589827,47.456800942209995,1
0.2345204753379153,3.0191142119583376,54.49176474211462,2.0817168212584924,49.817589348590054,0
0.3835318441368028,2.6949157203116267,57.22349821401384,4.28306155329732,46.820117763433934,0
0.6948791615485916,5.494803259838054,103.69230882567987,5.889432308678135,67.88262632323472,1
0.20752765419264516,2.68523195351189,34.66289800473768,2.8179660169153746,40.68508091428244,0
0.3624386861835781,2.409723805532389,50.975470579918394,3.2435840847265314,33.72407916755748,0
0.36028507120052694,3.2294642746868134,74.09514363760243,3.227201865400524,50.484741743453014,0
0.4253168740339429,3.621427731985985,53.39502613889588,3.323073918098185,46.38243903836855,0
0.4255079640642548,9.842720441524984,118.34506089149701,4.755129176875308,68.83039032719297,1
0.44944170484223944,2.9099157136966416,48.88570953672682,2.7163214661107125,55.509314126365126,0
0.6225460155044171,9.432669260201607,102.57862396268062,6.614954624415882,47.85323895432161,1
0.37644291694352633,4.3182480857624785,58.48508669555238,3.596644019971145,40.86466046564638,0
0.3260847816936683,2.05618060534099,32.96702157360403,3.2541573869085196,39.85892048694449,0
0.4690033442089268,3.589612232143645,45.612087630708594,3.9035385644729392,41.134697685297034,0
0.4823922048985582,5.000441591415618,62.150932561147876,3.400777723918664,46.12596126030579,0
0.6466515399534442,6.0429245667033245,124.35985754611164,4.674644720833347,60.79854900258087,1
0.4431784752439372,8.950087383239016,98.645738636129,4.186383652245017,74.12390090282072,1
0.23037157970817404,3.132446043602293,70.32497274623965,3.178568208778733,49.32934350058136,0
0.5612453235328334,3.3291270693432393,163.82054243705517,5.582779903286218,48.312653796280685,1
0.2815800279148591,3.525267905398355,52.903365638726335,3.60366303119049,45.30751765173311,0
0.42388800907725804,3.5287716089018915,54.764332450059484,2.6065068867094405,53.550829384084246,0
0.5075786485223216,7.150395462188294,110.1462604333883,4.218773446149542,60.86368463538522,1
0.1725662228371759,3.7402029026187447,66.04107417198195,4.207367371848555,53.46688090269875,0
0.4179065395225393,2.673006078745098,51.28821277534586,3.6558131044715747,48.523282427188214,0
0.4156413776608978,3.6946172622989937,41.00851688370418,3.551630572706711,49.71631385251493,0
0.40321611155294745,6.552749732553091,120.7398367301252,5.027853528122268,64.33954230103097,1
0.7170085267490978,6.797359789580364,124.34201191729638,3.8392942818836557,66.81306190982579,1
0.3315282336273283,2.8760997648756748,59.94256141040648,2.496464713810056,38.9245454842254,0
0.7805543811510796,6.062159496944829,102.00783321191207,4.966446451288407,58.0789581498392,1
0.36721807872042705,2.5406759869982807,50.96264917199626,3.0698351013854666,53.42127914088282,0
0.3850940961273554,3.9058454445373205,50.79589028891394,3.4398644828283986,40.46261550187771,0
0.30929380733952033,4.134255376173558,44.62175223834428,2.861281642784117,47.75467000047415,0
0.4580628052201664,3.149513846720698,57.524432559845394,3.6443741079041074,48.273893551420414,0
0.371917347225056,4.304969390545446,49.46090801024876,3.6814183969337044,47.274684566617246,0
0.34289423217246434,3.261111155793586,56.170384870015724,3.082745140890399,39.28448121577417,0
0.33055682272533254,2.208269574736217,60.18069023360924,3.8141986030027693,41.02274827567361,0
0.6630925319241496,2.950913366949793,115.30309610646052,6.145518486505871,59.3607059231808,1
0.4917066738131223,2.853757271569175,54.890554569684696,3.3164169387065545,45.00327654502317,0
0.5399455199603205,4.113039388632724,58.14832430323618,4.069017774628423,47.392223991989916,0
0.5272015746232519,4.918373168980661,56.25598438660693,4.136000185982045,37.89263690866294,0
0.73267710981087,5.25033616815649,132.44939618983747,5.819869062080814,77.9370599445163,1
0.26741527581159485,2.65572830059689,48.532317900650874,2.274529530353707,45.8750235930649,0
0.5533512317399929,3.4749652892465113,24.664845056882694,3.3189303952447906,40.57759509090688,0
0.32624491741407413,2.6404175550942703,52.34529219218706,3.2265649370550586,52.434623303336735,0
0.2725029145754958,4.077950048411038,67.70033814187681,4.0956086259966,41.717792959176855,0
0.6899986426880234,6.475686793535132,116.69693991192231,5.899153960117815,57.60531184904718,1
0.36726161390310574,2.0918810962804186,66.94208899840396,3.5313475129333987,40.211229938394595,0
0.3195492116756909,1.9432669201991029,63.783536060620754,2.913930642074896,57.35540917483605,0
0.30360882338821116,1.5,53.459049006024316,3.9566347719994823,40.94242719191357,0
0.4231712424282304,6.362037284730953,82.57580537306751,4.673739398420391,57.544131774069584,1
0.652806399825913,6.745042174533366,120.32671541505933,4.547073669264305,66.32750130234989,1
0.9450187154270631,5.626964453392966,121.1938060531033,4.259992799177554,62.736571689531864,1
0.43331078624428726,1.645834665250523,45.03063604007687,4.287996219458513,48.95793210821859,0
0.21821130760470764,3.8195994676062117,56.204011478045395,4.050602204151667,48.10018195757053,0
0.5241043662153645,1.6220641220201526,80.85037880028324,2.988108315108049,51.21200809424031,0
0.530957657715317,4.701205140087689,55.33457249800016,2.713909392610921,53.8355554517934,0
0.36153385236310576,3.414517304075925,51.39851215844508,2.56346098446987,52.39406272699347,0
0.33877319320099164,5.691128542323,45.10203307890889,3.8814690128684948,38.919280349793326,0
0.5666632739354232,6.110653160026307,105.52037143828332,6.222995594279871,65.28957165507282,1
0.308581078842885,5.001657158491085,73.56423888466593,4.083220481850364,54.26381593534137,0
0.3472944301032601,2.795190818240556,36.43322408093182,3.920102186296808,48.05990124449216,0
0.5844264651252602,4.011626758025704,120.55528573323862,4.687129834697435,62.741253885878145,1
0.3979028371615506,2.879889730760832,38.88008275645282,3.2347805142005366,33.864637719167085,0
0.33979834464743525,4.333645768722316,67.26101305182053,2.246343418480368,45.37011073494444,0
0.3316590135318421,3.36815552226157,65.66145317164506,3.046054756522018,39.493810354606424,0
0.7868464287797594,6.943648668822153,90.64826567766045,3.9249519261595767,63.1913713362131,1
0.7993554942390528,5.874104644619704,79.93551753421299,4.9950281239110605,61.38144950799453,1
0.4466920271719579,3.7067300550542837,81.99175237925026,2.447155203314432,43.3933150753833,0
0.2184496626653179,4.254981231842321,48.92524806511686,3.025794670364441,45.40454553563817,0
0.7643927424739982,6.8018824934065485,91.70813237428764,5.407865286411641,61.374929026411124,1
0.4663157587744855,1.615468662240507,49.01164893986971,2.9225453110321,51.88616858883757,0
0.36163792768805786,2.3109678909685116,46.80590470641374,3.8719632122648875,51.79372256531325,0
0.24660093210531508,2.7454044786219898,63.76787926974542,3.915551268445639,53.92732469915314,0
0.3262014785069184,4.458453218257279,62.96462492422504,3.2266187782499767,45.13999658766653,0
0.4041996352368942,1.9539057742121693,54.91220640766063,4.432746302499726,44.400162266141734,0
0.37033028638938637,2.5886502116859984,58.746083426218355,3.5394658564035817,42.6725785055027,0
0.4613258628242394,3.789590652890357,38.497750994700766,2.803820372808991,49.210998727008054,0
0.32709916672084455,3.017114313689729,53.25356089164794,3.4010336802891126,43.033280895600335,0
0.6982961612246045,2.3798188100391156,122.22901260017939,6.336337450247058,74.63653842200502,1
0.47493962698498904,2.3419166777196017,61.797586297434535,2.889494274428171,51.87555581952276,0
0.4775434959845212,3.9994948828105135,39.0753034916619,3.1079555820005016,41.546707718646076,0
0.3081792240868817,4.253778249736412,51.45886412917255,3.4869593512460235,40.7994385038579,0
0.4671758152839867,3.0272494331708804,65.09699658561239,3.0771251124753105,44.02061354498669,0
0.4577534604988956,2.3544024906901657,49.99347196941103,3.0320770360604015,54.54907372488874,0
0.3037143218970491,3.0342475745519533,83.22597920139347,3.3785601590315855,39.081143137172596,0
0.7094011810865123,7.793515270651139,122.49831631597904,6.451246849126871,48.55634438666236,1
0.32031863978769926,4.141213856606697,33.1046243554337,3.1682990967805242,43.95206972686502,0
0.7642371840632033,6.43977360638591,124.7478952986838,4.480030562614032,72.15322890467932,1
0.41092904822078274,3.8775395841124682,48.785849186289575,3.8499477509929703,36.90638774882511,0
0.29134904435205394,3.1873847745797357,49.803205528876276,2.988161585501569,49.89767182083628,0
0.1808765346804502,3.311110911683526,57.99856271592153,3.2443668913187556,40.338695082254056,0
0.56298017608448,6.620757641132202,108.94427383276818,6.537267222345335,56.29291030832906,1
0.36942031693843347,2.996271237186045,59.77305371290421,3.2128921918994204,49.949655631626996,0
0.3648148217190313,2.0545381555389723,56.7460786315794,3.1635290141204955,42.19670885457064,0
0.4627622105983946,3.178398272184034,53.451734552634264,4.5746184054083425,46.61898690984527,0
0.4145484946256779,3.803433060576622,40.516020644164,2.1461899534468376,55.403854636779286,0
0.5201891938635363,3.28709939593928,56.209380747402776,3.1691000094974107,43.864013316926666,0
0.3815288030265762,2.3872562770738086,63.147958308909196,3.078784718037439,36.81980362463419,0
0.7346868741327578,9.092724859876402,128.02923002581454,4.497439342535419,54.343932095963744,1
0.7087528498094976,5.455942358410638,128.9793688682897,4.740054557544952,74.97392668269626,1
0.5235537088977325,5.29431061447492,67.09230681136046,4.2173893782297975,59.11381999605811,1
0.7504042098623015,7.484461909260523,86.73819810473093,5.767979809713204,63.90073771371269,1
0.21472461983550134,3.5415230892166703,61.78153648610598,3.417149061729667,41.689134219034884,0
0.28014146567196985,3.063191436572623,129.11061929438083,5.221088501400606,58.98349260838095,1
0.48885423280543383,3.039984707232607,71.8432837348012,3.2974172265802384,42.57566960613326,0
0.6919445719805839,5.987656627388911,104.45781011487436,4.791248884492379,65.73759085516137,1
0.7793764814348979,9.13913702871685,125.33630718561336,5.335893118859,67.75355231496226,1
0.5530690392722767,2.68948510904297,53.577230164342794,2.7107989804569903,40.71222369376262,0
1.0308341062315383,4.248611252970003,100.09000808150401,6.186575053945225,65.14617895556033,1
0.4161101358289134,3.315086211535753,57.81544198107585,2.631024435830128,45.65125026978707,0
0.48079425851820234,5.540328752121022,18.00496284331757,3.7066153482447195,45.467468133123305,0
0.2872554076187076,2.9527096985202785,29.304967741225745,3.2485672433764194,47.222134126014204,0
0.5118371820168364,1.760578755384052,50.7472246696737,2.997921555203628,49.316656891725245,0
0.5031336878198218,4.35305976379769,59.193414679409685,2.524463336857594,48.88468109865589,0
0.3130927258080971,3.126581136521855,41.34988575905815,3.5996332649391816,39.39620280523649,0
0.23351907639367686,2.558554110684139,49.891239153410595,3.1242964111112665,43.741349047670326,0
0.505562884491354,2.9221940602348653,47.65208932835563,3.4762993367710195,41.37534235807048,0
0.3353252989981916,3.1107680234039146,77.55820029934355,4.110740524534752,45.059027540444504,0
0.4241923811251721,2.518249568601944,57.53839047298624,4.452011795565895,41.43514065178327,0
0.4439318693193678,2.812511166540994,89.34716292741425,4.173314203462006,48.76708399332855,0
0.7666113538170336,5.936049457357866,109.62892974007224,4.317855299076459,67.52142266223504,1
0.3408731852871862,3.401422080373986,53.14537730575689,3.3616539864153077,39.47417679350117,0
0.6512583286538257,4.955210564317939,141.9366749355298,3.4543944813960232,71.14745166306207,1
0.5074528864568728,4.591550447987193,98.62643315430088,5.185505059216889,66.44029393242383,1
0.39941636635096917,2.064254406388222,62.69585666158427,3.3417818545868676,46.27064800728038,0
0.28363345894783637,2.9034274610522424,57.263628448957185,3.308498784270959,48.029468646621666,0
0.17512667721127256,3.954941620829485,48.32303023145077,2.997258513341488,37.9577032739096,0
0.1867606039273559,3.516379218715281,69.43033081177482,3.2862471624315415,51.31486083745232,0
0.4743773469382869,4.342172147308995,55.189164277021504,3.3001828150888746,42.725799268305295,0
0.6025558560137555,4.394217291440249,94.3859109554603,3.77623694208393,83.4691312925778,1
0.4655544127993418,3.531105403362471,50.3693908196623,2.683827663442521,39.022008557749444,0
0.44718163713758136,2.1457098332664115,73.49555979296834,3.418968372914647,46.19630146777745,0
0.9255254550549384,5.904599347844632,133.37305990854102,4.767379930926555,59.71902610491694,1
0.40441810554438984,2.484319656344545,66.70811816682645,2.9359309884269296,36.96316139060361,0
0.5365404664462782,3.8190122107169193,52.83799542484791,3.189421047058614,45.40881330947274,0
0.4163318940178251,3.3182772059043653,59.332565622396224,3.5449753853104298,44.03228747615217,0
0.1624476031396159,3.7831357109380805,68.8526547957331,2.849608643368459,43.95324703713783,0
0.3625501679257443,3.12033135779013,57.48228780730951,3.0514724109459865,44.370446261213296,0
0.278706456240996,3.372074362160777,56.33192374085509,3.256690758283509,39.89003980976234,0
0.6150490358346945,4.306683953827621,120.79499680080708,5.444150490721774,58.260627010874785,1
0.5254349483486325,3.098416052628806,56.2198149870557,4.037601483759818,43.601596057666626,0
0.12420914876382844,3.421883386720977,34.36556690961059,2.3243335966309346,47.282682591239094,0
0.9300418800389537,7.793118902938739,93.62075626786262,4.304454317348312,74.34511709405548,1
0.34923554857538175,4.19168556111107,63.00851492600108,3.2522101436160273,45.65883911743048,0
0.37551612212510227,3.9625298360349497,46.408312903293094,2.2526544066886975,37.549679549525635,0
0.4046727037899754,4.700414694254979,51.08619738339262,2.8511702887892025,50.969316398113754,0
0.35743221422473515,2.4917840219272165,62.41564909064729,3.621431905603936,46.698873083357256,0
0.21810064135433957,3.0318825171432207,42.78127883678737,3.990192157126535,47.01906287396798,0
0.4533229935470487,3.3309667463869745,46.34922558814713,2.7867838818112185,54.538415951744284,0
0.3536251885817049,2.3725360478511557,46.26371206216268,2.671342732650919,54.07997962582658,0
0.5463189545776792,6.234888413724807,144.40298930491525,3.574217412388117,67.92694634645937,1
0.848018347918436,5.9374750308541335,86.42767721673574,5.348989928160791,72.79141801006264,1
0.5564679797668854,2.8705911881837265,58.6010293100628,2.8547540063882666,45.8092391189487,0
0.5656628314156206,5.657062787528792,104.44123571671959,3.4820562064693243,63.86860629082469,1
0.8288184758044347,3.5782387017707538,60.43276871203639,6.438436941032364,62.660697422506885,1
0.40834044630132765,4.005383790658019,47.94112446811822,4.16278066973061,50.324258380020325,0
0.7152340886632687,5.975403998300512,125.93782541537723,5.1453997972731145,58.649740300496305,1
0.28449872262951426,1.5,49.604001529384945,2.502913571453976,37.80493287926859,0
0.5397724431263176,4.827110647319659,156.8963533299791,5.057537944289808,71.24769210932018,1
0.5764752339172872,6.328864628553951,93.35236916216795,4.820952890929575,57.668495362260096,1
0.38268935941117654,2.480964999718967,38.534175422560246,3.9139437160059387,43.859043230692734,0
0.5408590789820698,2.038113603561511,37.5484864417719,2.2904521118257737,43.013585128641296,0
0.2095817106021332,2.2334333610270694,61.17932916486289,2.39757391141462,43.557348355669845,0
0.4295653652057243,5.026617318827359,155.20980420600085,6.1294026930265,63.92223085416162,1
0.7808232513270152,7.074383896581049,153.10102001199817,5.917185368088195,61.526740556880824,1
0.42449997123947725,3.695736649573173,53.83425285996147,3.1351165700483303,44.12825074075438,0
0.38391341246830873,2.558130712604157,62.36415975225345,3.648333393768579,48.27953972080269,0
0.5420754389585932,3.3267756701929754,67.36198610182473,3.8509499134871996,56.33201057407344,0
0.36449133128111394,3.0592387302762676,61.11117991509887,2.8022161652344195,51.61370631187154,0
0.39898467094943313,1.5,60.02824724629577,3.8331416703227053,41.20793718869402,0
0.5696634518265147,6.702446842070488,125.5816482325547,5.154981177027618,61.9927366124029,1
0.42551715489092357,4.535857426099783,59.2785085395454,4.424777916046443,46.36504630302057,0
0.28357786933984835,2.7208610618251834,57.161553325669736,4.108889136355151,36.44319142875009,0
0.4040557456401914,3.275739747208313,64.20939050493318,3.2047996389588738,55.52542904054825,0
0.4899269965721938,3.8023053107546887,54.52775127627769,3.592570852338667,46.82507383676791,0
0.5537104053279795,2.6337035707451593,52.015428048992845,3.3855629238039597,47.240180194238555,0
0.5382576030595154,4.874778527501666,61.47681420707622,2.9160738669895325,33.77387940218365,0
0.26479841389778086,2.9884541382287715,68.11289579747952,3.5252490206883467,45.32891443297205,0
0.816016655503542,5.421674732835158,108.85199005576318,5.230103714409616,82.49448846315633,1
0.4201900116270144,3.0623316270073238,54.28667242054133,3.562038286949574,41.896064173278305,0
0.6316675292028207,7.648904124662838,123.58666447736405,5.571673507180699,63.7632915871564,1
0.38468847753865765,3.2382802778471835,42.737647698094754,3.7915328214481208,46.576809842474496,0
0.5106397831993232,4.081088490058601,44.50685909106851,2.9574669128675137,46.86938982257644,0
0.44054920880922394,6.111665313760969,180.4511698824458,6.040986156597512,56.239331486954825,1
0.5700085235580603,1.9607489304613321,38.33938838812172,3.2094619391643167,47.10711844416438,0
0.18194734390924014,2.042814381645492,43.16445814513078,4.238782144950424,49.49999778014594,0
0.37852426343827106,3.3254298343590407,63.15741031957907,3.0495561165482425,37.979397650928355,0
0.4299862372035799,3.506448895343213,54.68476684393638,3.4310939965602194,46.82349386009531,0
0.7928815170053662,5.873200250835029,88.93145549140212,6.326180549686432,71.5233986655628,1
0.5798179695754115,3.8219404575563556,49.344467451635204,2.867582216886875,41.913537203923035,0
0.8983523900462117,4.391426575682093,152.74596739578652,5.188112150048233,57.59881810563116,1
0.40822978191896825,3.568963239994554,36.475029754644446,1.9123464600617945,43.054379514172766,0
0.37921714593586325,3.342278576669548,59.353717288898736,3.478723567528118,45.756559762974646,0
0.334503423298114,3.852841171222722,26.728431742345855,3.9697811745118257,53.85703782599666,0
0.7073727779362823,6.755542180533416,99.9449242369218,6.267822048172338,64.08297147362128,1
0.7599451042468599,3.271794803110108,65.38435551192273,4.227436205941198,59.271455501177286,0
0.826049660772358,4.254971241185048,77.48922419277181,4.5865053296565925,63.42823880203214,1
0.5574963713174167,5.146872661613745,120.1523678193211,3.158490532023886,65.94062412116075,1
0.5096003338098903,3.1283521099727074,65.679844390802,4.195508609853047,50.27610548494225,0
0.4649793788341037,4.179267735385841,67.55238799061635,3.7348549316341852,45.35497600462223,0
0.8775426991544728,5.126931712656846,102.50603770622209,5.8475748846713245,68.02412951031324,1
0.5982841534038638,7.491117104436017,99.42522457413635,4.552982494445807,65.26582893526333,1
0.39750058664079063,2.5854095149512726,52.94390160418003,2.8805501669265614,51.25050130875206,0
0.6220169242091997,7.367178242928006,83.9026134446849,5.309445821836427,66.77741159801683,1
0.28349793668615453,6.289607617867518,125.08590185397354,5.403369907499382,76.75888366435781,1
0.28076777480008436,3.038583143273595,29.817738701119797,4.4696600470242185,25.737415039142142,0
0.32741086364707933,3.1863866934540614,69.31206680098796,2.4489190552466233,44.40877835481966,0
0.9036069789783019,4.738046051530511,98.63605838652558,5.136749745068624,69.0410352915213,1
0.3386228321646891,3.0589848836923355,36.25235815691007,3.134232711814092,29.4683677695895,0
0.42783726986100123,2.986271730640511,31.050367270336498,2.854262274251369,48.750007801844866,0
0.24492928942389725,5.065805097458023,74.10543577586553,3.707527062460081,45.70592790241346,0
0.2803973039103933,3.130627328654027,64.66293555673627,3.177610047709762,50.67466111274002,0
0.2680070627329446,4.065438482881717,62.857373029256976,3.567261264764481,52.06930863447194,0
0.3908938303107921,3.1548935119372783,67.99819497814212,2.6446819224195477,60.060143035522614,0
0.6293268179320242,5.461980412633423,76.03161217259549,5.989530135431818,68.80408594788423,1
0.6040070721514373,5.128306467536863,161.77371900320054,4.329133551823962,57.28347627420113,1
0.4200987937936589,3.225667684429355,57.902900740178396,2.2279572845623754,38.225362727156686,0
0.4259107883335012,3.6830974313730884,51.535099000967335,2.8074543264227385,43.506955732958886,0
0.34696609159400554,2.604445163574211,42.25856692075442,3.131504380145731,45.244310240650314,0
0.3950451529048369,3.3548788881902984,49.99511437415116,3.1910436278531424,45.74950175499186,0
0.40368328929356634,4.887143079503768,47.395744190336075,4.733082342785667,41.52116658175828,0
0.9848554567147658,4.081426999616463,101.28107871932143,6.1945100610153245,63.004367504986156,1
0.5420248929408532,3.248187213835136,53.308457662113796,3.5272703158419816,47.95100524633435,0
0.5317565064608776,9.484556564276176,119.96027314357757,5.370860728892796,63.582596468388495,1
0.2389963627498468,1.9876824945250209,38.21118951152165,3.3372054807480414,56.869943119215705,0
0.7788516496409483,7.870471943662048,115.21254801741897,4.290103396461694,69.79880257544836,1
0.05488192932204233,4.335755774236853,50.41675941899419,3.7221008481603555,43.58058077699319,0
0.298205294830618,1.5,60.217451514575906,3.913283555473089,52.99006712360906,0
0.6399716414379584,3.7569023240334,91.83161856688884,5.797205672195602,59.897338768928435,1
0.5191675940037159,4.058418483579537,54.65134436529459,2.3470597050966386,45.48898487345486,0
0.47025813229591606,3.2513323415658824,52.71235036489648,3.926023946425518,42.44050484570971,0
1.1615632213470979,6.435758538798826,75.23815053789073,4.586917046536722,53.16060265457301,1
0.6610911511824425,6.072644996563453,138.28305090160495,7.817225805961385,63.10560126220685,1
0.05,2.1263853684948706,47.66460955519647,3.254868681016534,43.274459462111444,0
0.3072823994612146,2.7964763311659873,44.52884763743603,3.468985105337556,48.33820534234321,0
0.3745081497915122,2.9521988139962243,60.07965381050922,3.1874227425375965,36.827572036234514,0
0.34838783022959063,1.9552988978530992,71.80566936637335,3.7311646106544236,53.141068277149074,0
0.33956449872237954,4.709193427908973,80.48893103414727,3.5244752442220655,44.55570025985201,0
0.3225009434213352,5.23812113445379,34.978768093257486,3.5717421187384977,56.466258360554185,0
0.36300437528251095,3.630348174012799,55.68591803202193,3.0694152474887106,48.63314467723679,0
0.8195779346581296,7.320110553731288,116.00745645603232,5.834928168800901,65.62493132209808,1
0.2823870975797301,4.115409384813548,57.16060565682849,2.934845404145502,46.1415126033005,0
0.466344971755671,2.813587371574119,59.03675518754648,3.934827263334885,37.92514181366504,0
0.4685368622448617,2.5961299136984737,61.81466984933935,2.4735919929249923,48.36475519533922,0
0.16989658752989145,6.334250818086648,126.861171691876,5.323341108109045,64.19080342978857,1
0.5997026183822793,1.8989556430775247,70.40514397838439,3.085719339311433,40.962382006733876,0
0.4407044648684421,3.431284780454339,51.88584130621484,3.0518564082835433,54.285326896417885,0
0.612779591215629,7.778272333944605,91.50892225288212,5.218717985631878,77.49600223812485,1
0.6758523596672287,7.935107775898286,106.69571826048241,6.961334818965097,69.41116973784024,1
0.7500737633604687,6.628148222343962,117.80088348768835,5.244920965653344,60.25712149299304,1
0.2562254138582182,3.418761571196315,45.97481977201639,4.058876480442061,51.469336719686176,0
0.3820233637128452,2.6250944717576967,55.49477158310653,3.2991670168208445,47.89885826308095,0
0.7422153847973721,6.473087751499728,140.19139796100302,5.192983141925756,60.32006853205672,1
0.4236690434948724,3.8054956270224616,69.29021253109708,4.038622097451653,52.97247842794458,0
0.4345732778897664,1.5652309778549276,62.037561668365626,3.5988344011108486,43.87374779575473,0
0.3429484835595348,4.0957689648415085,63.523709823598935,3.122784104116907,41.97293015773493,0
0.4358887015718972,2.434591147990353,72.60800574492976,3.607844876121401,54.90775190614447,0
0.4811366044311684,3.2990880907170457,45.106407414247066,2.439433137563786,41.88517775860507,0
0.16928783190841065,1.8782531725250176,64.11929698457017,3.5166060786890236,47.587714040370955,0
0.6177767326545051,6.334094063344212,121.175537208711,4.635298886180335,56.680214536590924,1
0.2672302886111407,4.131288739832021,43.230845227860485,2.541312523048908,62.08643276427942,0
0.37750461971417887,2.9834527546305094,58.39770711405651,2.1090620591358595,35.793519426852924,0
0.7233699687676319,7.253953029005192,139.87944002345017,6.148889508902506,50.026200748368396,1
0.6846374170458123,6.132072272403354,101.7884177469809,4.704833323318933,65.37896526632605,1
0.7369797537169934,6.989669670057719,112.23250138702636,4.867111714938783,48.78941031424619,1
0.3816374462728355,2.3087272099372944,61.626273825215826,3.387945621299428,43.28473334665961,0
0.31030917992395,6.388301613620186,131.3682668916148,5.285394557258516,62.19854860372343,1
0.320908682658524,2.999503656605802,64.52570187809636,3.445021157344905,51.54876282018584,0
0.2997465086450789,4.312439552134179,63.35644086066505,3.421041708100834,43.100632431222834,0
0.30427904895461644,2.9777916246980793,61.453458002477106,2.1421723378537267,41.62079450242455,0
0.35902838367443246,3.58652330391726,82.47400738414906,1.5831864621590717,40.96651321590511,0
0.7064804276838988,6.900112691084388,111.57398441549063,6.150174484732809,67.4067039229138,1
0.7610082569229953,9.635163976250954,86.06268171642625,5.78802690635573,60.89961243187093,1
0.35583721608675867,2.9042492986650843,54.70676518160414,3.375266528682207,49.53445951509806,0
0.5285187056388213,3.8593956844138884,35.7547341369196,2.7761391105571063,55.13557231512838,0
0.5271137918187018,3.580268412705608,12.649480563715152,3.0077816957304937,53.651587231723745,0
0.31554899685032567,3.3102820638251815,76.29622409904947,3.5270496409496896,44.435779840633906,0
0.5035404093485693,2.717685040243686,51.0601114178456,2.9839373763293424,49.57527690398021,0
0.36322252143024053,3.879733503436784,72.01684664949717,2.9994479794922944,48.110186607493986,0
0.7930612212006755,3.8313359520720724,128.88656053376553,5.488950165746621,70.06033737111608,1
0.35284938249372555,6.1050338171915275,63.947670444407905,4.181298563827525,50.221584495829866,0
0.6395749127762573,3.029896416313488,34.8211863716387,2.7726546745987912,39.86998021562781,0
0.625782487081745,3.6729809965307743,43.863104462370615,2.6128425632719723,39.32840835107482,0
0.39206125300314093,4.838581154063641,79.97401293156956,3.0826743825124625,45.8259963240675,0
0.6238952828421951,8.78507069333572,125.55949427428614,4.501948930761774,70.95392955886027,1
0.4286800186624458,2.4863197504658276,70.37722116947987,3.2521313560491385,33.55677553105927,0
0.7883049134527411,5.089893789347936,108.55055451999463,5.713949775321547,71.35346782334743,1
0.35034636063386093,6.867371665247188,81.10979834043876,6.0497843818511665,56.157298120371806,1
0.4793531417075315,4.908061242822094,88.49445879286392,4.722073785369654,65.55360970407742,1
0.4706869768623478,3.6620838522209542,38.85045282993991,4.887642071292893,41.89265141253947,0
0.40601715841752345,7.579356386214476,111.80158096235144,5.874447130886566,74.37983794756693,1
0.36177844767475764,4.016445555737695,56.06683403458519,2.8557364373783427,48.068046522168245,0
0.3439559596201843,3.1516400565782114,56.147233694727404,3.6411084682388872,50.31284542697787,0
0.3054121318657151,3.993932595083825,45.23364152977904,2.479622792638826,45.69278259275227,0
0.7106979073592549,9.112222794779802,107.30923790547405,5.516212208407818,54.84975067248749,1
0.3218731255772922,3.4239783230494165,49.143329629235446,4.198588866428611,44.827609574475524,0
0.45123315133678543,1.5,53.11740838576914,3.171975533498068,53.20370479785935,0
0.6943182265453851,2.7856953861645617,52.2007814985692,2.9382790120955797,55.505241924267,0
0.4701392329879687,2.3891738991751175,43.83723914446506,3.3220496920125955,43.10341261238126,0
0.3522730903056308,2.9569602230678136,77.77473078871134,4.002361963582821,34.45587280581813,0
0.39555614206745987,3.154078944020474,52.468711281348334,3.875367697270689,41.409313261936674,0
0.32255376725032425,2.761056289088894,60.81071089303474,2.5737025500347706,51.2873773103208,0
0.500074198131522,3.6428414521637134,54.47223124274859,3.180261990128779,48.58234759804717,0
0.8640382588769826,3.3236844906431156,87.12347867205716,5.523979850821749,63.208292746671695,1
0.4507659474157949,3.3593849717264215,55.268886891869045,3.144472759820262,48.534572675607976,0
0.5407296753392362,4.310303883134414,59.911080983354346,2.27565008989895,49.34713191632644,0
0.4043512779373851,2.082900282687241,43.496419291951774,2.808413643706487,45.70045447690474,0
0.47851657676457804,3.6445611379786302,57.97507605422807,4.088087818981455,58.20490396034848,0
0.4032606167600309,4.253206794187366,78.10255693311106,2.5459599372147927,41.74977789011042,0
0.6195478299822934,8.656659094993412,133.8234079812463,5.480813691073281,60.38694123847032,1
0.9212631073565243,4.540922716388732,136.03831830766808,5.761997436993439,67.70965541484244,1
0.3964826655386008,3.738445636043103,49.92809115391373,2.7760935397685635,43.59689740992029,0
0.606340575381523,4.6261346866399675,84.19551175445872,6.0437338419324655,72.90697299739637,1
0.33255266179365384,2.6394460875474604,42.582808713392964,4.134466535151736,53.791009937165654,0
0.423255275468331,2.369854021685634,77.07270666633765,2.0711822468291485,42.08374800718832,0
0.46744254782071903,3.6050446702158614,33.06508937539344,2.3908924186560414,38.79962973228523,0
0.661598855407563,6.418215881355169,77.3629250868654,5.5107283478130595,59.16983641372266,1
0.370293000467759,3.7895385247650055,53.610065195597194,4.292217708606533,35.85830252797729,0
0.44032707129127796,1.9517006925167575,59.313848736558114,3.3383656007727227,49.41618853241109,0
0.45351586199187965,4.081723743960521,61.842070049302116,4.011423595168169,46.159364115886135,0
0.5149634964079532,4.336997096987402,40.37417084206143,3.2200281202102095,53.08735501832291,0
0.7327121454571597,10.77015676947416,97.16415218943807,6.002943969909925,76.48379811644828,1
0.3940098723222134,3.3080386857996285,39.4707092197295,2.318372549780304,39.71462829611212,0
0.7005248712608063,3.075114966822996,58.647016266695644,3.180967394280715,61.63591773015597,0
0.6533298360190054,4.864164996525575,118.48471198103326,5.452210320098559,68.59822169173414,1
0.8571281459742041,4.849981420817979,113.50591937825504,4.078150818999447,59.72519302694378,1
0.43044150498333855,3.895930753341543,48.5255242794849,2.2988309215383325,43.53656151055546,0
0.4754129315319744,5.941937401919248,111.09393347486068,6.106278820666217,64.14725300436092,1
0.4933214943468004,3.273152027149907,49.43194735703929,4.2232103038198465,42.03255328865066,0
0.36052850553159194,4.478048840882817,57.711312329068626,3.631267549366653,40.16069683080146,0
0.3197119773430695,3.007356537296621,55.15063267732342,3.133341415189273,44.456581445031205,0
0.4799232626994035,2.396679536730203,63.459925432073646,2.8094013378566287,43.97052529730481,0
0.372298585530592,4.29913870429441,59.087393496105385,2.8705784073266987,44.143180888861956,0
0.1519718220409579,2.674806581959026,41.250701969205814,3.1098018627172617,43.50350416167751,0
0.45744165817538196,2.579016036898105,47.04771326860159,3.3272128237651293,42.60308286300497,0
0.38570153088921316,2.971411821590321,70.99739546710259,3.245853293481654,45.33310361096544,0
0.7428858781350854,5.386539934992231,112.19568801550588,5.632952629576964,57.03568994935055,1
0.2390823872469585,4.327139372559333,55.08654955400362,2.9841914053210883,45.482634477338685,0
0.3286941843391822,2.4470906974418605,65.93351012853222,3.6270231028598543,37.5611185479706,0
0.3799380593164745,2.020444132696171,74.69087806593177,3.8146224416669954,46.589172020816825,0
0.8663941067855843,6.526373225716291,113.35438141387496,5.1420052845285875,64.72994147710078,1
0.3655748716776321,2.4498348601275595,69.80548489376282,2.4018832155796153,43.79831141321895,0
0.3258528202358075,1.5,71.60927015807108,3.924745617808234,48.51691951278093,0
0.7122831070930847,4.705560349499116,89.74231671895345,4.617963481419886,50.77371879828135,1
0.4787596949251603,3.558642638679195,52.41487768669033,2.887808773123777,43.62380477053635,0
0.35648234519650485,2.7733343311260006,51.0555684983683,3.789437128335335,54.27362698386734,0
0.5718327978784572,4.445014975594888,69.129541035224,3.8195228149306173,42.94030711973159,0
0.6280730690630414,7.695703993699338,114.98425241889618,5.749230471973914,60.764954030638854,1
0.8052257403488337,6.5770455576884075,117.00292794090393,4.468216098902194,53.283647327664056,1
0.3235000113213599,1.5,57.60785952977258,3.9353508861847466,50.39840124671086,0
0.3910186601792821,3.8959920437157476,57.30605097594163,3.933081133544846,55.402138048039475,0
0.3706664415171789,3.3682123949679172,66.47018299135847,3.0246344088629837,45.46882598838598,0
0.5237699508744418,2.4427395887158436,48.18462223602697,2.5664570233887396,51.17844639813403,0
0.4183653483450925,4.192704905730536,60.55538811692464,3.4315874927614836,44.32548941311895,0
0.771961490486504,6.133267324812904,128.9735916248639,5.771653435110359,64.75992905440211,1
0.6895892198592777,2.5513017453025655,51.66643232898068,2.953560969289216,44.56432624579394,0
0.25325262745955557,3.742737181220678,74.470169657037,3.581418385751191,42.148553206535766,0
0.7899014659512885,6.868556881338464,84.01204997521785,5.9687395532201535,62.75815890707479,1
0.13643938918526968,4.479386550748366,54.75112173441278,3.96485847628592,36.799048311288814,0
0.28836596049243873,3.574202549209644,46.76684028711038,3.614848026687587,50.50110919128775,0
0.4385342311269582,2.9282010424829563,46.51781949940841,3.260401904167202,36.44227284956334,0
0.7470063054510458,3.5755624324894972,138.20822456446027,3.8046867197450576,76.90501684142059,1
0.46527521055357857,4.95278133667208,52.22104865274332,4.411703791447708,44.8331721320266,0
0.6426970949157387,5.510907992756863,103.98591088425496,4.607866066768465,53.931533666782784,1
0.7522405632202208,5.789191229647251,99.44849283863982,4.478955741971914,62.37988628061102,1
0.47884108081568777,3.7647728544789643,63.42570222764988,4.0085449424412545,56.65208295841716,0
0.3308126576937059,3.173932102897535,48.72986849430327,3.934799539757826,44.43755855875311,0
0.451682388031162,6.935635185804221,77.65433569217912,3.896323368523324,60.09921546562318,1
0.47061284450638,3.102331963274326,54.78983515418079,4.398198218172744,49.40739716276893,0
0.4635323729713818,1.9125047898756369,56.6078476222956,3.9177619635910785,49.31070449372447,0
0.3520641054147441,2.0910439931008176,61.151878388365304,3.2933253932357034,51.464617907752476,0
0.8310887484635595,8.735291532940368,110.46944807019715,7.2588680169580355,58.77954759889589,1
0.6105598625247983,1.8187789451198875,42.49049186687455,2.835435764204221,48.05054608814587,0
0.3378493946750414,2.3321222190430633,55.939848300867176,3.682690487998053,51.729069316473314,0
0.5743539940610074,5.990264971825393,95.74066380352663,6.112975800177318,61.88378369507709,1
0.803191863899426,2.8509480468262947,111.3167858467847,5.316659257303938,61.05239774639337,1
0.293562410367895,3.0503820642620822,41.18428600711163,3.949599488643006,33.425014262242826,0
0.5069154319596318,6.562469239841133,130.5603088037505,4.849892501119573,61.71416426882428,1
0.3409953698023506,3.247765324884784,50.689519700174266,3.685217550198521,47.61539734055274,0
0.8000071017377819,6.19691596678902,101.13545447580651,5.523702922142835,65.58017030934141,1
0.2629079979261211,3.3715464567823044,51.63313134334767,4.131186153411374,57.825598782231,0
0.6266487419177346,6.79164651232797,102.4357435746833,5.799157502696255,62.522045309554045,1
0.678182007994016,3.808268032641366,49.066449312327656,4.27077202268221,32.23965614219076,0
0.3554895606667068,2.736428667786848,37.94346708070007,2.31550914608955,42.40672695614615,0
0.4931246158389797,6.640010778769736,140.741889505765,5.534015973338105,56.719026344104435,1
0.2670961700473287,3.937671648698834,71.08067937695557,2.5721585925827113,50.92377908324796,0
0.3919572368094751,3.9363366525872094,58.67920611742987,2.928762378435881,50.24517584798036,0
0.3877253526260947,4.6097912746018075,108.75732036155988,4.503339042386157,42.504008083379816,1
0.14578823218799805,2.809886341294579,83.9240138654009,2.9886959246307825,49.801314356621944,0
0.8373188611196904,6.918088327832994,104.75916507842288,6.269276944182506,59.836774301182196,1
0.7981038266132856,4.289233324033251,66.07467535879863,5.445828663986586,75.45050812487445,1
0.4185458119175979,6.136558775085669,110.3965503478615,7.901457919759682,68.676160323095,1
0.45225003793921514,2.0435107233238075,55.12979823307042,2.4664907879066793,41.78791803004144,0
0.3335182918921379,3.039752041430449,44.634241369836055,3.6875922217271726,49.936769495845724,0
0.3962054563535118,5.501380750294226,49.843211980630336,3.1681780241563704,48.83511580880117,0
0.4236734762523378,3.9086029017623343,41.45891580945603,4.669101494225854,54.62843912056333,0
0.28772582795362306,2.1591552581441635,79.36436129203722,3.6775652609831115,59.116317199561685,0
0.4022536811014313,3.877937657069336,48.93430021604198,3.648729014185018,49.617814227793644,0
0.2521872152981903,1.5,59.92281813305944,3.8262611073907573,48.73969809722134,0
0.3720346427286402,4.2529330204195155,68.13343301566655,2.869779895085917,38.46534614558226,0
0.48589233297355255,3.566552626165866,68.71690706206788,3.3421434820526312,44.95919981549371,0
0.7906180742039741,7.111035157222871,90.54290748971341,3.994638307716024,53.39278959563888,1
0.4555649034547898,3.832620917037907,42.64134428589885,3.6205965959663646,52.3588412707132,0
0.44837614444330687,2.3229867885760473,32.546556846107165,2.8062823689582266,46.829342842925634,0
0.3690867091251344,3.1498840805164123,45.26221015623976,4.0407968399608745,49.93751904937305,0
0.6747463487694068,5.113296724701011,133.28442900492894,4.724385768203735,72.53770305531194,1
0.35220054561696357,3.0452665372161145,37.14652083629978,2.4465932666743972,46.358932884779364,0
0.3122187986010236,4.015913887383363,48.61274312054346,3.2747210761462475,56.05342961150191,0
0.7627670778972081,6.372954781906054,107.73300135625902,4.939637917298651,55.89736795282512,1
0.3602528865389139,4.452849787902382,45.11330146358499,2.927742483430423,53.93394204805697,0
0.3877124474606538,3.7974556508097863,49.497390886889114,3.9150606734778894,55.32892880745361,0
0.47243389512031353,3.602623421717133,54.552119451403165,4.954411501636896,44.607891873323304,0
0.23942686682484188,4.088089978667971,32.64470142601215,3.09683956977306,44.171437293274046,0
0.24927722599419036,3.8830747357378557,64.10555477797791,3.632118726666076,37.087865235528874,0
0.47082380486340253,3.420541269382791,57.19659520980562,3.169596829393116,35.44616826253389,0
0.5374209082148227,4.058505442055727,48.78307152107928,2.9483499458548987,43.29529436990199,0
0.5535545025425075,2.6019514686645557,68.49693038682082,3.756512532455369,34.13764948448426,0
0.3384412813965901,4.762306535909815,67.38415717215305,3.882457835299269,41.16194152303085,0
0.46490617216068114,2.328380951696473,51.66549151412482,3.3879068469833005,46.192225061871376,0
0.672400446422119,7.450957040663676,122.0375198763174,6.047581459422784,67.81559529577918,1
0.6831137111059916,9.241300037178396,100.96764628627811,4.275080329799865,64.9074798924514,1
0.6720107365841189,8.163812958767467,104.15077757212661,4.250802352817528,51.03456972288002,1
0.45095183582465664,3.5408557581280027,66.01931345670789,2.365109657295517,51.67840190469805,0
0.2716326164458091,3.5625399081846956,39.94303026022993,3.8673665150636953,37.73425457314774,0
0.3044368616167569,2.568527735058833,44.30301438910267,2.4148011241378313,48.28088575048588,0
0.816848573331326,5.649794481477622,120.72683787714081,5.125192604585673,72.89609128211679,1
0.25898508909032636,4.384986508032258,45.39391479285197,4.160327563946419,48.51766155870022,0
0.3184470485345562,2.573928373698967,49.00546045382635,2.3091523698391168,45.323682374652314,0
0.4824730314161669,3.703478735180741,56.48998278560056,3.6744634096738427,47.9483982149324,0
0.37379147934241824,3.966255900287624,48.23523336184887,4.224831394297376,54.29626151596969,0
0.8354612815588928,6.160749536954478,106.4047314412297,3.981181321704463,76.38550015579,1
0.493716478473279,3.2804623861010676,64.97136015239937,3.394113506916739,49.759866121338646,0
0.5274279841047012,4.726140170823176,57.832097541042096,1.897486048212225,41.38326719916397,0
0.46112671253137955,2.7647453906034025,37.621989744368115,3.5461916350084977,44.81608870173514,0
0.19269435269173593,3.245056812860183,53.27039019080494,4.3924600621501675,42.356914446653775,0
0.5703469081742604,4.674231154439119,142.69614412335432,6.269229550088562,60.458371165372085,1
0.6506915142067523,5.668396975336649,96.89925328752071,5.427204942422603,68.27048134002303,1
0.30779920170970804,1.672653557765634,64.12326907196109,3.8871991076711043,55.75401647058286,0
0.49923736367098526,8.628957737055712,118.02712740736321,4.247641341867778,65.57651630548682,1
0.7679007497850195,9.613913204939859,111.9841500212579,5.236240862885254,63.53712403075431,1
0.4626976112419002,4.323181770105506,45.28486500453306,4.37308415698529,52.09635718810931,0
0.19578487608252074,3.380041986800357,51.33410934808123,3.2746602744424504,48.803657611030886,0
0.3890990022049508,1.7140937887747103,77.49215643856171,4.194793405929179,45.973563704530235,0
0.30266240110124176,2.8339799975718263,55.003979503076245,3.605912276137466,49.60266583167526,0
0.43585012968020775,3.916459100989507,61.27185773037304,3.9751564484664073,45.73412538746749,0
0.8135455961722109,5.454753675640226,99.73194971480645,4.638701969583864,62.70524524335589,1
0.5918387328981322,5.918508160136895,136.60267407468882,6.6888999102365725,64.04660086612903,1
0.433832233283225,4.884812147514847,36.1667332713489,4.209653018111173,49.5367569917385,0
0.5604389503288142,3.030743868729369,54.94547971847859,3.73808456978348,54.91972023564613,0
0.5143901532839352,3.167955032884272,43.68796777424705,3.5089794769170104,55.33595468326256,0
0.6549533640664942,7.13046766854872,67.28241398866939,6.468958979084951,71.57612582320101,1
0.3753048594149776,3.905688681748029,70.0873468136129,2.4090368654734506,50.64902652875453,0
0.5705542765950938,3.8449726847018786,48.598996505001985,2.851384866292455,46.82010481326581,0
0.8584010731660752,6.3437487616893256,138.43873110731982,4.796868000030299,50.16194655000619,1
0.4930339177609204,2.977751148710383,41.9381461164785,2.931954153570986,52.655125454410204,0
0.6300291008577328,3.7663663945060515,46.693631361760474,2.429430790698511,48.63577855785607,0
0.48291018380116646,3.6249009932682963,70.231903816454,3.72334236466892,40.25221466485797,0
0.374640975787687,4.443038640534232,41.766871872791725,2.6127507429004657,46.765276057500955,0
0.40606434727005447,3.2922162365889838,49.83618445033336,3.7252557666073307,40.59415978065813,0
0.5217288674250078,2.3458614921615593,74.31560442770913,3.5238568737919707,41.34927565831731,0
0.31566384515736995,2.690708687149052,41.386492861047884,3.2945932604071806,41.375687121916286,0
0.2641811638225656,4.741414240105883,49.27967914042675,3.481317677921798,52.013642342791606,0
0.45275160088808786,3.157530743895247,63.061206599049584,3.3283355370739014,58.571777067584165,0
0.37569911866617917,4.110582374569896,42.89804049632031,3.1529895946926105,59.034570187147324,0
0.29130899972468477,4.842942288320942,56.94415302385743,3.288117954028929,48.12608869049239,0
0.3359470679025714,4.280688981787254,130.64734423565488,5.132495576109781,71.11370235252647,1
0.6009630924803653,2.9974878576362904,57.821364397655415,3.589885428516524,40.683158179362614,0
0.3697371485381159,1.6725862004963843,64.3219172637918,4.088780532512935,46.36810971701772,0
0.29560612246162954,3.359377052795403,55.93636870624101,3.0622953563272857,52.048617161584865,0
0.5773917609154693,2.4177004273056504,116.72175808904225,6.325798498067213,79.2343477444017,1
0.3703279849638113,3.4145268272674936,71.36663889224869,3.503686414378345,46.9411181697661,0
0.28481228846879825,4.9066150217693005,51.116068060076344,4.3316079587423015,47.42920014870754,0
0.5233565168481137,8.991821556554177,142.70372818363052,5.8998736164784304,63.06047466348564,1
0.2776708844002944,1.6964407508090096,52.613289557379204,3.033037060033351,35.51622200195149,0
0.23409680104864797,3.1783617536708255,48.95979965383418,3.8494739031619485,49.16789020894607,0
0.2477033755508867,2.9809968036213457,53.8998208594416,4.5225416772683324,53.10027930821731,0
0.45660530799050464,4.303862396787251,57.596203875752536,3.555975402490219,52.13747609215335,0
0.6171205431932597,4.07699859532144,90.83900080246076,4.889777834241342,61.54829778986341,1
0.06523297928892596,3.3353051349855805,53.54589434348737,2.6972928662621602,44.81596279853618,0
0.3679940333282532,2.39540425003916,60.340078733692145,3.3426286499700444,61.357170739994245,0
0.42567884099641967,5.036374842413586,133.56218790747027,5.209590738380336,61.566336916428725,1
0.9644898573903238,6.436307128569643,77.87331850095569,7.5195024312960586,57.34112383723533,1
0.469845345392087,2.812817080107916,46.14786186658604,3.0737032184341047,36.38180036055723,0
0.5236601915877508,5.05028601388544,33.32910916985415,3.937123497331744,58.12541200276587,0
0.24009592970490265,3.601270416203513,46.216779809460846,3.602847394429948,41.8287438000201,0
0.39660136794871453,4.168211454747255,66.59377637198415,3.029853341129009,47.8005146556802,0
0.3561142025616055,2.1010943135311235,72.38082487162737,3.6646234619881244,47.15297100357235,0
0.5110257248397752,3.9823477955053557,38.76077328747368,4.379032261665255,52.12233238769187,0
0.3686162905127443,3.01178333192871,62.10552581384054,4.548620366234252,41.42440239556226,0
0.8435405232842039,8.160508901740068,141.2809923983259,5.705519683686957,78.2749593290968,1
0.5246288658656495,3.8131808135208822,66.5021543086898,4.591732940357943,36.13760313512866,0
0.8228169683612595,5.93508605858445,101.14317464451376,5.156538968750858,62.35400832077675,1
0.8311916434377323,5.758793003399591,103.50158685918025,4.645520919326745,61.783307386575125,1
0.7101165927205162,5.477630922279588,128.7231943299539,5.192117588328139,59.33635763552499,1
0.5167645826459201,8.006241061209199,117.93339800126299,5.907120142471926,72.77161040384064,1
0.3006286163102868,3.568139859271573,64.00839978013693,3.4028013373456294,42.99191995599423,0
0.4206293865669895,3.446763187139431,68.55241147754023,2.841853968995742,51.62544717632546,0
0.6593824973695075,8.863368953268926,149.37581784946934,6.512520165272992,55.30854637063017,1
0.613410519450569,4.366274477888593,131.6067021467825,5.077409769619228,56.0525791105502,1
0.5992888281964902,5.860443120987379,121.25989240024872,4.335942421035007,61.58765284454243,1
0.4061509162565506,3.3340919950406387,50.557851872559155,2.974225747543529,51.06022620780511,0
0.5425132997587039,3.453304893726109,63.83180925838709,4.174318867131761,35.53244300904652,0
0.35537553014314505,4.34070716720912,67.46282556894872,2.4631980438986365,50.165878166680926,0
0.5848733828099539,4.444651605754612,102.23034106214833,5.471916427800879,51.86383761621189,1
0.3380088316601838,2.8826295559822164,68.6796638327551,3.416637207632855,44.18917870014582,0
0.3917870580123256,2.8664208173718717,53.79263484801846,4.612505027823737,52.09183769574891,0
0.2883294313455654,2.977253381815232,60.53267173774168,3.8089515214236562,48.23556610897522,0
0.6874053694496226,4.604417964158878,92.08761964046934,6.986315602139223,51.461717944978695,1
0.441218678702639,3.5252909638714165,66.45068386520074,4.348448025292185,41.97012239744877,0
0.8692266300911679,7.156752493711045,123.10195276320152,4.537433656588868,64.47919661724214,1
0.6573670751358222,6.821964790072016,114.57614326563197,6.681673363772543,63.85293195666053,1
0.3036552343756594,3.5702640936970615,52.07292690822463,3.7794506332785422,41.241401276411956,0
0.8251538775334386,8.130824272539785,142.31254177683462,4.051591728813802,67.65982117210817,1
0.34759743698722273,4.388293853416014,43.588130573606506,3.1022248612697316,54.25407011029402,0
0.583260751425165,3.0107917229664785,39.44190003233206,3.94532252997068,43.834029569408344,0
0.35563102726961193,2.8383047257229306,57.101793008629286,3.902789626331379,39.622199245672704,0
0.7591471548598752,3.5606704985667847,119.49707279367006,5.522676136004418,54.72832008850497,1
0.321071363995366,2.7344061589360797,56.8605550756597,2.925851712433457,46.59186748886801,0
0.502096660741627,4.815373310362486,80.44519910322565,4.338888767122996,52.46014438672267,0
0.39994456396475614,2.8635900064990483,53.58632694950893,3.9980902120139343,47.426332448942965,0
0.1808319452021566,3.8511104280886053,62.4382477639184,2.718181746120708,46.91840784731063,0
0.4990945337914816,7.17993845015889,107.47761285418999,4.195008794694204,68.98294191018984,1
0.3739387691053482,3.042317933891867,68.01026016419316,3.33481469557291,44.609738701278886,0
0.6299456399543705,9.035705074931316,83.6874191146688,4.999284314042607,72.14070807364149,1
0.304087290473286,2.9594957689284875,40.24245611240336,3.218742380987334,50.834749577853124,0
0.4710786994476765,3.382164394957909,46.12174587702502,3.7647589841069826,44.615446309745415,0
0.5825381175869595,2.61867339073458,60.6121405276853,2.6778930194757997,47.2749473016039,0
0.48132658210342716,1.5,53.49881535001862,3.8578422280922555,46.75947566305677,0
0.6965782355414748,3.5263427220464774,122.93169662987304,5.340210408985117,50.08338637984377,1
0.9880756583108448,9.540854661275075,111.63422917376188,6.0181807569924946,61.50977158776319,1
0.29930660221488553,3.775698135193498,63.60400521658719,3.8356281599741253,36.94880639566995,0
0.19126658871838517,3.595725907371278,44.71099064378135,2.949017921304334,48.08249094098803,0
0.49186747530616415,1.7248060816385364,60.119653813540786,3.109133561848007,48.757365030220576,0
0.7755141655881752,5.965294197610977,123.10530199439879,5.160874350103528,66.70725897686715,1
0.40541109749810655,4.12374154798189,50.19574757091433,3.097057262228925,44.32365503457874,0
0.52175451442408,8.350997141368474,119.62967192823025,4.58833881701831,58.534366439311206,1
0.4550631760794072,1.5,62.58235021268837,2.9971217436805535,52.585129033869435,0
0.3321051779761641,3.697222823276954,50.26977828259588,3.3463955598024913,49.22600303193627,0
0.5317697673715821,5.74422018386474,108.76083233145775,4.6910986377566335,66.34417669523104,1
0.5760523171975183,4.309719962166713,58.296683781397846,2.429412897489465,47.28953235462525,0
0.24809711612402469,3.82411734663041,41.76127882132566,2.8529924275918783,47.90439329488187,0
0.3750505271592693,3.3339506070140144,56.079260749851905,3.331754057735311,46.56734146008588,0
0.20707557187814352,3.087437727990615,70.73126019863729,2.000912687778155,45.06663291340482,0
0.41565059769433105,5.611882589508994,100.8713694103565,4.686066714254894,66.24693016276869,1
0.4316807415525463,3.6201240439023397,36.64923064066368,3.408884210938157,43.867928034007804,0
0.6711379334329252,7.463779767461059,50.02714896641491,6.563383100188514,61.945720892794256,1
0.4104501702263903,2.578668539331278,48.87254093272748,3.4886605374904387,51.24716428847419,0
0.4778354802176978,2.6974885081105064,44.5269104986364,3.5666230338954525,43.61602486754501,0
0.7120439040115178,6.572382014793384,109.715503818724,6.29072467154895,67.49170190866906,1
0.24627779946808423,3.4316605914976654,62.396036782492125,2.4435549556175022,47.38731165179395,0
0.20602461606006636,3.422990855628449,54.64046741921054,2.5094261274780956,44.9295224178392,0
0.12212723168324552,4.168807901018498,51.494843643742556,3.1661393023137068,41.36394876656092,0
0.769754372257924,6.042663287290048,95.98715606325646,3.800350077576817,59.760326291042404,1
0.2691317755414101,3.2560407728393903,52.65070945471083,3.135419864954019,57.08236139804567,0
0.26784570410158126,2.8698886142039095,52.860069318448154,3.765987667823831,28.281427427531263,0
0.4728330580708691,3.0136141750806735,40.630328828435445,1.8299502370265417,56.832226401403396,0
0.855684559545471,6.387884406460631,136.63799371144347,5.538938385784699,61.15152770042013,1
0.38486387031902014,3.072683365807918,71.19343137898423,3.918188800758762,44.691007268016264,0
0.22360617240481728,4.488454236734144,78.13999533360527,4.191286036073437,46.907839240058415,0
0.433566972886414,4.823083640506031,70.32711468654456,2.449166189072247,44.959843077357185,0
0.46281593838637686,2.57359783142281,43.90480309678924,3.2092197392377715,34.84194105506408,0
0.5789805996291048,2.4951551962617997,46.135370357746616,3.2032391003273633,41.66135880028226,0
0.7138307329656368,6.1286154352572115,148.60161367656687,6.15851033593505,68.10302294397579,1
0.37782663541805633,4.056654685353376,52.31182571774065,3.826748151137886,52.67113653714768,0
0.11168253975701231,3.2314238951784455,66.18480170771333,3.1869125830929574,45.97833635507403,0
0.3460459638898946,3.1910744257980217,62.00016479397523,4.2154797610917765,44.42897821304615,0
0.535089683900253,3.896801142959158,41.23547314961523,2.8748702030438746,41.78151654435954,0
0.29057285728958016,3.0480649564174307,63.748722630284504,2.3571211333694313,52.424933290502565,0
0.4759173049690908,3.1280044111980807,66.1860925268906,2.700419367472063,43.68813240742347,0
0.5490662219309409,3.0325697364928716,41.452907728084014,3.131124550177173,44.7918181866722,0
0.3777222999483143,2.9223745416140985,70.57415729843862,3.4222816092261796,31.67708732724836,0
0.38058551464968704,2.275562414152308,86.37891039503597,3.1886589286032043,56.328540934653404,0
0.631313556147324,6.509904724756892,91.3109214144411,3.362600133310595,59.640405747656644,1
0.3124625518467813,3.8225603575022866,47.46834620032939,3.3415234924190367,35.90122952172236,0
0.6289421344183421,9.574574202850396,72.64052016397622,4.4203734356312205,58.776401837131765,1
0.3753322808912981,2.0592922707581014,72.7394150726139,3.5023604063304012,36.42087085923105,0
0.582636572442509,4.461802307375467,60.452959671022725,3.5466823638213443,50.07348074577176,0
0.6231627945627493,5.517706423503184,100.28765779175264,5.682586876037902,72.71172526465128,1
0.41050184843319315,3.0639169269771043,67.64810368073111,2.6319698952689468,44.22657276086123,0
0.6927520062039643,5.668000988517061,103.84641691288837,4.912218377239144,65.41368718302346,1
0.5187031055919282,4.605771011768843,56.41195811360769,3.610962667253776,51.93233680433179,0
0.36054548870699243,2.4383465465330465,41.41451885284574,2.529212655507341,40.82552640500313,0
0.8537734147070786,8.826501111192714,128.53282712555193,5.9531589934983975,66.23584378590377,1
0.7594131169892073,6.188424651264222,94.40753448149225,4.74078771735239,62.50533284184967,1
0.3748754002626727,4.397966965299348,54.53493203146145,2.5233794096860476,49.94428314958863,0
0.36963859671140836,4.569686568880984,70.71620544000032,3.5473230308639323,37.77396636231296,0
0.599387134414918,3.5581477831320085,41.51067645216619,4.13722483838454,49.785404184085955,0
0.40578409819685657,3.623740349013696,55.6628711114664,4.079046886363598,30.483662137395537,0
0.3519931013257367,5.031264498380446,70.2547726030828,3.2392229153470042,50.51309539092051,0
0.35157679923277657,6.900080704226666,121.183460605215,5.233861454324584,71.74598571288553,1
0.41198064956535047,3.1689050341223086,51.8952454892176,3.6445582332529805,51.680512612044204,0
0.8253735921683109,6.42162158529803,87.22825748467861,7.322379868591156,59.67027494220926,1
0.4926963942969359,3.49693743394212,61.73930500899522,2.522644655139264,45.49027959575252,0
0.41997997716229807,3.3284091005609233,47.835978897747424,2.7986777412535844,48.850454424812135,0
0.33230097663303937,2.5814986991350555,69.0903921477298,3.76927074877449,55.26189590430177,0
0.2070218924997315,4.835346250837896,53.41907769145634,2.631672053447577,46.84828343335358,0
0.37357476317554494,2.4212533130103675,71.99528344718794,4.351633319257841,54.211765910818336,0
0.671301489777046,4.274664894225898,75.12503076541837,4.077489603815842,60.276800849399315,1
0.7112166168341388,5.98769952630746,109.3715176993823,5.362193634968476,58.25259572550898,1
0.6399132387476669,6.288646631334126,73.07286690142638,7.282326872604466,65.83938554773907,1
0.6417881865361652,7.708811963568198,108.84232681359492,5.691287773240591,52.15198604978522,1
0.5047048526632372,3.9831334304865322,62.61279509393604,3.651744652840603,49.50703318474855,0
0.4723914865646078,4.319084348292611,45.29193370106034,3.6323936325951385,38.375664406035916,0
0.32754275746633943,3.4258506855134834,70.66293440092082,3.8167654806373474,52.3344300617172,0
0.8983016023468161,2.532214007336998,102.42977783163548,4.150757494156176,60.521293254579085,1
0.8217043772473708,5.78291354549395,101.19140320064704,5.290910952440105,61.54501011637924,1
0.4482409633324494,4.657816417023574,45.43474679042196,2.721938800159317,39.391419702869456,0
0.6210824826061971,4.987109334732203,137.6357015273538,3.781005109964992,61.621091819773966,1
0.4428949243043472,6.969189939903504,159.95299712516064,4.6110091815534275,60.23136279212442,1
0.7283153960441469,8.195519681784535,113.87403344226007,6.044208494708916,59.97709331389102,1
0.43751281368239336,3.684254649710266,46.29097166101565,3.897961789634362,49.20256109846017,0
0.42871619852909276,8.526119836448725,91.24780636368162,5.942017751191484,78.15014637219032,1
0.410405580067913,3.4788936097398464,64.48013318334199,5.109295076387392,45.14507170452425,0
0.7185566239266812,7.756490186156683,116.97722396092172,4.0870788687426725,57.42103705865665,1
0.5074844540614589,4.206569160622301,58.24335480682471,3.2955550207752036,42.59914871735757,0
0.23185171963424778,2.9445024558316426,52.53141809188621,3.7722774157875367,46.153094398319894,0
0.28996526373485765,4.009961141837047,51.298024833965606,4.057106467846231,37.21094912529672,0
0.807519484857362,5.423628024002121,91.45037323997117,3.393294212175106,67.68202858037675,1
0.3608778529895922,2.901726181015051,48.65760152619884,3.9907137837969318,56.37521271771624,0
0.5915240813473235,2.21606974631936,64.60082383536056,3.1015859617747386,45.99929770524588,0
0.5127722728153254,2.66092007997376,77.62374515212576,5.710654792089126,60.05613956943933,1
0.3633714781240396,2.4009649339711308,60.82439413054653,3.213765937836251,59.595718276684444,0
0.4993815704890501,4.2964433568989655,52.8604957361305,3.716024016693336,31.108196904002487,0
0.5136009033687958,5.935283841069525,81.5862092984394,7.184525925999104,66.73491049627607,1
0.4537087166422409,1.9773011021367253,52.252180252563406,3.961428787428396,42.45218336990938,0
0.5754391831829383,3.7791611756140715,46.10082392168322,3.7258631334241183,45.74624276492413,0
0.9541687661168134,5.207076009898332,96.89557020807212,6.282412115217278,51.66608159754247,1
0.489503931123985,3.207557447992591,54.85706978937018,3.3344642016227426,47.459105985348,0
0.34126530944629474,3.676918045380493,61.374093324206264,3.4539930814652995,49.05841614206341,0
0.3535519083222623,3.1404528046644002,51.48621401216424,4.557410474429975,44.55981940468456,0
0.6498263914328005,3.725235623210596,142.84563465114968,3.56885838299729,60.22577180803845,1
0.3160106515877529,4.3053952303104275,64.54587109845443,2.8938723596562954,40.90397702709046,0
0.976237415610064,5.513305627852707,119.16356550451621,5.906023105633192,66.488577601639,1
0.4545799783677499,6.136078755514711,128.592999565316,5.4384394453235005,62.90904665828497,1
0.17860035915677167,2.2399892090692157,72.17495895148018,3.961339615393676,51.268953634147024,0
0.4680791033836621,2.9476208096201146,50.948754991882275,4.282447279293274,44.69891508959937,0
0.381136911950059,4.4371350097640825,59.187718680028716,3.4810548485745865,50.98288545774991,0
0.36756555920414774,3.667516421497473,34.32660254254794,3.3029994065278316,42.03391997201659,0
0.2990099571807831,3.6039093168342253,56.16338297108474,3.5393668187526233,40.227629814582045,0
0.601457110027406,3.3440445534373002,74.09686974066685,3.50660596465732,43.389248523377894,0
0.6361280076560907,7.883925826606117,95.28808501819636,5.10836394021675,49.17741191434898,1
0.830397411306693,5.6249740460654865,100.01765694247646,5.919315937923732,63.17162261279394,1
0.7144110676092034,4.594534165580111,143.87585855306568,6.725906192950552,59.33929276191908,1
0.4646331532100062,7.697692547767245,114.10622508662752,7.579691767934722,73.80716057918208,1
0.44581817517823713,4.189455962792392,40.344896766035546,4.198560254998887,41.00947479950733,0
0.7602408885127044,4.945972299790711,63.55174535060885,5.00713847557349,66.20869513941344,1
0.5006144463465636,6.946094660340516,116.40241358117444,6.654281035105637,67.03232232182329,1
0.43865772233351397,4.086216782237727,68.0835130612013,4.497521378719138,34.020744762189445,0
0.25822497497521635,2.254289800560169,53.30234687656138,3.6610032266820407,52.11355726700377,0
0.23891018847134263,1.5,52.604956946033944,4.025629668359612,54.32457498503561,0
0.3989156365680766,2.2747595320191474,48.84946146786723,3.4080570492592304,45.392161795943835,0
0.7799685336040812,5.096055124396676,127.13763963835247,4.316182419885109,65.22340924514289,1
0.3652570057109698,3.3514148521082046,60.718555710863996,4.315794035348652,49.19880642225044,0
0.8503157216107697,5.970178986370124,129.06143766326028,5.079812297414059,61.88297872077111,1
0.5462351276604394,4.117728121451833,62.99601274889481,2.621536581136341,47.642794789270226,0
0.35185945523331597,3.853022880573998,30.392406755721534,2.9035240866619474,32.522524770110714,0
0.8061407509606457,4.0281493009195986,133.75638273799296,6.541612860962354,67.14308012323347,1
0.4657482362848595,3.4590927104033127,57.26411378031429,4.77159549080302,40.17744061155837,0
0.6419991873468922,7.542588765930327,134.83890933185967,6.002435826127485,59.724152156433426,1
0.44388548048627763,2.7407449558075934,73.87814834647958,4.543089563229291,56.12982895194082,0
0.8773047535974904,6.504637428791781,133.14164028175276,5.840294893383961,59.62692161480424,1
0.5379575937281953,4.342920774570611,50.2981205170295,3.3457359118038315,40.678987183821434,0
0.2597815234791376,2.41477755276587,71.0359137457375,4.237054922392471,53.68499653907922,0
0.9290806698668945,3.4502776801628494,108.99009306986812,5.51719362050595,69.23239006353568,1
0.32365329980213087,2.4351032922681117,46.577553957388375,2.8676249727035064,51.572014596162695,0
0.3710253453346367,2.5166636931380264,47.01870193566473,3.2776138611925054,47.466102442698705,0
0.8652462558129028,4.573932352896549,134.360496450371,5.207210872331894,65.75387928545615,1
0.22412901955867154,4.611019965824637,69.42608597717076,4.418770527873552,54.26144891683865,0
0.3641569573939856,4.316622768804713,46.649225354199515,3.0785486892496774,43.250760247030925,0
0.44475736060366655,4.439340263901136,68.52883272477494,3.008549845362179,36.900699449574674,0
0.44282914729201517,3.083396749227851,52.184583537749226,2.578190318537925,46.8438609523706,0
0.4552639508446042,6.4695261121005965,103.23477871686602,5.855956559691553,82.40935903564984,1
0.5893198208501584,3.084257599322278,32.136354765222315,2.8095857183777087,36.37412316518994,0
0.6819273640088848,6.3473803445789745,150.29209870091557,4.150210252570734,74.383864561223,1
0.36293566815143596,3.7671636416296312,50.33528178942418,3.5490031202594614,47.34538864619041,0
0.4918295857734394,5.970536446655502,124.95690613984523,5.303540751404922,62.40851083463975,1
0.587480807441169,1.5,60.26774660322191,3.1091103865009924,48.76330656780587,0
0.3443616746953927,4.507964065295897,38.90731914450659,4.0421462362222735,43.13813214887393,0
0.5520778103842201,4.268252229109297,97.06411264264261,6.096645501298724,52.68186573945665,1
0.30797335350276706,1.900760934228132,42.21946756053329,4.097811448503208,53.75998495484468,0
0.19448850336424878,3.056393620190675,24.74250075284266,2.641329191030243,41.945437512213815,0
0.614943700589446,5.333861296866196,102.6126101021697,4.930577770609169,55.74590366680428,1
0.5530702858961226,7.20797818286341,109.01687485686725,6.308124631600657,49.66474934644735,1
0.17733770917662608,4.264468655900165,41.3305093691392,2.7745340079635654,48.09303258141545,0
0.2655339059674345,1.5,50.275758592918365,3.746783870985114,34.01832243896999,0
0.4719388685945771,2.362989177646088,48.08349702939472,4.104740272448286,44.44257210627313,0
0.267826379608039,2.975875742780688,51.13225786897586,2.645059687609422,44.5028916968236,0
0.09265846218487328,2.4063788634924457,43.54138466431016,3.2737660696655295,52.7743490171458,0
0.329166021731031,2.418559796229637,49.22486703436941,4.076431831560396,53.56430369787467,0
0.42279413494771395,3.2424129099342913,47.30685540710982,2.8969060263268855,46.91185800308444,0
0.4082324603783488,4.713489240647113,61.019719588327106,2.641621574461142,63.56689111739871,0
0.44122783322453096,4.548949142703831,67.99410396896444,2.686662727852887,47.747482752194095,0
0.4473068111580013,3.532796736342819,135.2132740838039,5.448087614756567,57.231847515237355,1
0.19140655149542662,2.6542496199945957,51.95993107297402,3.7299843739763054,52.057142319157265,0
0.7720997773446366,6.161934220292064,130.46041889172926,4.335671291330942,66.36347850771689,1
0.27198991694541164,3.112960030151661,41.15459511375363,2.546883293395068,38.15584248306851,0
0.4406310901571864,2.637592889829205,69.03077469969718,1.7013876403955648,47.77942467984383,0
0.6113156423500403,4.294014630294802,103.59583713803843,4.985421417270105,61.57122671555653,1
0.8231798365817781,4.228853920479077,97.33010731988414,6.809348774695861,71.94894515494366,1
0.4056165822150885,4.761228460175598,49.24117110790047,2.7418991883456396,41.99792489381882,0
0.4447504166911143,4.896764001153391,42.29331768261653,4.157814746068614,44.74047403081747,0
0.43540153162764594,2.4208006772513024,51.75147494754668,2.232201064620128,46.69595609987453,0
0.8358588663755822,7.050144422126333,122.10383507045154,5.37680448981362,58.557409402555194,1
0.6472096256497389,6.5096425198271355,138.28702665708408,5.477222231456299,55.427306001211456,1
0.513740667027913,6.271146655621582,102.99519399131273,5.977723405250447,66.47674769389704,1
0.3575524557117266,4.583694279210031,51.54956535058824,3.2900877408606597,53.536124424280295,0
0.5183556845956387,3.977521640647594,68.86169759433812,3.2584270900958376,44.225775457025456,0
0.575074048230088,4.154221241693254,91.80366030830105,5.379521963546914,68.20316572914258,1
0.4234690457097035,3.9797422418133572,69.38381907822266,4.160045494922417,47.65719571715445,0
0.31191587921495006,3.925839433074583,67.24088099715841,3.3543512221300005,49.10557296169108,0
0.30269695441966754,2.6529476713173925,79.60369094773614,3.869998881411905,50.855066155353626,0
0.23751246970873613,3.120108371611523,49.63562850847448,3.5950964518248996,41.99138944254246,0
0.2449200131095253,3.6937035913753795,74.13471409405996,3.9982407321587576,48.0449199289445,0
0.5367861837817336,5.146631480345062,19.948056223636797,3.3047341037159677,41.79059515138303,0
0.3769108617385565,3.292469135052999,34.386372910937176,2.5281650821901867,56.88005095521995,0
0.5034946080020113,1.8324081399755392,50.504436459069396,3.0025179408327385,53.52483922084146,0
0.28929151716749263,3.023635147032742,52.87436944146834,2.8606801453222426,51.36433915529403,0
0.3926042880726266,2.95823764693533,47.338849512777344,3.7209352670817277,51.16452788749201,0
0.25107920881457024,2.6662560561829354,58.821680953292706,4.114029507159851,50.312497596015874,0
0.39808297732750325,2.63619882233885,60.03184850231056,3.319850842015572,46.14400367779288,0
0.3071530698742948,3.5973489800903833,70.69264830363838,3.229111579185429,48.580330844037135,0
0.3540587701607662,2.5435633539039726,62.669413276400206,3.2569095507289436,45.06989978253095,0
0.4411503234429387,3.8044119974629242,55.64633160779001,3.165314914805269,39.129556249845855,0
0.24040014236542065,3.2189350237722554,47.618637892895975,2.783204975438423,45.61453108927937,0
0.2869287650204936,2.8054615401951324,55.10259992042564,3.5641809190696168,37.27496035356084,0
0.4604994733752977,5.116438989412967,51.46059765912753,3.3661423424821963,46.3323660859462,0
0.4866350769823026,4.246103376353333,61.031732185036155,4.10193016874527,41.81323927319404,0
0.5331034454331858,6.298727407702156,112.2325430417486,5.689863647706604,65.51858911575881,1
0.3269544273426787,4.109307964629998,69.87733970328442,4.015960797701363,45.489551724008656,0
0.45994173646924036,3.6818723636568795,113.23881559233088,6.210315791796298,71.62032922463558,1
0.15753082383521727,2.9354053454424687,50.34838755788304,3.1435764809127895,47.96934525600256,0
0.6547178021564263,5.846140893632535,92.35343609709957,2.8856903858212486,60.734503624748015,1
0.16720161907155703,3.7252059129197708,77.05974855624143,3.63943551850133,45.20331256878327,0
0.4120354558532118,2.538804484746695,35.305777237307005,3.327330431746372,47.87397154212927,0
0.5785424051107482,5.856505174093044,152.3448361978056,3.5934233679581187,67.62123266369993,1
0.4477748134802462,3.6528559049253677,63.987513978382744,3.9419730912683675,47.9292961661561,0
0.23455844373038065,3.830415451474507,75.3259375314646,2.3923665111753936,45.24488797906541,0
0.5527224276009184,6.483519022187364,88.71348724254895,3.9688371638481597,64.04304123816284,1
0.5864842026590936,5.420785825575818,91.97773076815442,5.476284113817979,57.17782354333512,1
0.44111402975151376,3.3095176849761674,42.756053588271186,3.0898380207056912,50.80048802657039,0
0.303749435924331,3.6697340302795105,48.195796539021266,2.5303600949148244,50.42732793729019,0
0.20234440203567336,4.299506466263491,24.868853619434333,3.716153811122502,47.49105666104264,0
0.3165303991484713,4.05901040273248,52.64285293592595,2.7347643194246265,43.707121653966496,0
0.49308589219391014,3.172298101285971,47.09351826533271,3.763995470775572,48.11975661116945,0
0.2294832272693771,2.2905905448501067,42.9318589942138,3.5726926049913326,54.794337634159,0
0.49856276913197,2.8151592931058387,61.1929129160686,3.138106545217355,40.50029310530123,0
0.5107928457115779,5.9108203297783275,76.98095681899389,4.376076130341691,77.99731986488408,1
0.2655401666926712,1.7160820152391991,34.911250440861195,3.91222764827666,47.44618299370335,0
0.3843662879257318,3.1303739306637923,53.29909486974832,3.4213012992839826,41.27142080032659,0
0.2344052868458472,4.640674281711561,51.649189055523784,4.147002972279017,46.92564882518618,0
0.453541087758241,3.5566853337291815,77.08619094691096,4.504459481340877,41.057867745141195,0
0.3015648210139555,4.066339314222483,47.16786416095287,3.1910552792477644,44.598638367938214,0
0.32511686950418595,3.0416128726239893,52.62151098280401,3.335026930522942,39.39487479076001,0
0.7944035813866478,4.191457109476314,101.78836434993907,5.422366841027376,62.74992242480022,1
0.38945928288223874,1.5,68.03484285799406,3.212964392226933,44.453521582432685,0
0.15550552642877286,2.27065579982314,52.38678774439918,2.871497801299553,44.157627341420394,0
0.25486466051010426,2.7880685969254277,37.70402638592954,2.8412896294611683,46.181134837061705,0
1.0875326630988782,4.637071454085795,87.33956943802227,7.523867500470098,72.32584999673011,1
0.5841709998346527,3.211540497060613,110.03821676959501,5.25470069234653,75.90648666757075,1
0.7772996638659323,6.462821820560977,109.57887867414213,5.873084220346679,54.53526193175233,1
0.811998573335625,7.505660378119798,103.82776642683424,5.78708447024734,60.12734888776398,1
0.42312120311023327,3.1749793685654097,48.913215061785294,2.925995622137768,45.11275189333692,0
0.828405544740706,4.867281105336232,102.36063236658406,6.309158790087513,73.40059430353206,1
0.25903758195712245,3.2559121607451433,37.407018853124285,2.962932752715179,40.72721342538502,0
0.23086046317607906,3.4211574926903365,51.57962904939297,2.9594466059341262,35.31607613731192,0
0.6620606367360917,7.934475149769315,85.72503602704391,4.16798605148847,65.9386066479203,1
0.4100524425137335,2.2284848974980207,56.79793238242833,4.858181861639968,52.559423094128164,0
0.3623677762894679,5.778219494106004,55.25328326662102,3.0142641108043566,46.32245536964576,0
0.8225370315229024,7.184196674058937,84.1773350672651,5.64881344202063,71.85098605134759,1
0.6412067205029075,4.806577045743941,50.71367106303137,2.4046984140028824,40.3729429678496,0
0.3893908519762847,3.16569022333801,53.899657812606115,2.6767624042533162,46.858799425747115,0
0.4144865232195215,3.4364308603375706,58.90622563407122,4.569977379223693,46.56942847703975,0
0.9567934456516642,8.05269409364577,101.01283859566578,5.002866979049912,62.33592703709738,1
0.4046718339358617,3.449359783411846,40.07703288952165,3.406080598740531,38.996327589072536,0
0.2831350344797956,8.598274405779588,104.16463167322084,5.182459439188982,54.42754529785461,1
0.2347462117427259,4.40264530958987,42.46952618944317,3.5516836391771722,37.88695548773279,0
0.2392820630607207,4.164063867529441,51.05165563836001,3.2328125055101764,38.5438903394656,0
0.10481301714243801,2.0073845235184313,64.17246755611525,3.5961630475577655,48.012616400696764,0
0.4094979059050848,2.3936655981434014,56.56737277095166,3.844408620397212,50.420780296218226,0
0.44161927029263814,3.486827193163313,77.6727847605236,5.605645461512958,78.38297724906701,1
0.24685613994389327,4.415736216362211,57.706881966742884,3.7151663238987345,52.86116452034206,0
0.40685148278761873,2.840603235983448,70.4635681801101,3.4418513705340916,55.69751041559654,0
0.3501158177943979,2.3697279010329795,42.31199387828002,2.971988531379101,50.39385881193359,0
0.39423504905854556,4.36196916551183,58.881501941312465,3.784466570264801,36.78816218703276,0
0.35909211598091806,3.88489017614331,52.81048467745629,2.783019032375962,49.04084811349989,0
0.6622157342090433,4.229976080642018,123.69397950432261,4.4241310397849904,73.25203720155733,1
0.18346007467705988,3.1217701214049884,64.24878480943505,3.530668907691962,38.50757310361717,0
0.3745485278693259,2.4222873194226286,48.43468044222818,3.4391482767879125,48.402764778106445,0
0.4757611170361699,3.3958375751424135,51.30092906385909,3.4216523691366696,48.12174298834616,0
0.4400373135834948,1.5,65.10539375398321,3.9052197708245244,45.59693319583167,0
0.39224854723379227,3.8499550800665485,57.97743471013956,4.274943399986594,50.763529474038684,0
0.40328851625876566,2.9419841347569844,73.9725842064625,4.315672485264813,48.89299448949795,0
0.46951400589628317,3.6225173859126323,46.61626964952302,3.7221582835913587,48.42585976998496,0
0.6743184090403322,7.810241481560621,112.36919430848253,5.356483120199733,63.679973197249716,1
0.3134941522202505,3.1059929628036764,62.8151956601282,3.8064257775852774,39.255398312340205,0
0.6529779295549636,5.312498653730056,127.30772994525594,5.5954689613140465,72.77123482095386,1
0.39966150596149597,2.493520073001798,46.01170120886148,4.5259203244866955,43.91078171598662,0
0.4669083104419455,4.426314638262562,59.40643505862987,3.1478513485232864,33.18505349793183,0
0.4415494407677783,4.2057514298577745,69.42987734983075,2.823234408426001,54.847516643951764,0
0.5678944853007496,4.13164428897523,117.29346894810398,3.813291472644803,58.751775020979956,1
0.1699260803679091,4.194665853005306,49.5130575383069,4.124071064340589,47.88477473279518,0
0.827995315104686,7.8550471711168655,126.36994656673664,6.756024626429714,66.55071018450535,1
0.21971285981587668,3.734147613599207,42.644499131711086,3.2268971838956437,50.01768856137613,0
0.4400723013981692,4.047357974196788,45.46954742080379,3.2024717683742656,55.56517817655889,0
0.3739001287711294,3.699497967285053,49.690869102644534,4.4348490226448405,50.28992659797324,0
0.3455530667200891,3.6397921682092678,50.139986147235945,2.5734957622831334,45.17092156076262,0
0.47385559291559837,5.206388831187177,86.33291474091115,3.6083899168765106,39.82216334111047,0
0.32989193704962266,4.537273814907589,71.47705759127385,3.263312071772052,51.33517737426741,0
0.567643794859902,4.064703227203644,73.09692621452913,2.4414055646626993,54.362045334737694,0
0.18556156757666808,3.7705917002258436,40.56016804755427,2.0377918346837745,56.86212328970535,0
0.43120464515829077,5.072303235139946,72.0548531910584,4.014938504165284,51.29388277017817,0
0.8791393610869309,6.843634157488152,122.37480363591976,4.933415676853919,66.77812169969972,1
0.1428391193334683,4.177471059990721,48.50591663774981,3.130662719870001,36.62793330802472,0
0.2060558140337908,1.5,69.39228166338059,3.2397528167603213,37.24607960710236,0
1.0215555311791817,5.825186667148199,90.9672581351576,4.1152734292605855,63.982964554485335,1
0.4630348081721447,3.850218978232387,77.84161130350668,3.384013787924077,36.47683719167578,0
0.321270973778909,1.5,56.600225699155786,2.3651545042400657,44.38132021156762,0
0.43626650721111104,2.6762275032106126,67.30009382679494,4.211085990206777,52.71169175717907,0
0.3861757674268584,3.240918109626381,59.52548129524264,3.0822885780593166,41.51390256498797,0
0.2716505579503114,2.644817563172296,63.6880397024422,2.966646810510404,49.9338688587013,0
0.9636724886639183,7.482823855612681,92.78379257037979,4.7641636530012,61.26883862369531,1
0.22749135214027874,4.3139493137662726,60.10027112794448,3.2008873533555042,48.11733952620012,0
0.5064314525053599,1.5,40.04686396141833,3.458667400075508,46.26205249250904,0
0.4478495619658758,2.439153767781274,57.170442716987836,2.539637575579028,46.79811397410202,0
0.4480009786131831,3.5908778371728367,41.65416512708612,3.2280945667730854,44.17458358760754,0
0.1539762561557177,3.911462182253942,58.03242364968231,3.006585046601757,43.23817369262482,0
0.4442585980687519,1.8183896799270174,65.06552438041395,3.4862654009582323,52.58549472852629,0
0.2920376835472591,2.998812428086555,41.71338999409119,2.8921840795398523,49.414789414114125,0
0.9849689385208515,6.62754562709941,81.90733721890349,3.5130810806760318,73.09771853853184,1
0.2614682538245942,3.477392925784082,37.50641946306682,3.3131073531942117,51.117279877121156,0
0.4410764081707366,1.5793663562236455,44.34719739520092,3.6581652210584292,48.22711558370456,0
0.25349059564324006,2.9426722803791474,54.50443221591325,4.184073849775236,36.312194932474384,0
0.42217148245007174,3.0873753306386806,72.64688487069536,3.8646320721540586,44.43290862903387,0
0.46677986717215636,2.1817873612883316,59.184636705873686,3.15665017544131,29.380698289092592,0
0.2700016741108563,1.6301818423029795,41.65019862131547,2.9589772992631955,35.57012793685342,0
0.5504879622742038,4.577015443825774,54.87442246827445,3.7093936276640833,47.29694082760764,0
0.6649467168685717,7.1698933256272115,110.68796487539326,7.336528311468716,67.3201035642277,1
0.62840434366811,3.860543572536027,106.90381013241165,4.92166736899605,56.43959930910981,1
0.30032232286509786,3.592213487905965,67.51589724792584,1.4650262628874657,41.43904291410386,0
0.7549456016362805,4.717054859490124,138.67005014979281,5.159582451071588,63.18390544856618,1
0.43203959178302226,2.232196819626698,67.31387536926655,4.144427582210492,45.06172973332955,0
0.6104720109581331,5.947077815985447,106.27195164139809,3.4383080904418697,71.38056624024966,1
0.3945061194433267,3.393111448404327,41.11343436379734,3.903571215396199,47.38859998422616,0
0.42443494228091727,2.742041702496434,52.38823533717161,4.954637300747422,50.401692217761905,0
0.3975227562212605,3.0403024977692397,35.22987227376467,3.1365138432749213,42.562321168929394,0
0.6393527328953739,5.149996537282658,97.30871460247153,5.360738925582572,67.0136920348632,1
0.3643756430943766,2.284407927325751,71.5808087638697,3.6458272035061032,45.51463375588271,0
0.3502563788616306,2.676026195519618,67.69250444637538,3.1183583610196854,46.301196072559556,0
0.06462395508389823,3.7413317394616943,52.465080644664646,4.167557196989872,47.36409988034666,0
0.4759583547957945,4.320242122205398,37.96339140188283,3.9510172822178538,52.07223385236763,0
0.4624377289700514,2.7005857674356433,61.37660090164663,3.6847505517637122,49.90639673642362,0
0.47750333555247476,1.5,56.97078567174958,3.6028430360363637,47.81270395081372,0
0.26079312899061335,3.0304626982875464,43.47515521603778,2.410933331343218,50.08618926138557,0
0.3298001447820869,4.667869072006773,132.9960461536424,4.784210151614726,51.0231296664527,1
0.7330745730978107,7.330797345278518,147.42385473680008,5.538907083155761,65.92194816167432,1
0.42782426819132807,2.7403476084560356,41.446863991708256,3.832847424135576,41.02960890945676,0
0.7272749374834958,6.715065543001072,83.26388959241072,5.159170608868713,46.489963476414374,1
0.2651661521384494,3.485093028797405,46.096352867972115,4.234807238791892,50.874497509851835,0
0.189626123394206,3.8675511262349995,96.23113139181424,3.122254162462844,52.16192109653173,0
0.4726339655051396,3.2235091791569257,52.44064485184275,3.7270205731208197,37.76043485006624,0
0.46533275304949007,3.767252494583797,47.46489336391818,3.2308230381731535,43.35392610793943,0
0.4029514540060706,3.884414202801741,38.77403131538713,2.6236370307002534,46.05582698431239,0
0.3901306344792423,5.1147681422912346,110.72099678834283,5.4149376548329045,52.5251618715794,1
0.37558955966851204,3.870941689046176,38.38712642069177,3.618654629900707,31.935054495449492,0
0.3328839395620582,2.6795892730043924,54.34941449604016,4.429288143808147,45.27407951446549,0
0.451856937160935,4.134525456611297,59.442345484602455,3.9866757781276125,49.96069823707812,0
0.6624100837730735,7.82357927213301,111.81936821714606,4.867871646916767,74.47742002310298,1
0.41345654908047946,3.288519554566875,51.4528962013881,2.428109023466909,36.86880895291807,0
0.31464350487335263,3.339105021916312,51.14856399140387,3.2683058409550054,46.26935699573696,0
0.41071657093269187,2.681764350124454,48.71986698069283,2.9252555090451686,39.13685841640681,0
0.5978412520935894,7.563884899777318,69.19549766542792,4.866783919226081,74.04871018380513,1
0.3497343523650648,1.7363202638441002,63.92088209533916,3.806063676871586,44.78553766847752,0
0.3417724246587129,3.6831431351264166,50.979146560449635,3.463516091902685,53.02636913597111,0
0.29393420326424097,3.218739228503867,38.59731148779582,3.301458530567873,44.909090752259985,0
0.3993877048658161,6.240627828837847,100.31838294926409,6.417488075345593,67.3978869312685,1
0.3165687978542938,3.3890239308867995,57.27992290189413,3.985643609183284,41.02409863505883,0
0.6235567877371102,3.423029282994491,64.53447661791225,2.8754563734097784,53.396314516318704,0
0.2960637069335756,3.5319261491489,20.796110737583625,2.8884448939645235,57.24173069618648,0
0.4069433149748915,1.9013290610814408,50.64645299466002,3.549933636567555,48.96617790316843,0
0.49663599252576635,3.9883238445539306,42.2628412073268,2.519822424547952,48.799532902012956,0
0.42560779135293736,3.65082604848467,67.1537098504432,2.9302613682480216,41.245509337446606,0
0.5176897509421714,2.734512013150428,51.60274821212654,2.706839534086164,50.07184568129029,0
0.5969415547138195,2.370318696871322,72.85340316598413,3.0815956459533362,59.851927100360726,0
0.5282086583530288,6.87255262713332,77.6009559089625,4.885214918075848,64.76319194940353,1
0.38409506200637344,4.103136037060307,62.723024553197526,2.8581614933238257,56.17412205444923,0
0.3604246688679745,3.279954049228981,53.47341050968153,4.069910371750283,58.02689012125057,0
0.2760217792939286,3.3066293440653354,62.12148485582418,3.1190613329613304,44.04923650333391,0
0.3411431938989631,2.2846103648648244,59.22534480058199,4.195117665192369,51.03351732582904,0
0.3314554056714749,2.714350892319393,42.14859713650079,4.353837906828039,35.38784316867459,0
0.5423728219454591,3.592523917139957,98.82834603705679,4.538012717106546,57.96628499150069,1
0.4159527817426825,4.8428832119858845,35.37774233763446,3.200009764473041,45.30616555922904,0
0.1952978529613911,3.92640430798338,65.14993988579889,3.4850939050717638,43.62694545968422,0
0.9694861509682546,4.8446469004735055,77.61268049193824,6.209198160080024,56.9543001754701,1
0.486678493613092,2.4984525326931735,49.84939057273556,2.7843757245722336,46.49358332733699,0
0.45524417044291193,3.172453714010551,67.26789994259778,3.202390564458031,39.252776065900996,0
0.49750122912076766,3.287299578096662,105.29023030452382,5.138113227836404,66.95175043886353,1
0.4250929143478624,1.687170429704554,73.944541255672,3.6120995730674705,41.94941181258452,0
0.48627426491045167,1.9047737217432414,47.474585388019456,3.5108232970046234,54.83111547209508,0
0.23360350221251602,2.948815235250122,58.76247497926803,3.6558568924755974,38.6855986152695,0
0.3392592329372782,3.0059766702717448,45.90068316492392,3.8696354001275015,43.33975304565811,0
0.43162967255828516,2.041447280378998,78.3117028771124,4.588531840253179,58.0570697871412,0
0.39252627135562135,3.935742131782127,59.76316393606739,3.0678400100503813,50.788544178406696,0
0.5167505073401883,4.770962768967493,110.68677857923171,3.89621134006396,56.013693964732546,1
0.6936748522448787,6.297052676787793,101.62855394818791,5.728630570718682,65.16692577919608,1
0.30718814648266834,1.5,56.15059551130077,3.175289816218316,47.75116722136123,0
0.39151590328769387,3.017916750584765,38.55397521934739,3.653510521778755,41.00485755885654,0
0.26860477634730223,3.77521681172507,44.56155612927046,3.2591966857108825,34.41351968229505,0
0.35497176431004573,3.1230344667758803,70.83170378304563,3.793452974090854,46.03119883028428,0
0.28282323283036004,3.4384179124825818,63.922019229154884,3.657217494178599,46.24160554746526,0
0.29726230451257274,2.836861044644266,43.294929755471934,3.8759358889335385,46.60164727481531,0
0.3063005393433955,3.1450018757153115,77.95221585944238,3.5466793398310474,52.433045006739654,0
0.49288086349175503,3.9520279051486913,40.57467089396199,3.5690278146544716,50.99977813258082,0
0.832296288221004,4.969344103420395,143.69589212122548,4.790457419799226,71.97547470567054,1
0.41170409693993565,5.002951947359645,65.3896865791933,3.5091666571059634,49.225353293229844,0
0.7250673392047293,7.068449300262779,153.18431796736257,5.887089428934616,58.776796327066926,1
0.2900685761837038,2.3584360022424704,77.82036336306487,3.079022227037506,43.165344893037776,0
0.41706523436662096,4.280223465522025,60.832540819213854,2.6278358159303434,53.377418426078165,0
0.4043575646939703,7.546371446274194,87.1213081916894,6.021687214487299,71.52816962199324,1
0.6339659266767592,7.565063570018735,82.4337114252304,4.42322984534286,63.31833839376254,1
0.1923782562382931,3.3778597117085654,66.01698352420459,2.71270665197093,46.34298964160842,0
0.39903078536174486,5.022892867743403,46.88736636634918,3.3181649336712145,34.53742788167961,0
0.6433944361178385,8.14986491271002,131.20808385177895,4.344047952318527,72.52631046527685,1
0.5776948281488494,5.564213850837723,138.14520109983607,3.9165233340469268,69.11731761211371,1
0.3498764443899139,4.376848630367661,52.489689758727636,3.099217402989827,46.165629381032254,0
0.266451106236438,4.068946194610534,67.45587148024931,3.1075167311190612,42.33674687207664,0
0.782154498857127,7.4422038966551,94.62994991162,3.933751220552714,82.58859134103551,1
0.8157215720200688,7.231514493217455,105.29316863115088,5.397641099985363,65.84270650833449,1
0.2832539408475163,3.3276772936814134,66.81163186573075,3.074265484089373,49.625847927802546,0
0.3557278319434589,4.39424642377238,76.58797332213697,2.878303864774113,51.69334362797895,0
0.36125493770415196,2.5915941283136044,58.18403398426185,2.5976088921802885,33.12688916882767,0
0.3874704486086269,4.080463632700811,50.35018321409967,4.278940221445141,45.3415624150958,0
0.5983528403488372,8.078821507181706,120.55261504614172,4.4783212695763845,74.56130460161572,1
0.5873725787929726,6.701212831622547,81.49762982879193,5.681650648604215,65.42554475182051,1
0.5596475635688833,8.53805962482365,128.52689392316532,3.307488648635652,83.06944802489383,1
0.428739193852335,6.731779126970366,122.20750790499648,4.934788405124104,63.967585268012606,1
0.39709722604353126,3.289173072090948,52.11401249821127,4.542076179892687,47.42568316561871,0
0.5215526488910054,3.2672884886997857,69.65223112455925,2.3505649460370455,53.146342571181734,0
0.44832105504631586,5.546602332966907,94.31523438556098,5.765130201377272,72.83479632115596,1
0.43459773377748045,4.3993249801868135,60.93329859055452,3.0648185265683976,44.4900817506016,0
0.3477256599829629,4.1181553570245875,56.198587051454645,3.675389740267639,44.38170618235064,0
0.42790041695531594,2.6510440966810864,60.80088779167911,3.1345176818799976,42.36999669467591,0
0.38491241090598133,2.905035594048045,54.53493987973214,3.803668767819026,42.93870817983219,0
0.35458343521105606,4.503630878612172,74.26492051583571,3.324880334730641,51.66147614043197,0
0.6422247141780061,3.1407505069007957,51.733733206824596,3.6400742993951445,42.49239707404718,0
0.7553391567795582,4.288076866753492,138.80459521259297,5.22952524547427,56.20110985012689,1
0.45982787816505943,4.4063048225635635,57.78444490816843,3.325012503221185,39.48912366105978,0
0.8226894374325227,8.158225487446504,113.29535229274859,3.4952559904983955,48.13098618578597,1
0.5129089108028551,2.622898646279863,58.545602096288874,3.4572686119657394,38.63619006296533,0
0.45565372447598596,1.5,40.79814146957366,2.1573858947208344,41.39910239993631,0
0.4427590739752334,3.2314209551521764,48.81711707041721,2.424584436092318,45.14454257220395,0
0.9380523222296935,2.7866821412042064,83.82135886037298,4.845016851328835,63.60788912584024,1
0.7334595537156039,4.526050741005736,57.28931238579858,5.0072446384727956,58.88939349360421,1
0.6485378755916856,6.699013529680323,87.08680458253899,4.89095796297989,67.3936314386073,1
0.6165012648436774,7.278128720966849,125.6036902060137,4.579714044169181,65.16103515737495,1
0.8785418365840577,6.316779542684847,100.12753115179933,5.020734641691966,69.52733733344783,1
0.3666014253541333,4.636969339779869,44.8844816098493,4.727127784165987,40.5795864247295,0
0.4876452150031461,4.5370240943913736,37.67420581323495,2.8897670199648156,49.01153979832972,0
0.38769115390943076,3.0659311144905006,50.048882201070406,2.657598912952002,41.33722110883222,0
0.41938913664970207,8.582573397050604,120.6291020985521,6.904579699182312,58.722935212751146,1
0.46292405769270506,2.631777395618779,54.610467170956234,2.3824464958718226,40.49622820053045,0
0.6753705179383789,4.5992364319092545,105.4157731841323,6.1599206637853365,68.4739023544768,1
0.5549497527707625,5.575520827688056,35.902028368964515,4.174229836463821,34.476855865275425,0
0.3542461908988796,3.3150756381645676,43.718669187583444,3.5864279210457464,51.02792996966901,0
0.2816219349314718,1.9758803685837851,55.077042862292224,2.3556743415863206,49.80999901753574,0
0.285032020878668,4.0123490388763425,50.84858043800147,3.3115081660046752,43.06696533793429,0
0.5996403980860965,3.3261356143547625,69.5281829075627,4.442409944069522,48.5354128970949,0
0.4160795032085521,2.8498066271193636,38.63203496827545,3.288727308956617,52.52863775650499,0
0.299852846621452,2.5369516070503453,62.63680522513515,3.2696944032015387,52.60990040299096,0
0.44973014155071167,2.2306211797916964,62.848115681792045,3.984721965676046,42.06215588322809,0
0.20375145048351823,3.4338553583282456,56.899642445086315,4.327988309990365,41.06666175263352,0
0.5205283210914301,3.7351605265890857,53.04008461821497,2.587905057116188,46.37845131044973,0
0.4498908257147405,3.8639187508119033,68.30740687547714,2.377334130164403,50.23397532838442,0
0.8609950676048387,6.524513406151205,114.63247017142545,4.398517571306856,63.75894113045107,1
0.14590135038156068,4.921478343911856,41.14383203794083,4.053300366669008,59.41800408414185,0
0.2622002304571029,3.1486271592957427,51.96082809384767,3.12194713075042,52.2078620399535,0
0.6708695547268001,5.587812098370433,78.85665667963676,5.984928593805461,68.75410672720825,1
0.6421500810322889,5.351863731529798,113.71205533361452,5.663786648999315,63.704019318020656,1
0.35755235334467217,3.8695552191164473,59.64229521245681,4.737075700423526,54.088467000324144,0
0.5363789675890429,2.7978251923084265,69.38381767759815,2.8364961807423326,48.12450329217042,0
0.9781224619282436,7.13154586783833,118.25538581035872,6.6487649252660965,56.36700894278563,1
0.28504957714212953,4.102707817956386,51.93536305774879,4.198626380073001,46.37990083729174,0
0.3845326673459782,4.028806284250397,39.47633052832133,3.210083328915624,50.51818095954797,0
0.38864794364849664,3.2593763575384394,45.48847078425807,3.6284887086168816,41.0135940121105,0
0.8951033313649854,6.978320126033433,83.76537111890349,5.6880725348355865,73.04870837136501,1
0.7799898224850568,6.54766328631783,124.68733953582888,4.284508665017065,54.61254477270418,1
0.5916945640713831,3.47728137413334,52.53872793760008,4.329651972243866,42.06590722055465,0
0.3819290591840364,4.767940989517157,52.26281251188113,4.014767870632521,44.4010115858189,0
0.24826528820624272,3.262796447132481,56.57808345343415,2.926961964291288,45.95021939428129,0
0.28475857727374326,4.660022909723221,41.60670408778795,2.830607297084004,54.34840516359721,0
0.3330022089029812,3.9895655701652557,57.438404057207705,4.0153350134306205,48.33774920733406,0
0.4895271524489916,2.99106981434682,38.294841805072096,2.0603407968538194,41.408760260388576,0
0.2980518767401794,3.3733772513083404,44.02662920093729,4.007631891495221,46.320346692497196,0
0.3308220148945349,3.842642419132132,43.690377076941225,3.0578837565288772,39.19994738134066,0
0.7942321322512197,3.8862240912969996,135.58536792160456,4.364909776457986,59.39302044443883,1
0.40736660407811914,3.677547545078743,44.32214036537622,3.7287664200347788,47.41101300395084,0
0.740767471221697,2.6052075694448757,99.51143429697211,4.1241563567912625,60.712225297567535,1
0.5746315155709961,4.67637378670095,90.72167251379018,5.892624820803981,61.16016254902907,1
0.3692119074614242,3.171765818052055,43.91984329048439,4.15478406323077,40.39800707845273,0
0.7492286735861725,4.222323798384329,77.50062596366041,5.958937900871989,66.34780929028125,1
0.7394859688940933,6.165413129281025,121.05371267454792,5.879098210032212,52.82028974709594,1
0.39776771173692316,3.3819809701065244,53.83697716444882,3.433870407909366,41.416384103758766,0
0.35193194074764,1.5,52.35401910842372,2.7455389883929833,55.870151341938694,0
0.34067168805900117,3.676363225428088,57.01275001259173,2.8331972018912186,36.50670541884474,0
0.3965784941016502,4.858612761311906,114.60011877094142,4.5600134242177095,56.58117287368347,1
0.297306856740515,3.130804555725101,55.89718499073847,3.0507105961853958,55.652832983841144,0
0.34703816295390977,2.894605225956732,50.51771261472772,3.065878884851737,41.831604473965605,0
0.38138363525870167,3.2046163800100915,45.59122675026603,3.282737631973457,38.11898830402441,0
0.40875624540029654,3.658186101806593,54.199322332206,3.9715501507809523,48.588169514462194,0
0.39047730669614694,9.219700719477503,75.45822655934822,6.82780512237244,61.85235090481646,1
0.3757607911972246,4.447131598843206,65.18190218891922,2.5995386149119435,52.87203658320463,0
0.6231704965132563,2.3214882105704815,68.12734424300214,3.0675594790428775,46.915956925094804,0
0.8690222188809352,7.583771891007112,109.93954200499508,5.236458387487064,60.32594328787439,1
0.5517971304675289,9.222786868985875,106.78581819640829,5.672913199531399,55.15764182759547,1
0.42028305575623315,3.074295719240004,50.5829546885612,2.9822516023328283,51.095135777889766,0
0.6134622634009373,5.468438692926282,107.65790192564238,4.427008016890621,67.5675910791501,1
0.6542396973460483,7.274442165436286,114.18157565087073,6.004805493080182,71.92449092793143,1
0.4198114039321728,4.092831116879278,48.097380754950585,2.923525635552454,61.94512012306224,0
0.2893482850809595,4.5036089031085424,47.020294150144565,3.1937611668650976,51.44247173527661,0
0.28816637319513483,4.95397106770808,64.45203171537153,4.608484954184453,50.520480647028876,0
0.4286444268240259,3.056494918638051,63.02573080572786,3.2878163778876783,50.380403064431206,0
0.6959936191716843,6.745835831938705,72.38252946662561,5.146895484634807,75.46407188494305,1
0.22849527789275959,4.006673076056657,70.71376408560067,2.809466873878694,46.049182025858926,0
0.30786821913244544,4.2783784703271905,67.80174431520103,3.1481412822861783,50.239905901238295,0
0.6632325975808854,4.459290038690795,100.65861520304523,6.2269260957922645,65.596518847046,1
0.4020935327003523,2.2905680895121883,39.92864973477681,3.3447587531685494,51.06046512311559,0
0.28626253134378465,2.948306152080011,60.28727104858827,3.976250887666375,51.11139561259109,0
0.3673744256097885,4.638741520130246,72.94601393660712,3.0244322730958166,39.90827762477383,0
0.35368641922239274,6.478027655953331,91.00036679035523,6.7717501351660445,68.72044747696616,1
0.3766181784513417,2.991731236170551,39.23290359715105,3.8891284341925525,56.413741813884485,0
0.8027815630445889,4.69665229301341,105.29850675729783,6.669059640631152,74.7186548319279,1
0.40945516172417623,1.9714409040193184,52.20270004025902,2.985586035835225,56.25502898445487,0
0.8295903587407207,9.107071150861621,85.31860157548394,3.675745584946907,72.20018534140823,1
0.5257661401762322,3.8389507553904623,67.91410030105499,2.906471388121902,36.61068684728956,0
0.6404122951050387,6.52114747069892,100.23897260974749,4.946424006220831,76.65566063043434,1
0.3894598971505737,2.830100566070231,52.24431707442592,2.9384959156450146,50.44637971627006,0
0.5754901124283497,4.39181092541892,56.60460169295815,4.009393637528763,47.62817370923282,0
0.7368713380552279,6.913930405071834,93.84343450718139,5.03075319362732,56.88803146523811,1
0.5536576396340204,6.384094747067062,91.95612752892848,5.0571158386340755,62.15681161787589,1
0.28212306410730825,3.3241140988074944,69.6839778442237,2.5835295427883875,44.78537095325792,0
0.9200833774177941,6.537663249568042,67.93710465487294,2.8951119041761415,67.22684583401283,1
0.6341405842004683,7.10518883179388,141.4794177174757,5.704807912488569,55.103736435878275,1
0.43405978489335495,2.811847641478539,62.26972961364543,2.983605309307376,31.309430102261988,0
0.3940624443484014,3.307960776027251,56.319362705771525,3.565589324448999,55.71512471393431,0
0.473275461781007,2.3223114979066692,34.477454124139726,3.1267603114956115,49.89543493342296,0
0.42264734553882166,3.7706957954225953,49.089177976458906,4.041216491790819,42.48698438140368,0
0.14015971703879923,3.2613530253389293,38.16412017814347,3.2711520012401683,49.33560085363422,0
0.46460622521634887,2.694906959866961,34.4383186977724,3.17513936242745,30.703739377596218,0
0.5522450113324482,6.9154716276066655,83.28522516748072,6.4888101859776075,68.43955249356911,1
0.7152038407912419,2.989770687137341,140.2593691166427,5.625669241706408,65.06961255742232,1
0.6729004224717093,6.417758515141128,110.15675568769858,4.308554761365439,59.15006739559894,1
0.3583851737562082,2.6169136224062104,49.52911095790411,3.400205133446964,54.511811872383724,0
0.6431486462039215,5.563253599403363,109.42388444406618,6.138065073355265,63.01578803232839,1
0.6637248196632064,7.643476733722102,105.14485569873503,4.964463693217691,65.90858024721992,1
0.3091196167765675,2.413812673506861,37.79499599395857,4.011529499185359,38.00573825894132,0
0.6929823834398403,4.10835461145656,57.50414229238518,3.615129087742042,37.1187758377558,0
0.2266960267197211,4.415254855879226,44.82015532542507,2.4385868398353012,47.69264405817982,0
0.35901634936319965,3.0046714510680053,64.9063048885489,2.83139551701799,42.57223817279149,0
0.6207621820370105,6.595238785923787,116.8126059454591,4.016224041533656,61.37209960050846,1
0.43971440469253553,2.682864041034324,50.31571356148891,4.33831558831076,51.86458300429803,0
0.5407979084302036,3.869880391238379,46.767437714086924,3.2544936480769353,49.586307956888966,0
0.2931015010745637,3.015749248512158,47.37199588603306,3.2213899086758673,42.68844774126849,0
0.7792900322609735,4.603781924675665,93.71846142963753,3.8285113296132955,52.916203094531355,1
0.9183038066286192,4.488520784109521,105.45099202513953,6.0744200328302815,59.70642707192813,1
0.3602065903328363,5.315552591679364,37.546461587164366,2.946200547583817,53.53178663680511,0
0.5254754764675434,4.0305831886314225,20.465798183915332,3.237640173055801,42.58989116982982,0
0.33669987815732516,4.9657682708621405,67.88948212280927,3.3126965215105195,41.44815893187649,0
0.2816371912822575,3.648863194363273,57.79261970895098,3.451160239146047,48.58840118608012,0
0.3002927843330503,3.5198175689075146,32.33263087548802,3.427115652713592,46.14710151723056,0
0.5310697288407696,6.6014773741588755,121.50722493446366,5.077069749725808,55.1731867837142,1
0.8718730027853463,3.366616839934095,115.65443674171672,4.479957839721567,60.77870659342122,1
0.2690137424652922,2.626117811142304,61.7750093597991,4.055191960897955,44.779236333742574,0
0.3918193572967048,3.615821672829092,42.60243299850291,2.6878401575795055,46.61463829437493,0
0.39942306942990824,2.0204453876662836,52.74750326329843,3.8897557687523148,54.48118699507846,0
0.9400699554724631,5.970535789536608,110.78962838358483,6.636835661108612,70.81033297702294,1
0.45468049193790844,2.7354111666748087,39.06774067073717,2.979414947147453,36.043950399188844,0
0.28103357348634705,3.888553038830646,40.977142001717695,2.905586144861228,55.65994236361634,0
0.3829243875458709,2.769656226842403,45.611710383791674,4.295058822284081,45.3261590417815,0
0.8388295737232849,5.545702000406782,106.44428764875096,6.412583350048687,60.73543531955699,1
0.63463321897235,5.860953445607444,91.44192001372268,6.744196157802614,70.61321291074036,1
0.48256799206545853,1.7978798460043794,111.33470657744054,5.788100962705448,73.50314222750576,1
0.5015434537853498,2.9926375670567396,55.079033873194625,3.891934462797408,52.97833142291857,0
0.3364792090461399,3.9407641542090635,65.10460802673816,4.46075916578895,49.516957426449025,0
0.4186932049239124,3.016557023318569,61.214850258137595,3.6418927606933478,45.937457220530625,0
0.2592928557998252,4.6609292023097275,54.87622408863818,3.1002626850080963,46.38776751741553,0
0.32574559699434985,4.176366264088198,48.55555679999278,3.1193857440562134,42.12811718234154,0
0.8357416505584572,7.859347927729787,106.53413683617558,5.634474640538228,66.62172012040415,1
0.5564652015153515,3.2815539940444522,48.12434241352751,2.9983319340834957,58.13343531040809,0
0.4283600266618693,3.755296558081823,74.68339372905999,3.183580464893716,42.597813267545845,0
0.32572585255790537,3.0048980436319086,42.68439339885091,4.563820090616577,49.55339519306274,0
0.4212568367081574,2.947922247011405,46.43648947784926,4.050493614046519,49.1186172882788,0
0.31689633400557393,3.465732275620416,56.210297198852565,3.0378976507033473,36.05079610840553,0
0.3644457062092084,1.8333275185641342,46.825388516893824,3.47980394919286,49.30639210717779,0
0.40315881378681717,2.742776738271952,69.04085188463898,2.832026125048251,53.08262426738407,0
0.7206984430171093,5.7979864468980455,123.42282426885195,5.270427070096528,51.28083131715914,1
0.2538484709615815,5.034632779707205,67.89914013503628,3.5731754569398717,47.45366193319127,0
0.44133334271072977,3.2417699266054285,33.56166449938185,3.030410328893696,48.144995391687715,0
0.3432464215229107,1.7721399214336895,43.59772003748785,2.817971199026787,48.217337500001996,0
0.2616130279649355,3.847910794376331,39.340617533276344,3.8360386463947034,42.5293789721566,0
0.4706619581775449,2.650089956794268,69.24249147830582,3.958899492865445,49.552810487338796,0
0.7630617694259123,5.500826079586713,101.38043247049988,4.800643223877255,59.442525426082284,1
0.8468992720830844,8.781077298343613,120.69093710641943,6.135333027575323,53.241060001684815,1
0.4766849430470982,2.090044677045025,53.575272269195594,2.15479464184169,42.91670091259608,0
0.13882021601118505,2.8808267924351734,51.8872088739701,3.2567327306508043,51.790912020043336,0
0.5544981622663803,4.062352591758284,78.01897996271362,4.706071759468365,78.59253531788904,1
0.7024920452472125,5.82907642252064,125.43856677802258,5.405064994254695,55.73342990924419,1
0.37978881615060195,2.7382910504433537,59.64824857593302,2.218006873661431,39.39396196894389,0
0.34691589566685915,3.017451790726933,60.39718191241357,3.711510748711673,46.9377956316173,0
0.31077210672320454,3.3668192712228207,71.61888325174301,4.098947083255026,48.96316344301437,0
0.4718914693292454,2.6401935018456637,47.523171160517435,3.68594475055975,50.68315890947503,0
0.4501287191987466,3.56111999437988,54.72465556447375,3.021656565056068,46.124189141574554,0
0.38618262183980673,3.6792698163436857,70.69772912207259,3.2961142185944774,53.49797221395925,0
0.5347277087015709,2.40921979283326,59.025696426331535,3.5064147421962693,45.44816546179487,0
0.5590141473411154,2.3351534048636893,38.36671267574858,3.418486409049515,43.446174937901105,0
0.1691742785729968,1.6705988660775188,59.219250268320394,3.459787460117195,48.658508867916716,0
0.5031450748883208,4.474132877110492,67.97768709226722,3.677070075821726,38.93847932771179,0
0.7688861923291969,6.004836712798352,80.82333454886258,3.5014142534295214,50.80261532995437,1
0.7405419829456839,7.139086827806578,106.35692902222989,4.537783716635598,56.060398490082314,1
0.539996984505494,2.9995805532191717,46.814484761865124,3.1537339653994274,35.52502128748057,0
0.23199817922738164,2.837049882160158,55.8089232341831,3.842405161355765,50.16043531735983,0
0.7250982141535903,6.983140131927106,120.96439306846652,5.909948038194025,58.89723089003567,1
0.7221263399132175,5.084074757913557,98.81779016437683,4.233480818907953,50.634679656887556,1
0.5086720799084068,2.459321936324164,47.55616680974008,3.385369988623628,46.8202698237672,0
0.2286352335269537,3.1419124762741286,66.69626965934347,3.055504542348176,53.65830135444755,0
0.31609437926153683,4.76204806136108,82.64845220651624,3.274306403222633,51.44604769016937,0
0.615485574985657,5.210600022510705,85.40627142521436,5.236663234108867,52.22720830918477,1
0.4638364166154555,3.7932789336739274,60.18113209420342,2.4769201929778077,58.62134032109171,0
0.256031329877905,4.5070040505131574,51.475335521585514,2.7775222108919735,39.128463209971684,0
0.2451833659856027,4.894358354238071,42.861073245277645,4.282554671503185,50.012702563655786,0
0.3608861371701624,3.4785232505869503,73.27713899482058,3.079149533564981,36.69203980360341,0
0.7172251849676966,6.615318195488191,144.00115324475217,4.207239219132486,60.99647432572957,1
0.5158661181248565,7.752047498259545,121.30216583595937,6.483462733309339,71.72691970891898,1
0.6411973169062427,3.2909204414353566,157.48036603145908,6.0354939062682575,77.07661951766244,1
0.2958108933367665,2.9237328339169686,60.94328799502595,2.9836741005611733,46.800616947008166,0
0.1845961874023476,2.238025486548592,34.343649443827765,3.4601624194235527,48.50305049357935,0
0.5014944527726125,2.4800077094360558,46.95122912779115,4.324774283089701,42.400545289225576,0
0.2913710016725929,3.903199311292432,44.150543115494784,2.97031610558806,54.1458947974565,0
0.32911887120429617,3.146071090544041,45.32487382868455,2.8204573050249366,48.288196226865274,0
0.23679949725567925,3.855420529866227,70.76663831162122,4.980157348323616,46.657841164943996,0
0.7579429241321478,6.748200669476652,95.86089866468642,5.602888855491013,55.808922427556254,1
0.47662953314379997,4.847198163020636,67.28091732937946,3.5158658808728953,45.640008271519974,0
0.41351887877298743,2.5718106595245827,49.25995133810367,4.430682104078319,51.322758432853405,0
0.41685466042911545,2.7053907506053756,37.22218039368965,3.162551052364681,44.67824259989147,0
0.3386166685838189,3.5216502823444724,45.36321826865786,3.2559248477311007,50.556779206653204,0
0.8326253275711322,5.342674450059481,102.2703295357164,4.645509951715218,73.43859691724495,1
0.5531068297460492,5.650717329832781,167.78228804708255,5.978546876538254,63.30421003843549,1
0.303195639429417,3.9043364055083556,47.67849950790321,3.7175066844539115,58.622079332384715,0
0.46361463939134395,2.9763044891994235,69.53590233712167,3.0341680459920175,56.2262828798021,0
0.6436114159524329,7.088583874707924,113.31842508114717,4.731596175767771,67.07805303027284,1
0.4640525846051969,2.9437184448755045,64.50881358868483,4.013188116596698,41.34605744820789,0
0.41011842298558715,3.98700496277844,53.00336482484646,3.900127670839101,46.85715956409046,0
0.22950648691213646,3.107660789447426,46.40603364192824,3.501867077627859,40.23420703627632,0
0.8028627698370187,6.999022811686064,138.1877264296799,4.664476498165352,66.00543527662025,1
0.3357808161857875,2.4594535926183627,37.92089410775782,2.767225473199748,43.850022323164666,0
0.41756595540904834,3.251086741379335,52.98124344729369,2.8188790461687963,43.30624065519472,0
0.24844127064983912,5.480860593438676,105.19042745947772,5.76594787812472,69.54395341591193,1
0.3756323089418324,3.502605054334562,41.2671542554013,4.2808279171696375,54.2605582138049,0
0.51587721271413,3.106116101863088,50.52794604656342,3.3675070814664783,44.21755292049974,0
0.6174524573521301,7.1441190141781465,116.19238778553789,4.900479198295775,68.05486004058682,1
0.6504634898159332,6.862942509969388,102.87109936326743,4.928330244126255,75.00204639697424,1
0.5287853300732199,3.200591389823057,69.66851515199353,3.3668088603788515,47.671359929042836,0
0.7490603201406802,4.195778634922336,106.74054303730685,4.022421972935823,63.60845855733134,1
0.5185460303472481,4.520232897744608,113.07835486193225,4.645614918144604,67.12650758358933,1
0.8231348169666841,6.732326332877047,112.34241300229034,5.115433407351352,72.33981888027101,1
0.8195894670722547,6.993703335316631,141.1518353370152,4.294465394807997,68.23718420229565,1
0.3184329701735205,1.5,68.47117821705484,2.743514247021811,48.980839415143436,0
0.41099894035519074,1.8355129741046148,49.088920512537065,4.085326929724989,49.02632170877614,0
0.6395211576935844,5.874492969014838,91.7389328770378,6.523255644798727,69.63233398633501,1
0.5964194584580603,4.040122255157515,120.75425001705341,5.904337906528669,60.94726057116724,1
0.37041964118422394,4.906453310592124,61.108503623121905,3.88284959810234,40.196563214734276,0
0.22405474128244734,3.179553128020469,23.540152937149852,3.765867780383607,47.7690361672921,0
0.301509062049261,4.134503837119912,73.83994472057367,3.280722161472886,37.610543147403945,0
0.44459834279193244,3.523212159642803,65.25535834077314,2.641755238887258,45.69194373378624,0
0.48642129002175116,2.0310418589869994,33.897512828968026,3.70692119346016,55.60517377751054,0
0.2305235029484683,3.7187608878585054,48.24282752224961,2.7705424045977787,50.24067200506515,0
0.2791246158893163,3.7239605473644515,41.63105685759935,3.9381018879135294,57.766574730754066,0
0.502426248082629,1.5,72.46274075670777,5.1750008016148925,42.84878049042816,0
0.4742931388912274,2.3398986861983397,65.97582860888721,3.294347382064222,39.73239780443015,0
0.8222539891002112,3.680901437358549,142.59718375951348,4.508232946813793,71.19176919650737,1
0.25698636010728015,2.819729175756585,54.04604349166175,4.537573179908984,48.88148916450153,0
0.8223489633950005,4.245453349336701,133.94433414099024,5.50944604475451,68.64778257547177,1
0.6804727947575325,7.9822333948420585,70.69793747886119,4.841961524893802,51.41509589708052,1
0.36743691190443795,3.144730212614414,50.84452431607411,3.4586553287945825,57.07912686936869,0
0.8481373435064639,7.4090349619999625,88.55859270604688,4.372648214865186,51.25290821358553,1
0.6962806202442187,8.33350274800896,104.6163667078161,4.383859770788797,65.84814437048935,1
0.34652588135612283,3.5142354412047396,58.06725502061792,2.8503325238052315,46.10267217068228,0
0.23236073169920024,1.5,30.650035374060874,3.0535149874474588,53.309923317183376,0
0.6817331296766795,8.939442378115272,115.6070274754293,5.046025949769269,56.12167075950862,1
0.2158683580979709,4.595167575137598,50.72352332120297,3.2949249171587667,54.02805431326049,0
0.3695538158348061,3.080231772808498,57.935471693371376,3.595774494732294,52.66178024572782,0
0.6945673125327957,6.396177366636945,119.17371286144909,5.686230539095549,63.113852111239744,1
0.5116290655885711,3.89469498577434,76.53179038291081,3.6428040129545316,43.244255726042475,0
0.3122077602988681,4.930140913403208,55.158323871777284,4.269887098222573,54.037132509686074,0
0.7888642160191792,4.977030407126524,100.33489000317007,5.222239597288841,63.253228609792004,1
0.25685105372024214,4.250948864137446,66.43356427738375,2.7682172505307174,45.888632078432515,0
0.6834034188960196,3.9277951053883586,122.87721559760458,4.0092432717292485,59.5137581467097,1
0.4454159232507202,3.8881511893846614,45.3516697464629,3.828077656585125,56.347886257542996,0
0.30469883734022196,3.1841172818432977,68.35849720706618,2.41655987326266,49.46710733996885,0
0.3763375786531369,2.347226458841673,46.50357660449808,3.908387225083497,58.910553851080216,0
0.9453192464930467,5.54962922452097,100.01898951157975,6.6259672059987835,71.98011891113687,1
0.5436138118654449,2.4157902671991676,58.73949706809518,2.6010541857737914,39.11107106291746,0
0.5719548710388594,7.173971659896356,107.04691655870566,5.312029019441146,63.684050809325804,1
0.5692849158562714,9.401126456131468,115.56494431591025,4.758879781212567,53.451508767677765,1
0.2823789792783624,2.750453343330333,77.34785167898488,3.0626172546660735,50.62013194537582,0
0.22859737510142575,4.331391277481304,56.215758324655916,3.202811430466297,41.351828561510786,0
0.25779757952627075,2.603083289200635,56.71040442749755,4.001324448662719,58.337218838653065,0
0.5407588721466423,2.469151388374626,52.566064436080005,3.3415720494777394,46.73230376937464,0
0.4031320420194761,3.0827674907687705,43.2782828366185,3.641319349597919,53.829787396976364,0
0.3522230932266739,3.235699137257155,30.863441667024127,3.213205809110016,62.78209606097043,0
0.38744383838689805,2.8472977385531206,42.20399713745019,3.5166628420321193,49.80835113507533,0
0.46200487971774806,5.026347955165892,50.346569488360586,3.511137598561849,48.15018109825366,0
0.5295142660325174,2.027842261576633,53.32891225371404,4.285033628338566,41.24227464081735,0
0.6231640750563501,6.177209772464534,131.37519565763037,5.320380607842991,64.4850906735422,1
0.2524176785656338,2.8282353843704975,40.17111002802612,3.6515647980401553,43.61793392622511,0
0.5143992498481543,8.10684906171429,133.23121739320922,4.901387189407625,80.21281523211348,1
0.3835964747778598,4.089147806457648,55.36645965498205,2.9007706141556273,38.24656117934923,0
0.22856452376880604,2.2273068201523123,63.776819724618576,2.5082050145199273,46.87445439423422,0
0.3669497841279129,2.874803809134818,74.67428818896909,3.805590888612372,53.11683420926366,0
0.8872117179815623,4.44923565904213,128.13487034319402,5.716801478838117,61.7100360328152,1
0.4243713866779398,1.7831653216649743,43.80873543684691,2.987292432985424,49.77431481006356,0
0.2490622163014793,1.9999685929623983,62.607435198514345,3.744571267214835,51.61468038140878,0
0.27097830528539146,4.339396779653114,62.458873269033006,3.9689676245312207,54.009368940729225,0
0.6024319845938824,3.292606517625159,65.3247230676469,3.1477321375555256,40.66201713661238,0
0.4849567033081057,4.752193106246153,80.07187795112439,5.759630277826734,59.35022719936893,1
0.5215249144415957,3.2842245765460403,56.99225261075964,3.451229535822289,45.590571346816006,0
0.6661314572262241,6.888491953955125,116.43900690255931,4.501704367986305,61.093323798582865,1
0.3512281908826958,6.091697223370376,58.70620669964517,4.3129947982281704,37.27352348255799,0
0.5133770720514761,2.823865352189124,53.56682718522191,4.182296064313805,43.80708880171212,0
0.209387864641714,4.19196002174835,50.392419688757656,3.143072989952177,34.8287015191741,0
0.796273467414042,4.395610097318317,60.11007695276345,4.550353102718324,66.75933179370901,1
0.3108751443433448,3.4169696629043966,87.21251928155603,4.387468037652363,40.95634525007688,0
0.2954808774497296,3.876804742687911,53.48383586646948,2.6096709162419476,45.184785934619754,0
0.6112191484056251,4.869319177782534,122.78261163578178,5.363134710971925,66.88293569633699,1
0.3704624829073664,3.740663529485162,52.52771578460867,2.487324232368981,48.05852905151278,0
0.5468084110648344,2.5386290323823935,52.745019679683935,2.977208014219398,49.71824301282623,0
0.38792369305558355,1.6324819664415486,36.680851199623405,3.3476675887016842,38.051981562530386,0
0.387714907020274,2.0722615271126785,57.187573388055824,3.3733563710264907,47.898649749275386,0
0.33914404903097245,3.1077712879050834,50.045803021572986,3.127656836836998,33.44784476502997,0
0.46440489645073496,3.5906183073642506,54.60630028264003,3.005087962247475,40.51582386191901,0
0.636451115632546,2.8382341063843084,111.78847619661789,4.263471922923574,64.03591511067376,1
0.5015147136942784,5.204066847056254,46.87830037841565,3.0666271242338565,49.61618799925362,0
0.17619993521406943,2.733589850492043,41.35856210735555,4.345021464947512,41.71783916889592,0
0.23392742346072146,3.0313959670589035,65.25462349999692,2.6369412057350434,41.11386385387053,0
0.47528477209443815,4.457397628210455,45.939645549461986,3.907483194247045,47.15995983856577,0
0.5211072141712985,4.785332251037139,59.66184319359004,1.8331587091193189,47.68259140945506,0
0.7220047227436956,6.281487485728502,118.43138933527052,4.303246789310291,69.6143043325344,1
0.273811368571036,2.6083087891877303,75.62613855332854,3.582276320589379,50.99360826104728,0
0.2979185771087246,4.5455663095517025,40.58163649243684,3.525133548942974,50.411301587943655,0
0.6272036056319442,6.274912312680929,93.40488090266075,5.754786374539828,71.14532939966054,1
0.19388410859132604,1.8636385563544042,65.70465872523795,2.720845329612567,40.42970457681197,0
0.19758308778595304,1.5,50.370603280950824,3.1969951059691746,51.732670515905845,0
0.2618927346010419,2.438715239845697,47.97507733816571,2.072335953463525,52.070927057413456,0
0.7751409421016439,3.118102426536673,51.94797838647596,4.238706052500945,65.08216014947222,1
0.4299362137239566,2.631191633200994,63.5355362175238,3.6184301424986653,57.13248101635994,0
0.5577580666578252,3.316975662052456,48.706549446051525,4.49802949789212,57.03722593297447,0
0.7018244261511971,6.82805463251044,126.70061934966144,6.109146815699406,70.50402373809433,1
0.968827596700301,2.4292255948438584,88.19784839757872,4.484088751566862,64.35295091687674,1
0.4739663846634516,4.150456372652291,53.327167005533624,3.4629778293711166,46.34984822478932,0
0.7966066215742051,3.493201614970184,60.700926425091346,6.886505894746914,68.07725377419654,1
0.33508335208906637,3.6414099142625522,61.36071034925355,3.4222648816168397,45.677833316783385,0
0.7004538026460568,4.78702336221844,88.36500112491163,6.359388031182351,65.34296039732516,1
0.28906244483914156,2.5306485747604945,48.4110783838142,4.528317835640644,48.042610089178915,0
0.42000679653772593,4.098021067865487,38.579341111205665,3.7784805600546885,59.97068978771746,0
0.6395908031265287,3.535742543583554,115.30880403638719,4.920601882626778,61.540711550651785,1
0.3851213220660647,2.1036311493703805,60.01550926051317,3.9259489496396496,42.35319525636907,0
0.3850663952434827,2.950970383163154,52.77392322172335,2.772306622908892,54.33855529064691,0
0.8915848124342938,4.913189715146599,155.98559765761263,5.455479631905501,60.639632603799235,1
0.28781789015317466,2.475388499029147,46.697358507837215,3.955723517854402,35.487376326221714,0
0.32914130280689763,3.6083824792753227,40.98082756818338,2.7929627624492195,45.84168483210024,0
0.38856423966940346,2.963577643068322,64.3607000335643,3.9230851073446753,49.11339705399689,0
0.6760332996690812,7.445441519562967,94.23346327238261,5.006429095291369,50.7133052266574,1
0.32989706262597013,4.611543776950704,68.24828662938015,3.7998632350912636,43.34591169328657,0
1.0203590916804322,7.321981499590943,121.56283875677485,5.131973343794268,56.81622704036027,1
0.6632977817190707,8.214098798168974,99.38742583843364,7.64066886976507,66.43393658768763,1
0.32706347637480465,2.600923961754311,50.08759684388997,3.398316488504935,44.91027862839614,0
0.46015856574817804,2.68387468005493,22.322148245499307,2.8853423373229496,39.53155318671189,0
0.42009775417920825,2.7176571245321455,73.32863234986898,3.5671838561882896,35.94629050079528,0
0.44735110390265465,6.655888263171099,114.96744491493726,5.938817429688195,77.6164163733447,1
0.5482244826864024,1.5,35.6317668046727,3.2969805811967694,43.28774862182035,0
0.7956089690240216,10.147076177345083,72.79917719224076,5.339932471344744,58.43748807513864,1
0.337343324889578,2.3900965856565826,66.03986614661757,2.9276486023942594,54.602878799643776,0
0.2738787712687524,2.921239638595253,57.04145940589552,3.0698377413869604,45.70570349603598,0
0.3452262640834664,4.130210159912586,72.11293746655218,4.565572077291781,55.915588544742654,0
0.4037825143954957,3.4658297001640976,75.94414022562961,3.601277575857784,47.86152236358097,0
0.3997611348858059,4.2412475325846275,46.31895673996892,4.141938468043135,47.328885486068806,0
0.6084130743090421,4.802633567296322,87.40112772133511,7.1626911921965535,67.78724767587552,1
0.5337747760196863,5.3505666555752045,131.11736879080536,4.669311825871357,55.54573908258999,1
0.534114121971596,7.4782225685312635,114.10279197510962,6.077831673215971,63.08577924846106,1
0.3202512085838275,1.5,47.405264256868904,3.3276826359533644,49.70175506359622,0
0.40521325115265755,3.5972765809597913,68.89653635987345,3.2758435030093587,47.79755280670382,0
0.3848633615914618,3.6509639497779727,61.80935716444551,3.041246756634285,52.559404551139096,0
0.6670100239136955,5.128469723609038,124.90439281020582,3.4290412112447854,60.23177895662091,1
0.2647375759243198,4.223118015810119,57.215826491570326,4.518173426294384,33.22534693356471,0
0.44331011609998844,3.559954516493438,61.98237921345053,3.332460132193791,41.14121798501608,0
0.3941483751740392,4.483712965869853,59.7080050289723,2.9053579777682397,46.980981676506694,0
0.9731205256089173,5.3705918822568375,128.3927518264004,6.758702491654555,59.24220912915282,1
0.3901947390631904,3.2676191734276534,48.03297202841781,2.5067433727394492,42.31976089978925,0
0.42881939803214153,2.700642843816637,58.01456556755431,2.851306437918742,45.29974438669047,0
0.20922417793699402,3.024788580913442,17.566300913583873,4.377625103681579,44.44352980914534,0
0.25267889045432357,3.9509367538413924,54.26110148739405,2.9047371086867315,39.85390800843921,0
0.5888755859624457,6.0799076904118365,99.51791176951589,5.137611324138038,69.43581389358788,1
0.3400640768778421,4.018073280251342,57.33102583784526,3.649690934364518,43.16700126071775,0
0.2682381817650956,3.447492692168436,55.90823044439163,3.3991572353906108,40.05025273142819,0
0.4778280879149584,3.779009417638423,35.29437700440456,4.247333817283895,44.37944291345259,0
0.6000510466238322,6.3853592662952625,152.38489811687043,6.0642374220436395,64.91796663939003,1
0.6869684648683768,3.3900724884479043,110.0678733899173,4.174768732280995,74.83786967358994,1
0.7269377510443538,7.75838834823797,144.56114608218775,3.883052773136879,65.78792580039,1
0.45677757905218763,5.230190446900446,114.218501197418,5.8977310117917146,75.18402605847066,1
0.3209193311477276,4.228371397494331,23.29477049733358,3.9633355652342073,38.46541757960025,0
0.2171409836178482,4.0615127213150455,53.79491550618582,4.772784624840817,34.07574099415901,0
0.7629110787837591,6.758078671227941,130.41798186519972,5.015597442326795,60.944650835398456,1
0.4481015520311338,3.576669689844621,50.70565003524098,2.8110709609332662,49.56581308884258,0
1.0230724283549875,6.914087925497977,85.55715708703599,4.9873762158678705,64.32309559484774,1
0.4410896251359433,1.5,36.54599857867428,3.044168624654165,45.70584091320694,0
0.5724937014047713,5.6964241632004295,135.2949969826071,5.989236854714777,56.01301649889301,1
0.31017055196313975,3.419267447245252,52.11150345024729,3.192361177163762,57.14906570162926,0
0.7616881784303992,3.5122219342109418,133.37859282647142,6.0638585785576264,58.29988900826317,1
0.46247421090239355,3.9900968630368077,49.43460850213847,4.959416886874332,37.16895867677526,0
0.34304668524558374,2.288273533652075,57.07181541828107,3.745317311147985,53.60055293138201,0
0.53002484527953,4.013562406665912,80.31982496900035,3.505011043209762,64.94653710295097,0
0.24532662489535123,3.7070076742313214,44.58886957075471,3.5563601818330968,41.72278668163262,0
0.27115080679649495,4.309605735886129,44.56988909523217,4.170267338839282,51.753479754731046,0
0.7842501225151166,7.660812121688379,91.20114032510298,5.34981363735179,61.480841805217516,1
0.2812757732059872,2.8928036944385545,44.42582548616659,3.0492753203013874,44.136192374970115,0
0.5612923378006267,2.9309553443725447,61.89657672539191,4.360730142220728,35.12989878153156,0
0.39949875036437416,2.872957893515636,62.46991147887891,4.16649535788849,37.32230057582738,0
0.3994420865465571,6.826999914911939,105.01165946078515,3.006140842668362,65.08686261526728,1
0.8387091141633992,5.982001308499528,112.36272463650002,5.37982264015787,62.69042565436594,1
0.4469296910072647,3.905456440647971,45.52285211903964,3.896845595528902,55.140723143775574,0
0.6284149219965094,5.841008817351598,123.688325994375,4.5026491513032845,57.04035105102654,1
0.3702323907516249,3.58347055843661,83.22776676774868,4.037381200680991,36.79987136873552,0
0.40713514645718185,3.5388816410756467,78.13687396261375,4.001867040602589,53.09198831155323,0
0.6040016261246997,6.649010647883565,103.19108263502872,5.6693235979619345,74.11720933511694,1
0.2048785697534399,2.866703979398542,40.59070160892319,2.8940558052474694,39.9150042101219,0
0.36114051853634277,4.372504292062174,29.99731414472751,3.2339385393342233,44.04842602424018,0
0.4223541731421711,4.07975766032184,70.57962959127735,3.28931572895637,43.422772108616854,0
0.3771550867250758,2.4495595479419103,40.81893853354454,3.622410605794694,52.13071882094209,0
0.4324263264056378,2.6759280019493827,76.54125358884197,3.280341992008217,37.05828046052861,0
0.42211743100235544,3.301934172384917,51.66188054000709,3.0448584976699156,44.05351374743771,0
0.6257502388877505,3.035519792273771,49.824454264915,3.4008879947121082,50.77493222222831,0
0.8411927940212861,4.797721876568081,100.65347317455272,5.1980090382961315,66.80385276122406,1
0.330657937116881,5.317654020009887,43.078168782322976,3.817899954577277,50.14701121154732,0
0.4125636384746879,3.9808380434294746,54.97906411095758,3.3760841601338365,47.05465149544027,0
0.35508999570014477,1.5,58.154898431596195,3.5736163747696392,51.45780042031201,0
0.6219680999138432,6.148858896977556,133.728051345337,5.660226733127161,66.41211843359287,1
0.6883582695786202,6.341940971870198,110.26031540121916,5.571957617200712,70.04826219309702,1
0.7605157127082279,6.914258746694795,94.12838617167237,4.046317664614963,69.28224635371356,1
0.13393819514013766,3.9544523247122543,45.1259865097154,3.411930825917614,44.037486795733635,0
0.5190993790271841,3.930932424184896,37.332752609995765,3.22684320298837,51.27588990037393,0
0.2807242842912379,4.005244584867569,65.17311387493226,2.847221310322062,48.125252835937175,0
0.4376958112814695,3.663229263252992,48.227930571199245,2.558461105709066,43.365673951525224,0
0.7716077797529319,4.85346683240853,168.80767418901254,4.370605901494304,49.60040642160919,1
0.29835886966028197,2.3104843018975467,71.03743230019757,3.4248550060311658,46.36751950153768,0
0.5212459329988034,3.9950223030490903,151.59270561125817,4.071266488906151,61.87999629235841,1
0.4535017627913394,3.064355526177829,40.875141932197096,2.7881691417300143,40.01000017003749,0
0.5151262893508166,3.2461310420737335,56.57699197834857,2.6639108031500567,53.41647944996664,0
0.37398251194658017,2.891803580424945,55.76888606704449,3.185273133253475,46.052987591007266,0
0.49110700665514206,3.103079036763544,52.10677712835822,3.6700943913705073,45.74876007936897,0
0.776531420887886,5.8119506845037225,108.79021979320265,5.5548258677504,71.7421017061821,1
0.4651280299000852,1.9473530214774832,58.343764821169316,3.3297990691168216,31.8013998511104,0
0.5744722904937871,2.624371857146255,42.57997323830959,3.03396917848143,40.65091491803633,0
0.4820516639506326,1.524566198225548,66.92520526067536,4.269377971698675,45.39194362098976,0
0.20558362879397188,1.5,58.13743186096544,1.9521927236726324,32.60651121789222,0
0.3805705093524922,3.772557698985546,57.14292513337856,3.677260994511104,46.77874551633742,0
0.3495629900905715,4.893717949554807,40.97629895722723,2.950154355587623,50.11263581057016,0
0.6444860377418876,7.3044727655640616,121.41742350820736,5.712300717432958,64.29254630273336,1
0.3502563363695014,3.497044962364472,59.47675714450153,4.196670928679867,51.51115719818868,0
0.5606926322779857,2.0580174006866736,44.445615840215844,2.945844489762151,54.58233832832587,0
0.7162711982661089,5.480496241246934,108.00097323643551,4.934064342028253,66.30228253122472,1
0.34786116956160895,3.68487259699177,50.52703959630614,4.250036113592851,41.92544542905283,0
0.38066183484796784,2.4570619641507756,48.409341777280346,3.5973407015708387,35.909764322622436,0
0.4398264704523398,3.805152473761095,66.37107480897448,3.2433158471445336,44.88627279436914,0
0.6035570727181372,5.235197292980455,51.870038653100515,3.7647932669029656,58.59919554084925,0
0.6137826320527309,7.752997849606459,82.17463644080424,3.2562981849463117,60.181306033028385,1
0.3797889759990041,4.081261108601259,52.89988762754065,3.2950956976249937,47.39001983518257,0
0.3492856988867148,3.279818122557198,53.378670444034256,3.930487920889264,54.2212911611269,0
0.5369683243949116,3.4928821373293566,55.97643932744483,3.410890316767279,53.04172888938204,0
0.3533883814448503,5.8532281299052125,109.51168432789925,6.106863188297633,56.146017974407854,1
0.5173924966560844,4.062062619771958,42.64493316391559,3.8746843830965414,49.51950469585507,0
0.5982232160971872,7.243851309508026,105.42720913264922,4.067898954458733,61.462069260091916,1
0.7090819754097271,6.593675176415647,86.03448881112303,5.521932705958105,59.69898144339685,1
0.6253560291842409,5.797196294121493,151.13931392623033,5.197217871408328,63.96917432633785,1
0.43398433798932007,2.8637681712436116,52.45194153748883,2.4184195877773855,50.1551190451562,0
0.24962969614144506,2.708082502086778,74.92454582767566,3.88533098562254,37.36777121527605,0
0.6572428944534202,6.7866790884909545,136.44064724573303,5.048348214510585,60.62739136811363,1
0.4294692784600716,6.225508666529883,90.2887197902628,4.652086750324607,69.81173014072621,1
0.7762938147413864,7.65915728079649,150.89680297634595,4.232301634195268,70.38771390100263,1
0.18885139453491548,3.690392209993006,91.54390710413375,3.319698859538479,47.02919675145909,0
0.6917150324911636,6.595779467860997,82.76088963340027,4.491006812679635,56.721603969264706,1
0.6439733661412861,5.852213822519391,113.5712018791581,5.074547057609147,59.81457977754043,1
0.3086034271654593,3.095837945971388,54.86242694007835,2.001714426071501,43.25402868544646,0
0.35207786827619136,3.1562951254597666,63.66485431049198,2.783598786268888,43.157746140592295,0
0.7338478344256186,5.416815741735327,131.91200572432436,5.944051349234061,77.22291749536532,1
0.4495179632137535,3.506072942097951,63.6237068237282,2.515277121563704,47.59014144502169,0
0.6455721139106698,4.787772147727866,125.43811083432401,6.385372629497991,64.41828322956007,1
0.3944978269711902,1.6667144261923226,64.46138260350851,3.269355905940106,47.90094691576041,0
0.41744844878517,3.3711898384912393,61.841832399396566,3.441764025246483,48.175208456599954,0
0.6895829562207151,5.320083769362204,109.31535160665574,5.223419916581948,57.55784648734158,1
0.2116213217017623,3.228138272304834,61.47861984699079,4.221636698126808,43.28006041411726,0
0.21056101865667484,3.884141516060115,49.931282689507206,4.02985107956598,42.62767942572805,0
0.4163571481446355,4.244341513997229,50.263901138332756,4.135342913629081,47.331186030263076,0
0.8558593658481405,6.080391037133195,102.6661143148633,4.991749342239233,56.78660780772431,1
0.387037548250574,2.101022058038089,45.164642081683425,3.0137840163621665,53.10418329807453,0
0.7750636874249496,5.286255274380981,156.4252107250607,3.89510450995967,65.85910088802277,1
0.4987247222075333,4.361426081423771,55.836272548733085,4.21328763976813,45.51501396628908,0
0.13135437669283626,3.026458791131871,49.14444572382758,3.6096741334779043,45.411227566984266,0
0.5663102779696041,5.160028737733937,119.91188896712883,5.323753001645878,58.168781851732504,1
0.5878483697054091,8.044660259322196,90.24014672658241,5.489180171036216,70.45631059510332,1
0.8037706828962314,6.724914406121461,79.59008779223784,6.360730238002365,69.34865321212699,1
0.38998168201273903,3.000964059341633,60.47653822455343,3.822864701563017,44.8567349563955,0
0.5848549317534368,3.5882625156065022,52.627913407817175,3.7047781473575125,49.0049153325935,0
0.4318692374799653,4.18755664310164,62.25699884727759,4.591243816666914,39.34774597922533,0
0.3616546692597815,4.5442685781674035,38.131751562185045,2.7117645778765245,39.422996591760395,0
0.26481991071569,2.9218919474758454,49.207216273113005,4.111864583271883,38.39410461271099,0
0.3730348154317944,2.0565318084584305,54.22022822811425,3.3332697257603985,48.64444962197657,0
0.3883284616752517,3.37324905278257,56.88109795456839,3.0908060628772933,49.743945762179074,0
0.3777157160244497,6.83086856936699,127.66451219535537,3.795227511969634,64.74863616952335,1
0.5277065978585442,4.6415265237513035,160.13795477483885,5.793321614529007,66.76251668008526,1
0.3309323683695283,4.095016473982913,55.31981802400981,3.9571119104815624,47.52712599394368,0
0.44633075387693444,3.591126675143104,53.11898452620109,3.709641122604821,41.70078412702277,0
0.2885062708310909,3.389183707669736,52.09874205041493,3.255961560760957,42.932229162162514,0
0.2593535863699896,3.68182332370967,53.426765728536445,3.497057437741546,45.17879266379998,0
0.4215768097794168,2.4060055859477822,47.47484879548715,3.806743336533529,54.91937952391894,0
0.26662112648744263,1.9964779458266568,53.62465169199613,3.855599038760464,41.84548047292125,0
0.8694807691603899,5.236475449670593,64.90298889824746,4.124266150625176,59.973489663143894,1
0.442930529595833,3.1179839194976466,43.80175521251863,4.0358023824099165,45.35994637568794,0
0.3171405858883589,3.2253926788666014,48.828810024841296,4.359544695446722,43.53507306394153,0
0.39820670082184384,3.6880648134353065,47.34286638791175,2.698440634443058,37.88291649712025,0
0.3858470882335654,5.484000982858232,50.07452090753183,3.3701451870183368,42.818505925382084,0
0.09787812239973764,3.3861258398366303,44.1138026127872,3.463322534323019,46.266879633801075,0
0.4991928907749058,8.240838864982706,90.67810481971992,4.978759253440873,63.84162889230532,1
0.2941523199891104,3.053746450765838,53.06321110484134,3.362801314378576,44.93280535862212,0
0.45898728705893005,3.83655978607816,98.67269735944548,5.32633707935379,77.85792500066384,1
0.40999097897753417,4.192292483985762,87.4236152112866,4.22766530378922,57.90109428000136,0
0.7048400520065559,6.267611701601552,99.30009502212272,4.7650445933671515,70.7211203790845,1
0.7585860936335123,4.65973600153024,124.9342590837891,5.508515342460596,63.746098418542886,1
0.59636997044615,6.9120034419579754,137.7031239511506,5.245061033597026,71.49774094229727,1
0.43448002406754577,3.3830390401288595,57.67885523409795,2.822642455714662,47.41111973374848,0
0.6174524911775318,2.9621398524222897,76.1157900593704,3.3756210460249108,38.697737799820345,0
0.6093086549605595,4.011561782208044,102.27990068817623,4.485821556637225,62.904114057412635,1
0.39049829423365096,4.648578248085291,53.77168319212293,2.7199574199802896,48.623705647602456,0
0.22145141202925409,3.3574958029529984,80.90348472281028,2.098571247752695,54.40815445981798,0
0.3930530586696396,2.9260566021847234,44.50600056989462,4.668421382261652,54.69711384574386,0
0.5044095208094326,3.2380889262016637,91.84892512088669,4.583317360102313,68.99725908498696,1
0.3814713393987449,3.3969176875454723,46.902919120922974,2.5670719980727976,50.128930825601955,0
0.3729870308510287,3.971490301090413,56.541594349489294,3.571587387477632,42.15297274983179,0
0.5448211884326405,4.733455610417612,47.92485068990251,3.9800552992698908,41.91973703095066,0
0.05,4.606879318835383,44.90008442675685,4.026346597849889,37.401724076416954,0
0.7410533922500447,6.428286725824734,95.91859136272528,5.469874166068507,60.80773794875569,1
0.22338921210610338,3.2843094927458916,50.549981419761856,3.916471881909539,37.49434580668901,0
0.4028525657375536,3.9049394803806363,75.31492054153256,2.9353668785903446,49.14782872098992,0
0.24276094209418284,3.9720086735180375,55.11204061451762,2.618296652147466,42.85496981005772,0
0.3564297563190088,3.431518476861253,49.57892892312614,4.470314102740447,51.25503868181688,0
0.7447010271972018,5.912404648291236,116.14443143450728,4.179542976792246,60.09417745183541,1
0.3960066285869155,2.0671408813090695,37.40083641415595,2.7290913427782115,48.75615907452678,0
0.45156520666071714,3.8767066208273775,53.93471584746936,3.1508533185647276,37.00346868119887,0
0.3305032579948886,4.1986211141607,45.32474719957452,2.4585599536969687,48.4355253091719,0
0.3036447582739768,3.266963523942904,61.24134678907356,2.3268067695555295,44.996455934422436,0
0.3466478221618453,4.41045821477889,50.482122608346856,4.08549896975566,40.44803940356574,0
0.36527947390323545,2.781817328005606,62.62643189120813,3.0152397736000913,41.26101200841006,0
0.3056128632900023,3.2491419473487375,57.42606996385688,3.3970805690672243,38.608315866942895,0
0.35331190478596985,3.3698765188744524,25.82381730507266,4.118388840572334,37.838505874560866,0
0.4736414132329268,2.355632847677573,53.08964518493943,3.659518329861351,48.61451466150447,0
0.4543576741387616,2.759655813975284,39.552373618236274,2.95671284811601,50.87576568081867,0
0.8318827609163942,7.1856069752557055,138.53044111379012,4.70987779800398,61.79317157254263,1
0.9479079908042742,5.251612531123824,96.46843377150273,6.1060751405057765,65.13057757748695,1
0.38285583247768556,3.6147595349524515,49.450504743586976,3.712132439093035,39.51675019865682,0
0.5631253664623098,1.5,61.86544181897564,3.625787182038265,37.716854154609976,0
0.3895156096113608,4.216930118886069,55.034350911124754,3.335237322043956,50.57410396571182,0
0.36917093974613324,2.567141202234046,48.94928298251614,3.492557768285026,40.49792109364905,0
0.3539014308992858,2.591336046030551,80.26705644209804,3.104413987130382,44.262549076719516,0
0.3702524660221516,1.5,53.52224452840946,3.7503005848771997,39.95903214405818,0
0.24310810336388172,2.411718219783535,52.83880838824906,3.4508850237098865,44.2383256792147,0
0.311557181017581,3.332903697960787,47.45056967025521,3.3171335879421147,47.288292382331875,0
0.17575085578658176,3.5228012862199147,73.65483342317485,3.0508470328285866,49.433723101899396,0
0.37375384861680394,2.7157891905255678,60.9193988007295,2.4916460699546388,53.927533599021736,0
0.48775438752715705,3.3656324025454194,34.18293997126398,3.0145507516649657,64.65027169109138,0
0.2963440267121499,3.91056258776697,71.12889949208254,2.8816741750271317,45.017404547782284,0
0.17258698051121824,1.951669154026209,47.89337003302357,2.7501021682385822,49.7024514106961,0
0.33819581315885844,3.740019010582024,74.14136630556871,3.9377971292457676,54.81056658207912,0
0.34521331484220596,4.098935631105522,35.039231051881075,2.5920331762828837,44.66676684897468,0
0.4202966227015048,1.9899987708191191,56.90878819632018,3.0325620474498916,43.837492855944355,0
0.6970461376048338,6.706321574215365,80.44362751181502,5.710595537708676,62.97417414052055,1
0.6740603921750826,6.767789570145256,110.94827207462336,5.427248333599516,62.797357347449456,1
0.5221467501036992,6.041556702667885,102.54082385515247,5.282226351817989,67.34011103634575,1
0.6487822702644747,5.796492284549147,132.1530425898432,6.770114625457074,56.11366893662654,1
0.34419004873285153,3.6540742246624704,59.18442397622366,3.447395780565041,42.590114593689464,0
0.32651864562310484,3.9583448788243807,62.882602134884706,3.395565221291971,55.47756501320514,0
0.6117573206605961,3.758685686885652,67.70994078090231,3.042694408531078,52.37390093072105,0
0.41203257212446426,1.5,68.31796914688037,4.264652338227598,44.44371663190925,0
0.39871946375111256,2.519138732795656,58.66630489852927,2.7965540584630157,50.571784814102216,0
0.2804711746464136,2.086191909263438,44.817653028760866,4.091142063558583,35.50959440642006,0
0.5285687633047922,1.5,48.90874493109269,3.7243070267597727,44.56256865127091,0
0.39395536739254267,1.7349114955200802,52.00309059507429,3.599335197409491,52.543965311994846,0
0.5386535270304869,3.9662007572451183,59.963438625695325,1.9240878520034774,49.15110314173648,0
0.36917408504764415,3.5469920124547887,44.2452814219605,4.366716361261733,48.91686080966484,0
0.17144162809393293,2.674937847237205,51.488431628647355,3.2410623676580315,43.31685738755792,0
0.43998555881637663,4.069463777848219,52.6309369880244,3.9019607202679514,41.77032431837801,0
0.5582077340049656,3.871868370916461,63.7310428893242,3.5228695661796987,53.400831135288215,0
0.27182424234750663,3.9339705017004882,58.98621960154509,3.5706458109895824,40.82755613638089,0
0.657555073486255,5.38576852420627,148.9713557886133,5.929628454462171,67.65702499123881,1
0.49739446582291813,3.2470956135773092,53.160714514453204,4.295622764365585,45.05537876803455,0
0.40481158234611986,2.414356329282733,39.76954514364853,3.282129830310883,45.30225708995626,0
0.3204239668422687,4.48050297913515,78.8163454874929,3.5503661656946384,44.64750359849585,0
0.8704726358643045,4.581554725575404,138.42270500569654,6.090449377043823,71.5845716060714,1
0.36134942127295117,3.093000723574996,52.08865144223143,4.03077211910468,58.24923270590166,0
0.4777881498445113,4.115812308731127,31.057220474599305,3.2547371015543933,45.945143409559094,0
0.3712297479757511,3.476236549093315,49.5561514450532,2.0843385744948755,53.603244906412954,0
0.17124040501102458,4.998606851630352,48.252147136135704,3.5486797347117895,51.5872809471462,0
0.715089650259533,6.194962774439972,180.97184873125434,5.6920793244614405,66.27281254125845,1
0.4782141397955251,6.187344822524845,60.40294020445058,3.2119318063233386,42.416601952516,0
0.6227177837854443,3.1905612686881115,48.42851696935593,3.6525652143431193,46.513826245937054,0
0.7185152464927681,4.913268240974013,122.99759609464016,6.0933092850654855,62.482207957811475,1
0.36806097040463276,3.603036472580675,47.75586191605977,4.011422968009966,51.02431653052487,0
0.33206969030165867,3.653249043301452,63.474984661087845,3.2704233390793847,47.34554923679994,0
0.538595313852908,6.888681813841716,133.93554175462913,4.523563443406175,58.91313597335746,1
0.443555235960307,8.679501179953906,102.95464304796336,6.012849033932792,70.65694028509168,1
0.25108312478091255,3.1012630930047034,33.6679592660393,2.76588580055005,40.92666008743884,0
0.3223143617731853,4.6773580213085175,40.64272463263604,3.5730890869651653,51.21645914659633,0
0.3809356189395469,2.4923213513057103,54.828632651236795,3.130887164285673,54.23906250357511,0
0.603941737566065,6.285311917073629,100.0653171035323,7.756415246328709,69.73497853181202,1
0.6590967581659402,4.624897442202027,124.26031382833608,4.326788282742775,58.122946728265205,1
0.2764765694482546,3.037403652762229,37.98262319703976,3.7691527121997734,44.289377183882465,0
0.37454506613298666,2.8901007035973145,53.255492825270075,2.9999219457271855,57.74186387949073,0
0.48950932609789505,3.973202036462308,60.075768860281904,4.272122878754409,33.014683354940374,0
0.7750805492268501,5.759537795169621,142.8238532764694,6.977165705314057,74.97803698137861,1
0.4928607250920222,4.361795571844505,93.40488493862352,4.9953008690124685,66.45929244212478,1
0.15969048876215874,2.383247527440532,57.220432568383664,3.7246643026845825,59.453212531578586,0
0.8547821707985274,6.352062475658776,139.27576182563791,6.850887963769683,56.7119596946173,1
0.4291327666806794,4.2094716182940415,70.00564048277285,4.930809372172661,45.64636967277259,0
0.32178004626301177,4.106202459933531,63.195361517659904,2.9792198654908644,39.92500047670309,0
0.2662261143158161,3.360462998688583,73.65834197232563,3.8190910942358522,44.9361970849871,0
0.22070600146434477,3.4800047773964295,58.87211723844362,4.005973334089816,48.238390502873386,0
0.4999519190252422,4.720913465864876,42.367789934601625,3.271008730019033,44.961550850009345,0
0.42136488065848726,4.582987235133917,53.89782309729907,4.337594971856382,42.99991887849822,0
0.42552793139099626,2.4298858309505684,39.380831786672886,3.2729310198195174,51.56966767170654,0
0.28787902555062883,3.310719914623768,28.09517535837195,3.8007735431769487,31.062522908979236,0
0.6889185620412147,7.513109774495984,97.13192989350577,4.909117689886921,56.897343357418265,1
0.35910837748755176,1.5,37.756368430369406,3.576546134360594,44.625515127724306,0
0.48211266907253325,3.5819128746372453,41.11454735017183,3.564678123285127,54.052182074466856,0
0.3656971332351661,4.86808246157661,47.83185983284021,2.417263919943331,41.34859176199549,0
0.270302848963837,2.706452073444057,79.10432368347784,3.201955862183309,45.44109522457774,0
0.40314745390668644,5.8328097181071605,117.37502110831556,6.5564875350927085,59.17254360743911,1
0.42127832259834097,3.304054558958416,40.41892409328359,3.443238611493728,47.12038245820377,0
0.9720919817892233,6.191532058318901,92.66537457865006,5.579185355460682,69.07504092647686,1
0.35843952723704825,3.1176159060298123,51.8945014049492,3.493860801012098,41.845446691480184,0
0.19439175361453132,3.89514759799474,64.43919681592544,3.8433936682219842,46.692152289779116,0
0.43276595836572834,1.5981055710870526,48.949478856395785,3.3643608514060293,50.38744310395044,0
0.7579857614438774,5.0239127204491885,141.42082820402302,4.9551690445255385,61.206025911653484,1
0.7150194461613238,7.739140325597467,100.79876545452292,6.971556414894641,56.24104385913073,1
0.46567126888331345,3.727952099836694,43.168267798969026,1.914273040167171,35.7366850228898,0
0.5243227788441905,2.8836754673490805,58.148661238368746,3.342680734597816,42.54927599068804,0
0.22987841825782782,2.671230826803791,35.800816348493974,4.039078823581267,44.04668105701584,0
0.6028301671693065,6.436369707335701,103.33928039171995,3.681551269181356,71.8838049386321,1
0.40840517056549647,3.5923664926599406,51.46436995367545,2.764635435355193,38.8417614505274,0
0.5537000382051478,1.9376145360240218,33.36719739934358,3.043626911351267,47.433346348467175,0
0.3292871091361078,3.145033354834388,48.700391825208904,3.3009282098965507,36.73232141883494,0
0.9268398402423143,6.738451974812605,119.3796289393728,5.950313740030719,57.676990171729074,1
0.5335700726169218,2.5175323996307957,38.23136083523831,4.0124929968681355,45.40114220083828,0
0.45564614036295603,3.965051313711102,67.94107031707105,3.062093702607519,47.20480032118174,0
0.7956878415612032,4.643894134022243,126.73365195154085,4.768873082959149,70.50012946074952,1
0.4088239393281819,2.9935445144713446,54.153589397858006,2.9421122903682986,46.09866390096816,0
0.4234657100934898,3.700691439222317,49.972281960197314,4.395166941326995,58.20078507500714,0
0.580342873589442,3.959748233703942,49.619722479128534,3.3946285961366676,43.00206281149026,0
0.680808788993706,6.493976624174685,91.86001793236673,5.661918056429728,72.61891911729242,1
0.6518989983661017,4.318221437027986,55.20145796490059,3.7696646640982214,41.050623411960125,0
0.487222699659524,3.1924572806040037,68.81910047588376,4.188879477625376,39.847224549740865,0
0.3409832966744355,2.8875500985144447,56.96748392130866,2.5850529562632776,41.646289073495936,0
0.3480927648669023,3.7995627480642105,33.602611757277415,3.5635335487958315,43.23698489464164,0
0.6752304859742512,6.052715557249497,136.35125876880133,4.508587772757623,64.18030215026862,1
0.8560627503925837,6.486372720883371,98.22757326059741,4.9304515726864615,59.4681775417832,1
0.35438642122728564,3.4552564695465664,66.18543430306413,4.312584050788951,52.74391087682667,0
0.447192940805194,2.283184141533553,60.10708300441921,3.512418544630759,56.34825613437894,0
0.9082346659397286,7.390510620423534,65.12086522145611,5.160238696479149,52.981459799973734,1
0.46425509979988566,2.191247500124218,56.68630776224289,2.9788382064206242,32.11886805664135,0
0.45287787427594084,3.157050555178571,81.30404733155717,4.244998213178573,43.57271085129059,0
0.24231880644832465,4.459259463235966,22.483243086628605,3.2891417679937898,45.62301554727213,0
0.47994614958813225,4.285638673181337,62.55738189142335,4.09294349694562,47.1610811381871,0
0.459734013871182,2.568838957299117,50.89633723167831,4.207546749239284,46.85875650274551,0
0.38125686611167253,3.207672648412278,49.68891714412761,3.337962762895708,40.52436284735325,0
0.40370587662319324,2.572959853219656,48.45330171310185,3.625735330786628,61.03187178207049,0
0.5111391558262864,3.656653586504409,114.83970710749826,6.323190616641692,60.606993275371224,1
0.6114962837714129,6.871457704373584,106.86884871396029,4.0304104086158254,70.48627611421632,1
0.5605106579192268,7.5781815867516205,123.63463941834779,6.585014297492142,65.01973335223202,1
0.7257085400523161,8.280916513724383,124.38103444445295,3.8875435738042015,58.352472295741066,1
0.45707954725455446,4.923537434927581,66.201025650198,4.6627795591677845,48.40326289694169,0
0.8797032082319431,5.000972956812845,109.16791878812535,7.717522045735082,54.14679961045485,1
0.2702174047376734,1.73371239119902,56.38655406892128,3.3594933754089653,50.595277974478776,0
0.36311102862297384,6.753865764644135,132.88820338116176,6.091713415699088,72.38634202737757,1
0.4315408056356823,2.495145280306153,88.90992362741092,3.935385092637727,40.73407399052469,0
0.4403881161484602,3.6793056664998036,55.72918117173293,4.354760323398478,45.41692638359775,0
0.6750797145818843,5.556448891358276,71.36246088597693,5.294949814944106,53.837041524727255,1
0.6810817698221371,6.567951924005401,85.66281818766954,4.84860269573632,61.13329796977364,1
0.5814389276741175,5.441886739556354,116.69805584713887,5.994824712045263,67.72044666074054,1
0.20596162822603903,4.759731715159708,58.82611648168546,3.0242575399519347,37.82504681369505,0
0.7795037678182922,6.300114524316479,83.5071013478582,5.3428046285578406,57.44850480859581,1
0.8146235242210389,4.926801428585001,114.22263749974749,4.858119709526297,57.54079562613979,1
0.17010565454522067,3.5763975263241794,31.397292989463427,3.504431344025227,44.99955076285994,0
0.34645856119669216,3.8054749849269314,45.73799736823922,2.713899155625342,47.65326019111871,0
0.36912505724414857,3.132255816635535,45.000891701413906,2.8497106733011424,36.94201085963228,0
0.4229583655951469,3.8963383353827252,44.858013674476965,3.580847324881671,43.25054800587451,0
0.18678756071790545,3.1866356107077007,47.22636929940259,4.114475094307977,58.32935752667876,0
0.8138648951272955,6.679037565877852,87.31490064197267,4.989200934047505,72.46956055075046,1
0.5048802204818508,3.69095327392632,31.99934071592045,3.8953145597251764,37.23144619189174,0
0.5990386889717617,5.7979149270898755,113.40425745780763,5.330210076045514,64.22449681102937,1
0.6735159892598932,6.186605539983343,98.27120609950512,6.5142243007966085,70.05141532307285,1
0.48874085667118466,4.201828793979223,62.64582898372584,3.4139857888329748,49.29921990694538,0
0.17188591213568985,4.414964896206113,51.191954622793965,4.163519880391975,35.13619705022593,0
0.2974998090126637,4.081181940913434,56.397243167002394,2.770661256221292,33.66128038014014,0
0.2747479615832389,3.246298367495524,57.85840784874415,3.773527841529437,53.71650810528587,0
0.3744353858423227,3.1904299886001777,65.89921227987958,3.7801222450387493,50.05625874493597,0
0.4347708213855014,7.92079470022943,146.39168915168045,5.748552516269192,71.40799781237193,1
0.5468471922853173,2.51668768410831,74.4308176407176,3.6746013867702114,45.79917916468786,0
0.44437722844947414,2.8861099658366802,51.214138216975634,2.857970874897748,46.11787433843068,0
0.5895566235470917,3.3049780247663434,46.07116944497818,4.297579575893039,47.68586324098257,0
0.7180025684842986,3.1633133512681266,69.70306332604812,5.608435171500964,63.257761357050114,1
0.2528017573708134,4.404562031977973,57.32963519137006,3.072096998617583,48.60806786814658,0
0.15448106888658752,3.2259068896265393,68.94287875655904,2.9107823245700972,44.792445182598925,0
0.43533535352145514,3.0483679618342254,73.47590887563898,4.320989920683674,41.25959349509222,0
0.5549240686183957,3.985035494825688,53.4122792447868,3.760953255887041,43.9160567558826,0
0.6066327987576486,2.5651107364229504,55.5039890457291,4.410133427343879,47.611128870764595,0
0.6604260747867703,1.5474253508791647,83.88790865769752,3.631279206843257,50.08661351500146,0
0.678502934373042,5.920461129223072,89.94981631820744,4.743553323767792,69.80343134709364,1
0.23256081711766757,4.839991404326583,81.24371006733789,4.032661484563197,56.501402096813315,0
0.6141316705678681,2.9672693293121024,49.60429491193434,3.1889335803712497,53.557531674594316,0
0.5104147015513069,6.920113475879423,102.79497652982384,4.424623991835188,59.58821241960081,1
0.42133033273735926,3.4398291715040332,43.27650600237054,2.6742387566111656,39.92878456819326,0
0.7676086206390729,6.553911923743321,119.81371823421874,5.886062312222697,63.141003074072074,1
0.4983295264243611,2.6692866501729524,50.82775797813425,3.8576392439097043,40.11354105209261,0
0.40658089738444264,3.167440517818898,55.85945234212821,3.1528770347837822,34.57229261871069,0
0.16455494155632658,3.335140577008104,68.24397844905717,2.890737945671213,46.86769772219849,0
0.2778111916156363,4.667448908080961,65.13856031479766,3.190378536688174,40.45160380173407,0
0.31575677334557917,2.860429509541017,67.992949903473,3.133902188736238,46.09242396694871,0
0.2516678110909886,6.326524000052484,124.1287803679542,5.681401790669185,64.65495864635751,1
0.26906103538625814,2.1927658671612806,50.58339263404855,4.7568188948752415,34.26504504450079,0
0.7507259101389182,5.945347496709397,89.85495870617726,4.348801717098657,72.28158923193506,1
0.6887706381454688,3.153985942576581,122.13887130091462,5.140917346083353,50.12646953475426,1
0.7909795567473734,4.103291027050836,125.28289811661143,5.189948590465613,63.62880534010466,1
0.41573731907070427,4.145915279261091,35.24518830598236,3.5362001206989007,48.00608452568101,0
0.908953727824622,5.836066704834696,119.54180447053557,5.516974070887466,62.76396148193816,1
1.0878050058568944,8.9231442522536,105.99395660156313,5.183961361152587,66.32836105399599,1
0.737090914954234,3.9153394021634793,106.4235037867582,5.683028306549418,55.29424387015396,1
0.3732880913868751,5.649992410549057,33.62633199728587,3.6552489907671353,39.9987482595892,0
0.26069283153201384,2.516521224543526,61.80205602387123,3.5479618851895216,44.472557060582275,0
0.42947968592121877,3.73045263065716,60.1585788779378,3.2966191871270905,53.33083004284472,0
0.7893181049570305,8.294753887409744,145.0787046238397,5.018454208314885,49.119847639351576,1
0.21561538181987627,3.468720904955275,61.73670932874002,3.192136096746193,44.17167291404544,0
0.6946465052768508,3.951485488582919,147.63865776808015,6.1081834888125215,71.74624576371558,1
0.4216726863804234,2.0976744215477092,36.64235811406002,3.5191285332702935,52.62910333109335,0
0.6003725037039354,6.793644956186846,75.50619449182267,5.006002230220909,63.660293658584614,1
0.2575273153885967,2.383810148609087,71.44339741588692,2.4966700179699366,43.29524011368084,0
0.5003728951536077,5.853570087821634,140.9764957299069,5.548472116965835,66.50541655597166,1
0.5050679746381866,7.483249059420084,59.70578427934775,5.767848478541295,63.77937543980158,1
0.5220131960702549,2.7170451212295177,61.574250133683954,2.960864226432312,46.18777524928687,0
0.36964668289753994,3.5639887845169573,58.064837335257025,3.61229981447554,44.795957859247764,0
0.42095581160663353,1.6283518496565765,58.94850145373111,4.127037455267205,45.75639138866524,0
0.176233479351215,3.4924287341735987,37.306862463975186,3.3554774857023677,54.5147822053258,0
0.4757905047403303,2.173847429829582,51.10188165553767,4.165027670923496,53.22142027612095,0
0.6896738088002392,6.3100509553286095,70.1572353403,5.89221740992749,73.70731979854901,1
0.47988691278697837,1.8052198117781248,27.73379439476978,3.0596321203070422,49.73027837993536,0
0.42453405963992796,1.8925667778102677,49.307598227122014,3.6211601277753958,37.804481054530584,0
0.23077401639669748,2.486641599648312,56.1203903357175,4.3390680085384545,50.29576585103087,0
0.28462942180442313,2.019634216125225,32.51181070083593,4.1796957680322935,41.20120559161918,0
0.4023727064681938,3.9778908583450785,28.264811250199585,2.738938130761686,40.91295957533363,0
0.3147457796642605,3.339770927600435,54.79961664296442,3.620455507520689,53.57822985475953,0
0.2858920901800567,2.6150694867358926,55.72764277108337,3.772429438431843,43.692234301437786,0
0.19651619401219939,3.6146021537688537,60.017345155516935,3.4402026050802887,51.931194509419626,0
0.3189970353795508,3.0078627936926865,62.94648567064361,2.8459708755028936,48.45528045532097,0
0.4164695864647062,3.85912644980555,49.89221800084169,3.068431625367257,32.12604704215128,0
0.4025951579657386,2.7034330000769646,62.44956926976878,2.2572107286976335,47.28604911704503,0
0.28209771752600366,4.604040622275768,43.4895891978871,2.7094060547578174,57.831027550501965,0
0.40934097847743056,2.064737204543042,56.91893487181017,2.8423149867624886,40.147179599790654,0
0.11444813638658591,3.289838237735253,61.051702022159255,3.277458879828912,45.84610401363661,0
0.4045434220246783,2.911236561911475,51.874644594753576,2.2546005468333643,42.03337769863768,0
0.5517789113530509,6.6347740454761475,136.44008836500916,4.119188682483193,70.69510234796026,1
0.2915020706752705,3.40076331729994,52.91959773537226,3.43518178126421,55.715569369145605,0
0.32146803375422855,5.9909780916139015,123.27502299124045,5.3207015987660045,57.25612551269033,1
0.6033731435468547,7.064161112353981,120.31971120438021,5.6651593892035645,65.41818142029946,1
0.4978751388504795,7.262594907902284,115.02993823166825,5.404130861975429,66.11425237158828,1
0.5933736787933228,7.325911774465563,115.62788768881161,5.985873229440437,69.17261595154771,1
0.3441111794474656,3.9417428086840793,64.7880441084636,3.5612981022972865,42.130258420435794,0
0.3164707223908785,3.788408711904296,41.58216606271604,2.854560813497328,52.678231782965575,0
0.1885446712069403,3.7607063208443186,70.79617841445594,3.988611956115832,50.35178566502443,0
0.39621333996120217,6.26828007989443,120.82836569334128,3.396257335385085,70.20356003442606,1
0.4291107123369706,4.475656847867373,50.06716632535818,3.303516484398605,42.99696603877625,0
0.7061874315726286,9.895894813060934,91.65789871088455,6.892623879487022,69.01853184865253,1
0.4405222745629085,2.2345189236240235,43.36410863958816,3.5624653661592,44.63146058008894,0
0.8725585960837673,5.442480716428895,140.3256522856517,5.525998748110469,71.41079273512938,1
0.37321681488728053,3.08856132034084,56.20551124999474,4.268707132108168,44.238630922205616,0
0.33510095064121503,4.669403468551981,77.65357893946504,2.7200519285889544,50.2609748695945,0
0.35834257314256995,4.085248651928748,62.84388094702768,4.229662546850662,46.58318051370289,0
0.4126607457809724,3.3033348157177267,29.747131572799567,4.713511646683652,47.45675086657074,0
0.6527171034808479,5.291844735726459,123.84057642690735,6.082918251709595,69.76391482083085,1
0.46754225207417516,4.575249974211582,68.73448167169474,2.5421777274776733,49.68106416106229,0
0.6651049167734878,9.43286820225019,106.38971263419702,5.311502391526762,59.090226294105015,1
0.6945245215827862,4.48004289757515,100.68728447813335,4.580674124866805,56.30146501770171,1
0.536970810355012,5.5670168676446075,132.32853474586238,3.1824417473848112,58.287076376853875,1
0.4041543419897939,3.0273667854849218,57.34369702054677,4.055311797300651,49.401319674368004,0
0.7219660578993462,8.048208769296,138.69371341262737,3.785429295728382,70.23547075320135,1
0.4481672162030727,3.8413950021095276,60.54822952805271,4.122845850039667,49.31154776053882,0
0.3488924675937673,3.9537568618790626,63.89907999811053,3.5036043861904633,56.614895032115214,0
0.4122227205847021,3.7096824521734275,53.09785131320231,3.5801365931464018,44.26353737801099,0
0.3362768331577626,4.697130305996225,54.021206554832965,2.99809872344017,48.486995308574734,0
0.3426815667727583,4.4888190024028845,42.60012204473793,4.238714787146522,41.33012035729267,0
0.31022359071218997,1.9908205144277065,58.59866901688717,3.5030737691197724,46.45163105871975,0
0.9727548146330085,5.207176283013686,151.28506234970985,5.595584322858082,63.379860948872604,1
0.520017104563013,4.265708357365491,52.70856684554193,4.276488136457924,52.36112541530677,0
0.8224398795200903,3.764242385821794,139.90973828811687,5.706992747745789,53.73532073677069,1
0.4351637693451277,7.428876316932411,109.71922701280646,6.636302806811871,74.00969565431593,1
0.4990587122770909,4.948170288519661,55.45445955507973,3.6474538949193205,52.107422891095126,0
0.3705831972484738,2.868287120966167,55.871510241630695,3.8422945350143274,44.717346636731065,0
0.7435607488053991,5.702354749500355,98.85800754795753,6.696206313842779,64.42254845956066,1
0.2899902957189696,2.394382515295895,66.17729091182044,1.9440193475013374,42.674833395880015,0
0.20342016281541755,3.859077803507612,61.25531116544906,3.174085686792942,41.9207244101511,0
0.1328004589125059,2.4417862667753756,32.77666777345466,2.984150929720508,44.56949197685807,0
0.5854410253715586,8.219344534331182,149.29392353403637,4.957571139959195,68.5579796652963,1
0.6577255658418979,3.3323834138507316,104.31025879331442,4.63704859798628,56.585145003998036,1
0.3352361876350185,4.101818833436512,54.293046646032316,3.4780357328319016,54.394163931139715,0
0.39310363223029055,4.689652243200472,50.677901626588906,3.1565883628697886,51.64212771769123,0
0.5690674503354846,3.469266630869133,45.817455464943734,3.027235591736469,47.73325830015453,0
0.3933295744229408,2.24541748330505,43.45157206211125,3.6639829372907076,42.903966618175126,0
0.45236768114764975,1.5,49.055953971775665,4.233127780994263,44.181263983804456,0
0.2891147586999652,3.1992388491915174,54.13334053183309,4.474477653166627,33.34747470423747,0
0.5166155996495192,3.6575954774365775,42.271689925218105,2.8223650255636414,48.602347513398456,0
0.3045562056205693,3.573368252206195,42.66727648019483,2.1095428781844596,39.64146367427,0
0.7709059411071256,8.648249508859926,83.09902135913345,4.645832418637877,64.12908880234457,1
0.5172814995994439,6.845239978199758,130.34801622390785,5.470973182045752,61.241229885006,1
0.4993045030610229,2.9621444397717918,61.03226960868733,3.593573457709555,43.26800592937071,0
0.6835839476826809,4.474342039932613,93.65781459661949,4.2276847567945905,77.76642733131489,1
0.4134879075095197,2.925523390860124,42.06846211480506,3.3108971230233495,40.864729883306595,0
0.48651061900506287,2.9674901959586264,59.62982161446374,3.2492470220237917,46.933955810925646,0
0.3428827270483208,3.2527988101540495,54.13365356083952,3.779038046466065,44.99022931114774,0
0.33923256411061514,3.1381284801360496,58.75529603787954,3.6725676723127108,45.16607304296294,0
0.30549983975897943,3.177173659309482,54.00978717021278,4.552176943139313,50.993575824613075,0
0.5372485172025284,3.866458150971045,39.68593253933682,4.762115966585351,43.43587137059597,0
0.8372864832972549,5.144453944943663,89.49555833568823,6.959734974730482,59.54798155921572,1
0.4461201021155723,2.1290149531218194,64.32042680451734,3.2589436588700305,37.916846129319254,0
0.32128244663748706,2.946031847680069,51.38174078947248,2.8052845156051003,45.560253732757054,0
0.700415877242761,6.2869919052399155,104.04643183015563,4.518857750034382,65.3317240170983,1
0.6710547369158689,4.968000978948218,108.42446736294266,6.552893639291302,62.223180389291436,1
0.3154756406422009,2.903919890471581,85.88828350328046,3.460124822389643,48.051766912366276,0
0.7832531278170691,2.3182944548852404,115.47823556334109,4.493685139164293,62.782736853467746,1
0.979633357901329,6.346586479108626,116.73736310274123,5.362008464270364,70.59511342201327,1
0.3420015935779496,4.043821953203949,119.94725347402465,5.561180273585318,66.40772183144477,1
0.7938025894567478,7.0099508377124025,113.23393218035137,4.388931908469758,60.54347360448625,1
0.474248893487377,3.918658134307179,137.04388458236343,4.841093233489702,72.30054366406134,1
0.38991725104343306,3.0870550279965037,43.94220673982733,2.5278925128853027,56.80303590065453,0
0.8885725125764645,7.768532070153586,99.68898829873923,6.267877718824594,64.69213966382722,1
0.278749866812577,3.0108210805159055,53.005481037027145,3.0541692751589555,51.68670195114306,0
0.3613138068062287,3.731211796166777,50.799607365714664,2.727314771556097,49.16308486463184,0
0.40327707060745555,3.1361289635863345,41.5923056486792,3.486872732562545,50.24839319206081,0
0.40681277284418127,1.9267287155405952,51.82323497327674,4.119842431385638,54.963934086140064,0
0.24530840651074498,3.849901763842734,46.418308858205435,3.354008248091917,57.07941553780846,0
0.4828619637125062,2.5530245007182026,59.85432969814853,3.4658391806836635,48.10202934443519,0
0.9186906922129023,4.331903792597602,122.1632535942631,6.853104849104228,58.470385507712486,1
0.4654780254889988,2.1473814737930397,75.74158466565925,3.596613222947093,56.82199484485959,0
0.5082239298872201,4.616856150187648,34.88304157047711,3.3982417445048436,46.80050001726145,0
0.668913339994059,2.05553859501455,39.790489097937815,3.358496002332046,53.10254152796335,0
0.7653315124665487,7.281543832383793,124.80634817843791,3.2457878330321144,67.29677725147911,1
0.37232213356616484,3.9828552185889006,67.33742915171332,3.8285675426160775,48.39312610847729,0
0.21751427383763297,2.7737375304889866,81.89829866963602,2.7760561391947265,50.62442755273562,0
0.31152058320678916,3.057876751896013,47.499951445606335,3.1377839446839317,38.834687134539564,0
0.5105071144114923,5.46819737306854,93.1925718137999,6.041791120070201,52.75360744958195,1
0.39013948182795166,2.239262654999046,38.090960913598096,3.272098885041817,56.21016068529316,0
0.6569221441287312,3.453586747575046,48.13029041038508,2.297959738707193,31.68157191179376,0
0.19793951224962977,2.906675423150998,36.779344361588755,3.163449036889964,54.693391156852186,0
0.41737894319394736,4.682316344318369,43.43058353178013,3.6645216078688194,45.30735808071752,0
0.4605670590739122,3.110253257979449,52.96806763877832,3.7536279697997985,54.03091422009744,0
0.6568370585985348,6.73998738863997,134.46264455732472,7.253740702165601,56.70859993958202,1
0.7357462318734891,6.552185837815647,67.7525756976363,4.904258849506718,53.58957091211261,1
0.3161283456979857,3.2208368541169405,59.17972118249055,3.3960566512171835,43.95929584411955,0
0.33892501694937294,3.248200803780673,56.3568683420378,3.032652275816908,46.89581209990813,0
0.2739997711194315,4.429642575034251,67.9092339244858,2.227018873445318,45.70450631433181,0
0.35974066788332565,3.3195283539539244,52.22762093950482,3.3866188599497082,43.37611062533543,0
0.31871124202415907,3.4061214026994278,39.74625548129113,3.7481344811792963,49.58548615258683,0
0.524047820016584,2.782979744680196,57.20763119960596,5.129970133468497,49.899681466142404,0
0.44146481382115343,2.1351480453362948,75.58505317359081,3.5600983619738433,52.507037755567254,0
0.256642584938102,2.801611361547454,60.02549784071784,4.991375012792165,42.50350743358666,0
0.505423042683041,3.6596676175440646,46.092386588393715,3.491208307069551,43.88856121119044,0
0.3068432107602215,2.5341510985695863,59.48582270516615,3.5587151440649523,45.3273720810775,0
0.31771917976539993,2.276860719737914,56.894894938238494,4.162957819437164,51.78642937216317,0
0.3186451519411634,3.6022611055972416,50.284373630592775,4.029073933338642,36.571376717355946,0
0.3043235298673815,6.05645082376248,111.87605197925305,6.091284599330838,58.58117785797705,1
0.4165195042802628,3.4161380957285115,61.41385545793099,3.255216590390037,49.603894513771195,0
0.4400698153914572,3.8928482583153814,43.59059265517392,3.989633917065714,43.3170394423886,0
0.8821637187675628,6.884286144743415,128.72535836102145,4.603635293769759,44.13023111280374,1
0.4282892474612129,2.626180013967039,56.09111210174172,3.0497427848675054,44.08643859202279,0
0.6431944395320066,4.445179944255644,58.26327704063307,2.9615449342284608,56.24249657155846,0
0.381469115069804,2.7044487616306694,78.83517616587434,3.172806229276398,38.41459487201416,0
0.23454849645097972,2.762486102106294,49.39052247409515,3.1136806781363706,31.528553033648105,0
0.8918284266529088,4.17841067190339,86.3589998918183,5.020085377431058,62.60371851848441,1
0.6022703668653415,3.8946056217020257,54.26239106574056,3.0188318500809164,41.017686855737935,0
0.6252200971611571,3.2035099479429867,62.23152177855701,3.898928170044909,44.031186832960486,0
0.48847499486568446,2.505677159984931,44.27421407857702,3.7986267357678987,55.617429357053794,0
0.29817529801948023,2.543438663552269,36.40090193061551,3.5772102379726323,49.65751408847596,0
0.23464995211902037,3.483798833059472,38.50607230430764,3.1670389934850016,44.035352699496194,0
0.49722536921920524,2.3793450646373584,41.87076348580017,3.2881274305520383,41.66299225602858,0
0.6332404730076421,7.059807148658244,84.16586938350231,5.351140837666952,71.21006003035976,1
0.5009110711102595,3.1139050528032954,57.578694961041556,2.7586472878544246,41.1805014937311,0
0.8526556209459162,4.033713393038612,66.34373082806904,5.448396321470343,70.42745776123054,1
0.4160152204717294,3.5090219334514714,52.544884304360615,2.9419157753735923,43.49511601736341,0
0.4001676435398263,4.3342828239034885,54.422017812515534,3.2252152680719943,53.91864128179284,0
0.5849155823942143,8.223212477165063,123.75294289442972,6.3222030294908675,58.47233416892978,1
0.35632310977662296,4.664422612094572,63.799814375203994,3.3141842381302546,36.499382182629134,0
0.38693026051681695,3.050395612085698,60.19187383095629,3.6182709673899724,41.38426251146281,0
0.6979585542836072,8.615409032561816,90.50788896646583,4.664713475429113,52.533647451820876,1
1.0004059165882169,7.692357247172098,115.32472616236082,4.9297924268178654,62.554423339009986,1
0.1482088417937343,4.2115323346758355,54.299569056779525,4.254628097932795,49.92934694786729,0
0.22451309439820819,6.923241638454538,64.48918607877533,3.4890240870637013,46.41888148904831,0
0.5041890211058219,3.0620708758379394,68.94803881373386,3.4532322482305973,43.29381511872522,0
0.5026051689035115,3.4530218828291135,59.690236254622704,3.3331011012136345,51.06757431781055,0
0.3912002674413628,2.5897517706548348,34.68281211657528,2.4395000264539526,48.344094250134944,0
0.1712270929648354,2.302042756841458,45.19836081003566,3.6128132346838373,36.98768846038635,0
0.5668391031622932,4.894453361409996,102.56546212179266,5.303669997646442,59.654927225848844,1
0.3081924076769626,3.5538647966045698,60.84866822970819,3.285605103298482,48.03717637734935,0
0.560873188125706,2.782482273191027,57.42348723835113,3.325521478051571,36.74963575842776,0
0.42217332507888444,2.6393338786708247,55.546693853363145,3.1191080964118685,53.20154068612072,0
0.2697386679657161,2.2460190128669337,73.41665131935603,2.950850277825004,41.1676640746493,0
0.36185684470641594,4.292219862931252,52.89859656794199,3.4468349285574518,44.62803770096012,0
0.8335740808641452,5.976886261223653,172.02114343095153,2.7492988260417976,61.8843826563519,1
0.333990477059981,3.3159758749864574,54.311031340869974,2.9207998575357785,53.04988536602363,0
0.6970643267630695,5.79790503779547,120.50193501001249,5.8521172205041285,56.544373001220585,1
0.3487491094103139,2.9307993052294328,38.62730351548828,3.0636238610280184,39.97674188723506,0
0.44610552131698866,3.130018035625971,43.90318914999872,2.6441870160095844,48.40078466505422,0
0.46219992562578005,3.612012673869338,71.59737449283087,3.8868962451839923,42.476326610224866,0
0.6489643159564809,4.630496190396206,70.00431789420398,3.954538891570353,40.96880976918865,0
0.24146456266232533,5.0701817786214,57.462395415447304,2.8531410622819284,46.4437078220733,0
0.5144795472541434,6.243923509993131,57.7891313687382,4.5564386523962535,52.54731266308828,0
0.48610057504632664,3.685922896050519,63.372256468169006,2.357349313911115,48.12651643197825,0
0.3375807020324523,1.9908351626675072,54.870371326799955,2.72654407738163,32.58894220943601,0
0.42426848286778734,2.3629906793466544,41.21836030749989,2.7424383199019613,49.76132632870915,0
0.8148673192443046,4.078239845049453,115.67438499718828,6.309981211754112,63.30271370438761,1
0.18459955972691572,3.6238430996582007,75.34926316752927,3.4151787319396703,45.545709605330266,0
0.9544153082464282,6.038327205123896,77.68901396593073,5.595957847218933,66.50969862996705,1
0.5115596112242007,5.967663862654297,110.76537666601945,6.759017578525536,60.817871443759415,1
0.45281423483735683,3.198687083728808,63.0233193937895,3.1446341538835445,58.6439073986921,0
0.4368373100513313,4.28941656805889,49.77822302496483,4.3341888012944185,49.513731915393585,0
0.4145299032603309,1.8395094027601273,73.33565414467618,2.8788312754878707,54.48880351710633,0
0.4300526092382272,1.5,38.12621229021219,2.2451341876414634,49.11772558561186,0
0.38137435306004563,2.687937761374431,50.798358712304406,3.2806606421544418,46.56070113726252,0
0.3501979056826411,1.503683172492186,50.83488181461779,3.8636101108192786,35.75502158883569,0
0.32785114792970027,3.9916353636065383,30.899458757328212,2.9485242375082117,50.04518656339638,0
0.4820182329713999,3.6879490433396858,71.76004566337829,2.812855875481027,51.428603562699664,0
0.3760592778667449,2.940931702205775,43.981198451134944,3.0655489516102365,45.804114751477826,0
0.20514757573601342,3.810273593625351,50.418386027473865,3.2762805867054365,54.115984567932514,0
0.3833694641853859,3.9717763976696645,48.989906121657604,3.0574171628875977,52.05310504162075,0
0.4140354123735917,1.990825689723054,58.37828326111512,4.217588645804346,49.559654264364866,0
0.5425518418650395,7.142108255138629,105.44171304782631,4.6451179346558185,69.60928204954295,1
0.3822041019952943,3.610335370100809,48.29389639686248,3.346753518018831,37.99870831861802,0
0.48647986850092506,3.271573725708182,53.37675932120499,4.115139906507307,46.00961476148822,0
0.517019845618906,3.188100461235989,59.95591408207304,2.9800968023428434,38.32917783725088,0
0.2998007778482031,5.017153644012193,47.17407955315666,2.9859509400395354,45.0194509050088,0
0.2588215987468312,2.820666299170702,55.1529203824487,3.7900736582573704,45.8311142119503,0
0.46938614165290093,4.061556116725076,35.77612584152413,2.9423339986301285,43.94102379560052,0
0.9583958082256743,6.251854022785539,81.65210923908718,6.586267653876363,65.875928753877,1
0.26597598276433776,4.0203765221236925,27.148375200756792,3.391246053743131,48.28018844316576,0
0.6065441281217459,8.448421524660661,84.57424841358977,4.731240816326247,69.25874813880728,1
0.41046545427413017,4.851504445311475,63.63474197917522,3.908753052449706,55.31483225593182,0
0.2807334595728236,3.8996585542618294,60.141957747918866,3.0721236312828255,45.589203198579014,0
0.6765349607940163,7.823833146374744,90.4990384091146,5.827759314358186,67.0011487892437,1
0.4199310172485968,2.795729300791665,63.278915819629994,4.027065651258589,42.10552412473412,0
0.5343817423244255,1.6399527055700691,28.640373394011576,3.4160013957711346,48.549632114779556,0
0.6685627461361436,5.918845514997441,101.70164205416322,5.99784915772242,57.690553352885324,1
0.6215371462266823,4.635767732232532,112.92200464867108,3.4728927286844886,64.47643607556532,1
0.26448106683512185,2.2613390463712117,49.41975890594829,2.5271182998410517,48.37425305961164,0
0.5954255267471433,6.652145714331008,108.90636295662975,4.9582653988266925,72.22683199166045,1
0.5363183531876763,4.133496975403689,57.96588524893246,3.6667433435442187,59.028298360811384,0
0.4187203249331395,3.81111388214508,61.287577723288535,3.761800117967734,38.39560654024166,0
0.4504802021223212,2.82396744676883,56.69724783062981,2.5337368663607176,40.025571333237956,0
0.29527571361012694,5.808719075893002,139.3073059835613,4.304141489329313,58.62215839109812,1
0.23670826714820892,2.658835613983056,67.08913132740787,4.977542270734736,58.11961161279695,0
0.3749886060570005,3.7725648367758597,38.0220141085154,3.1086657301825893,47.97558150645915,0
0.9220075562507097,8.74783250927413,126.65186540549294,4.449939590112261,64.56277379031773,1
0.7821647206815816,5.756638367760854,85.28154619005792,5.624448783469729,63.56021927872288,1
0.8922341200200661,4.23033490498394,104.43845321894047,4.333480598378704,60.39744220865728,1
0.43592317665176805,4.905076011094527,100.32781734641794,5.360577682850886,76.69237952270123,1
0.7524546321427708,4.356120520211682,144.99024584346995,3.656596030664274,64.12128393234136,1
0.7951729030335667,7.461464665566489,90.0940758603739,5.669443634770813,79.01645895581697,1
0.3272986511996822,2.986104586918828,59.129802594302305,3.8149552105643685,45.918204604421156,0
0.4854687321612057,4.649074496196785,56.029197327374064,3.429387167501994,42.132083665887485,0
1.1241791452057814,3.8946193978200574,102.68726272965012,5.115148600996257,55.35665846572472,1
0.408407080569695,2.29775745154661,20.502208802535492,4.478986853758311,50.918598203122585,0
0.32590778382968516,4.244013343654424,57.18627641060249,3.841268088163034,46.98970351646391,0
0.7231008583200893,5.573373932083254,88.6880137745118,5.795496637932071,59.14238289801468,1
0.8367743650316786,5.54018213928413,100.16590493984752,5.3597004135484205,51.77950685864458,1
0.4053739532618688,2.5619899176244476,43.04929688950604,3.7128106297567687,40.48142541906838,0
0.24475418629044424,2.289639130270516,50.054719927676736,4.301209747270135,57.7665693131184,0
0.26146584276359164,5.208333224138272,46.3421242330687,3.086252598982834,55.20885594759093,0
0.42907551046724424,3.8626874336399135,57.82374671618791,3.730809152371679,37.56612338845816,0
0.3094303007138869,2.6407463502084454,46.30599769666091,3.4807550376714276,45.153594839212886,0
0.42733314948533085,1.949621638001542,48.414520452434694,3.888023613683995,48.439414714612084,0
0.3644464947641818,4.107474976229755,33.91919375964605,2.6862689295201925,51.49208678650959,0
0.4333589943770543,2.4859920963335593,60.71713000353544,4.05061597379617,40.043499252662585,0
0.44054768620282636,2.7549242235075,79.20835284670767,4.196553282969798,49.713814832942205,0
0.511310524310554,5.322336311710797,84.52181469732719,5.842396614138137,68.0931557332735,1
0.4261411382138573,4.2587514345292785,64.49809806335824,4.420125453205503,41.59539459861891,0
0.5777317283309105,1.7596145623350987,67.58884502052696,3.6287631987602524,49.78516908508475,0
0.2823534778713984,2.4841734454739566,62.357148289300994,3.647995974091298,35.024733833716155,0
0.5269362769952256,3.2542380446016463,65.7282928370831,1.7812648732356247,43.459949623994326,0
0.4864305457590249,2.3099908616254887,72.38346261476708,3.1293490577024436,50.32043903925656,0
0.29742029199083764,3.678911972214497,58.34078159047385,3.883793455617317,45.05280633265953,0
0.6598205222541788,5.571171600118954,116.26163356043536,7.352840578321684,62.00777616621279,1
0.6858412436426671,4.344399516383021,122.24446662412753,6.054288372945311,70.91225243862827,1
0.3091370924574907,2.3927775379773983,42.58705835570345,2.8062084121429596,46.38109106059001,0
0.42814212408877367,3.0758687646505773,71.78132380460386,3.8502031620192256,51.0067127056928,0
0.8231540543644913,5.335874072901333,156.67271982722684,4.591128797413716,61.39188107010015,1
0.37436831770017437,3.8279241036001332,34.98721125300418,3.5178093784372346,47.823940043559034,0
0.8522323473422112,7.123902199225787,94.1339093432391,5.926994577151245,69.36105588548028,1
0.49128264550773115,3.4472022102557407,36.97327100104917,3.5629920417956567,41.01763858355609,0
0.4402941217606416,1.5,46.627545152347054,3.754918027317235,52.88282788947288,0
0.32975090211874697,3.6259124783484276,47.935382726164384,2.953744615387018,50.99835968566025,0
0.36084099928145463,3.1189292128547246,51.096953036972735,2.7167374635907535,42.985349788252705,0
0.16329834648312666,3.0806250477582457,60.67263552842531,2.8674220695763473,53.732701076905364,0
0.4286700065466682,3.2519913339779447,67.44154519000247,3.3641063912630114,52.97691239271242,0
0.4728823709533852,3.701335513504608,54.97980627406034,2.435824810867266,44.3665432257505,0
0.6011939015018107,7.813279539861026,95.72699763719585,5.751384012396836,71.89379794874394,1
0.45714859221793086,1.8261426273502217,49.775728435350366,3.712368840459736,52.038629897531145,0
0.5561956780453007,2.4470822979247417,56.15352627270767,3.9983810489854217,44.9100972295046,0
0.15961254787268347,1.5,41.18194826351867,3.1877104915122,49.20429363702377,0
0.4391926980704319,4.412398634487054,53.40535834453121,3.5524872566141714,31.044924298958037,0
0.3812405466280526,4.524305765141808,40.05621389139833,3.645466119478024,37.32983285754004,0
0.7765880771448974,7.123859456005623,97.43605605966545,2.1820729512230463,54.39281071669264,1
0.38864585767265414,4.095059612039185,63.94248373157688,3.711834697620346,48.5647784549012,0
0.505489406829752,4.088166867384854,43.25542756696507,3.862246210449531,46.087799833992285,0
0.7944793016506345,6.1619241038750525,122.89335065521541,6.411520664542538,68.38285748600472,1
0.48484624353455197,5.681812268251435,138.46798546656035,4.970506005232727,63.77227124870881,1
0.26974216212401186,4.754653578207353,90.50908708771719,3.6220298099592654,47.45206848591532,0
0.4302591429258398,3.377521580906716,129.52217543062918,4.273843375602383,67.24365113887978,1
0.31383931072850935,4.371472234460078,50.516650695838315,1.8780727846088763,36.11033950677957,0
0.7060779960874871,10.776948860454802,105.8864800252841,6.192195396590115,57.56749399419351,1
0.45676930496942214,6.831061726664972,119.91347553991793,4.369100056882124,66.15691416540453,1
0.3529707148971581,2.1362247527857887,49.78836083895636,4.451274466398646,50.55516105123185,0
0.3637718451735612,2.168714692167586,46.7187411033744,3.815478472165999,53.01760086209218,0
0.33466356836973354,1.8579527453841047,39.54778396269259,3.8830044901937653,50.14194938268291,0
0.4342775187002065,4.963028740304644,62.98261292901915,3.5762216713453245,33.94843118679757,0
0.2887621978141114,5.442127635119813,123.64594202955689,5.835359946086591,63.26804095751413,1
0.529243947321036,3.824471796592289,42.35091771844317,3.4520328241189175,39.52073462003905,0
0.8686804374604882,5.367852706145501,95.28998630109416,5.56911717256859,69.61968042627804,1
0.5098326584069568,5.082121399685588,98.758482602645,4.7787273149893865,78.45593916477789,1
0.3819068092066438,5.167006255328511,63.127091564238555,3.9823530801098213,42.161542339310664,0
0.3053333008773604,2.732010494960292,44.209477031850085,3.385631596870383,36.40881564540447,0
0.42834677587205716,3.2570900865475148,42.90382076075562,2.3554510697459543,42.9625602259488,0
0.27237150319544223,3.5963859587508904,71.11752666080673,4.062976764938996,60.817400780363116,0
0.4896210372948244,2.1150227142077904,47.41615513840988,3.8909145430436745,50.296326710197484,0
0.676053269358641,3.07797537296916,94.10832618037486,5.3737875741629555,57.90151220768015,1
0.4080734758541462,4.190158159237985,57.44227579331814,3.94721579995831,43.54157032324914,0
0.38665152929291047,4.026738510620653,45.9378141015831,3.5240144202878474,54.97009748342423,0
0.4362267006646388,4.376699705931522,126.19605423629412,5.023355793234554,59.97746957634137,1
0.24183397278451582,2.7794916376246093,70.66487436153119,3.365933033716754,52.633428058849645,0
0.7430500117415569,5.139874153152899,78.48304029499405,4.2511518537524475,71.04762299910935,1
0.5351178194832129,2.7186313812956024,54.96823442504676,4.373832543210132,56.13540997191522,0
0.9532471105347222,4.8616049585797745,120.52065655671633,4.3502911549902485,65.25507117892354,1
0.5304698195793067,3.9938834302738337,61.72358012272124,3.5421955020395957,47.626381505731054,0
0.4159710855668246,2.45530990742169,61.35298771873302,4.666180974355502,43.95177088144895,0
0.6747375115068278,3.9981287711054514,110.70860453202401,4.650193177962587,69.85331079642665,1
0.31344992159103957,2.220538356758368,35.19772129641541,4.8375444374112,41.11213083497171,0
0.35498386460917275,2.1485489208706534,41.53191555096932,5.12077752061102,45.72413089776391,0
0.3966694875341793,1.6885040824932922,52.015997294711674,3.4932395779908343,63.81443314284641,0
0.542960110242487,3.406293118505814,58.28352729441533,2.9465731244911795,43.937947086313095,0
0.809914575320301,6.591257013472572,113.65091111601652,5.898556776521785,74.87705886986137,1
0.3150222284640165,1.8101647464115336,72.95785777214056,3.7950036774469664,45.07559885063612,0
0.7269262178054964,9.07285130755976,119.13894548589217,5.9142485884370775,63.43848730043989,1
0.3645130024941976,1.5,81.17650952654243,3.464697488464513,48.71204678270129,0
0.5668652452882398,6.516195016248722,108.50076883729585,4.943310992083876,68.96050508772018,1
0.39694879913637554,2.7544317471292796,66.9720293631763,2.09995897412583,54.92870161941602,0
0.3977828625017509,3.0334689670281954,46.86382649775423,3.103665520157135,51.05757954863247,0
0.48195415049341955,3.580286436420058,61.78973886504192,4.38373753913837,48.92783713667902,0
0.471247094622648,4.467351476842043,51.839479894624304,3.4805018700887276,44.06547965037806,0
0.6406773106279345,6.431581894444936,118.37626684721772,5.7328637906901525,68.37610304098908,1
0.4059956710231021,2.302763508198446,66.83187196070226,2.1559214705953424,44.908154378261166,0
0.4014614370457177,2.8081967482068078,60.08206919113413,2.6667448073441498,45.07287830387374,0
0.32836574257770035,2.657282017019954,53.58813209456221,3.8415779222336663,52.66871698259797,0
0.4173605943384686,5.59646994596111,53.268499562751586,3.7067997844233234,46.89337286863657,0
0.34411319502137894,3.638764114338505,64.77554216339581,2.654244385955057,57.12914613652164,0
0.39441636086507587,1.5,54.721918669166676,4.74564443415386,45.662404874408445,0
0.4023052553077604,1.8721890199030196,43.35372138802894,4.0845406710451675,36.63392366451214,0
0.4300828282258234,3.825121313968632,63.671232359320186,3.381219800948921,39.502108160771506,0
0.9094975771950232,4.767909264589394,116.66023547248356,6.182629306775324,50.91586850969021,1
0.17406289473232647,3.404231414629883,54.14268707206799,2.776572877342569,55.78794051736694,0
0.5544604214055854,3.9391227175888863,45.34466252401627,4.0660047004653785,45.963632624750495,0
0.8585145122877396,4.585853085172752,156.1007146695332,4.75627697884946,57.679819832194646,1
0.2901527502802719,2.9406380444250844,71.92844083826387,4.437491937211811,46.74823041302553,0
0.4633554437029806,3.5857663606526082,49.177735825994304,2.8985092277024465,43.30668771690539,0
0.9582363002070378,7.545595571012507,73.85151189551516,5.529405568106453,70.07631687789905,1
0.3815383744051822,3.283936225536847,39.87040843335182,3.287009353848096,43.29601933945989,0
0.20973838839860975,3.366230199917529,51.08637868354053,4.141568163360436,57.32022034262562,0
0.44881494333640704,2.959543304372214,39.55131024261286,2.7142813163257786,52.32817376383328,0
0.3735053560964439,4.214096055047096,47.70078910345002,2.7064443734663564,46.037151858655996,0
0.29809143079175804,3.2926417737690095,47.49385909916542,3.2397942765448993,38.01331693154759,0
0.47523987034978016,3.8163538109861626,41.40231645827387,3.378458349041994,31.36139249928568,0
0.7245480112560594,5.977846642619471,90.3716106723321,5.467388710839075,55.120631374183894,1
0.5080139895983906,7.8543156070879085,104.30606597040786,5.493672339113082,50.963100063920265,1
0.4503589050447692,3.848001464919328,47.50745458511925,3.5114248225285825,57.092186359405474,0
0.7896700770821002,5.862019480479531,141.27401327437087,6.712910621575739,67.59263254701898,1
0.08258005519193257,3.4464468615295227,53.92917716240705,2.7265209850983307,43.336752742449235,0
0.26093300828728844,2.854880806054553,51.77706498693527,3.9636707835875864,44.381218368370746,0
0.16174424545581045,3.0771482701880166,54.1197424650787,2.840265762149354,39.950587045083694,0
0.23028813793017835,3.2936581135180636,64.40901455900325,4.0128613553609656,49.616051782676976,0
0.7617984752687487,6.548562387218249,95.67352888602164,6.006969530820893,65.1903791310587,1
0.750320298965499,5.857855621524234,128.29210722919944,6.388235025925806,73.76104365018777,1
0.9238396961753068,6.0956988579058855,83.52590980876161,5.247662637274893,60.148419327171595,1
0.5561741440770521,8.57728303329057,105.86496825906205,5.789510663574958,76.41630417647704,1
0.6343036749005994,7.927717128541622,158.81111784222668,5.072082147845707,70.9260034355009,1
0.4329131531240021,1.7033129724441265,70.31334449135699,3.5467302777928986,47.44144085197373,0
0.28230527608929823,4.955551802540307,64.1375969822679,3.334312706001637,54.03749753988118,0
0.3281046362997831,3.516064361377872,67.15427449778261,3.4869816221846963,43.04286001777668,0
0.692105274191979,10.30246496467096,109.89388914791328,3.29886498431962,56.22384975347887,1
0.5961158592579537,4.623870128922032,111.13593678135138,5.464340143665796,61.10305762862991,1
0.346452945941559,4.577517125533458,71.88926936700673,2.854107144856267,41.28814182789993,0
0.27730205519891354,3.309222015615208,41.47841970688071,2.9030437626435055,37.63594933066017,0
0.3289181568585007,3.1189774399425425,51.270526204333606,4.530136758021968,52.246936240180496,0
0.6340930041307615,4.350281307139235,95.8206508270657,5.241309152864221,53.39844943204717,1
0.7594994523827879,6.530559799965989,127.77640115998882,6.281269294825472,65.73229589983802,1
0.4383763331827206,3.2287163631107894,53.81081689758258,4.123703021220904,44.65039373698132,0
0.41257106485855977,2.1859834024838136,65.8806331544822,3.8400806724108008,43.32435429432851,0
0.40655973755626723,3.967736927738037,69.08423260894715,3.3849899663088903,44.988163695821996,0
0.28416623207716046,1.5,76.24681130844378,3.491315729063143,55.865863727340496,0
0.419305136498169,3.4518728357053705,57.57209290444371,3.842967253657938,53.959076029503215,0
0.2790471108840734,3.408934145697217,55.4714418588466,3.360386976919756,47.75800328784362,0
0.3314479456397455,2.8378533739217495,57.644245993683526,3.403828394196729,50.14153336766604,0
0.8503315192118267,4.564863765491268,74.57111497206441,7.185270513818439,70.92501938484735,1
0.6157791507254677,3.5733876679654717,66.90949931207788,4.704091802136025,55.45746438981934,0
0.6365894558142193,6.8118278709490285,63.38383298869851,4.921229316910668,57.078703172361315,1
0.48370423813478025,2.4791293408291852,58.63439817401842,3.0246541807691236,42.546259209104754,0
0.35798070214029953,7.906920508825756,136.86302964732826,6.407894038963663,69.09102782884649,1
0.37660842345073975,2.677122459034467,54.00532556370376,3.8216009109670472,48.821546835607265,0
0.20903518753071093,5.958547735914427,137.9024428019656,6.376325583253804,66.82571807015262,1
0.9048633868731449,6.636563956810795,85.84002425034183,7.0632504454777685,57.362749015010245,1
0.3347980046082889,3.7273346905767824,43.13234444343455,4.89005434004873,44.77885821845714,0
0.379130503308944,4.130023147054743,87.34902139358698,3.0428633977993185,43.84386510814501,0
0.13949138233743757,3.358022033492405,48.05413934095809,3.3074324343893773,46.21003453691403,0
0.23979197577829434,4.807216200067256,65.16593791683404,3.7347706488357617,44.74258982155998,0
0.26661049077017307,3.323193174325492,45.878897730198375,4.663165058116398,54.68117840608518,0
0.2731219349685744,2.789701497652882,72.83147865371019,2.4559512079536674,36.92456135393242,0
0.5333057444705794,6.853755934480102,85.25506320163039,5.425955139581159,75.64775288677679,1
0.1785453307363364,3.944576165741408,65.68053403612168,3.123957967223679,47.668727318376284,0
0.7466751711656116,3.7613030693503666,118.43233989441002,5.0305378465977695,66.92219487289202,1
0.25708774757114317,5.568637822942172,79.56887876631926,2.9231447129782113,44.79488928315201,0
0.3448983685391728,3.600242074207093,54.99364583792962,3.882301853575218,43.35129964940065,0
0.7577238039821487,5.674474824635028,148.69707865390558,5.799505170484104,53.75401813187912,1
0.3299518171625142,2.2773274233967227,31.3883296396972,4.607155217762112,57.47883923281363,0
0.38161481538786823,4.636640710444068,62.163198776796804,3.0282876137877413,57.19346818621588,0
0.6044585507888838,4.127757728890232,109.98405053256869,3.946446805247075,59.360466721525974,1
0.5032668791070128,2.608023521442025,95.91378221881155,3.785326771570702,50.713952197591674,1
0.43282652677629435,2.068357709829852,31.66491251315727,2.7389320680551084,40.382720865644444,0
0.660925683293222,2.869846270116361,118.06417206246613,5.448835099377219,51.838187354722834,1
0.44882431287557695,2.74076105275724,58.62009662571662,3.082393782176016,51.200370416804276,0
0.11849804590970209,4.45994915307989,57.88466587005519,3.2872539192692076,35.8696374630905,0
0.32820961764469103,1.8945626593861233,60.35500916871824,2.9251551004224727,48.434792522928575,0
0.48023618490258413,3.370405932921153,60.990407909662835,3.4016062765059347,47.66872004960039,0
0.4228660875852002,2.5100195410242807,53.633553371256625,3.1914014733063945,39.90054698803044,0
0.6358357771069854,1.9365950335101594,70.79727937425035,3.24602347872747,47.48364530359313,0
0.43608027785537296,3.1071799109661806,47.15145958024485,2.942913170464209,54.48140281325284,0
0.3630563351766547,1.5,77.59178827183258,3.3109750110458434,47.97654533424809,0
0.39601933457782734,2.2167598065940926,68.89591663095504,3.218904293290488,46.49832353437322,0
0.6129599184366301,5.575150862752106,123.14825424288509,5.11203543167051,60.03285880676806,1
0.3327580089516049,2.3781972560117617,69.26426381931245,2.920734268862187,38.835637119852116,0
0.510649760258813,2.830541696377656,66.56957708186378,3.270041540843527,44.173490558815764,0
0.33307345186349907,3.2611736903375013,73.20718218468448,3.2607032591946754,41.800327989496296,0
0.4395243922039844,2.546669712098498,54.11352678950685,3.5678244450309777,46.837900278882955,0
0.35446617404551073,3.967229877837814,61.661010995152694,3.144053482097891,47.638395135854665,0
0.7857200563888659,7.604974757848377,104.61277583916727,7.194088118650839,64.3239560704355,1
0.30164292291460204,1.873270839653011,68.35540275630716,2.983629541951526,46.58210660573713,0
0.4311588230450337,3.796555442139402,32.512626314280894,3.812206574867429,48.41117359430381,0
0.8154699677722389,7.084301995748083,104.8431586493358,6.2303059455096355,64.70380606437385,1
0.29406898712382934,2.8307977510181965,57.021985537187476,3.2169615652270336,54.14789667071096,0
0.31201401525362715,2.07414404107399,41.90164652121304,3.533187837292602,42.53099480854242,0
0.5438892499672272,8.229679183142458,101.5851819077255,3.7454025308087115,59.224244407455515,1
0.4235060016998759,3.183161845494702,49.584451948799455,2.8147190569778373,48.28628852439698,0
0.4100251330349728,4.126409273880104,63.34170913021558,3.924139790580206,39.54489106801273,0
1.0110717007291186,4.988407074114484,121.099428058526,7.4465417584396185,52.16408752088623,1
0.38998800259710525,3.3216696658355205,57.65942737419174,3.8836479347683706,55.47800696135926,0
0.4021479338536414,4.985011208072808,52.138390751933336,2.799179344994452,38.16212059719767,0
0.3257844157393158,2.969070340878305,39.6908325429944,3.517713795247174,52.293110738347366,0
0.22829358235165534,4.696059419603035,45.50264489526199,2.7891100389982353,52.84823262840652,0
0.31881888452659624,2.301686579757293,50.51012086732949,3.4578948895346993,51.62107913624546,0
0.7382502703140912,6.788546413702522,112.68054496984479,3.6063810945551333,47.42566340643782,1
0.24505543919932002,5.134896319936097,45.686628517633004,3.889930076917131,34.01786866027416,0
0.5997265595585239,3.450061652670023,40.19059502152934,3.19974948325713,42.828107748075425,0
0.3220842633832274,3.15888738837382,44.29332453613594,3.926241458500731,54.08575300788252,0
0.7345499429758829,5.03354741209331,110.7168189565465,6.00158877179117,76.72797114339112,1
0.2878861953789792,3.2622738160427054,60.03996100083991,3.7407846752945986,53.505790702510794,0
0.529510633276448,3.4048215735462795,49.701062375824044,3.8132847307296824,54.359538424791985,0
0.8244553585251089,7.676215803368233,95.02049856184257,4.929810287803097,58.75385479001864,1
0.2853248652519022,2.8698369786891904,45.73339953067692,3.6474293752122926,37.731085376562135,0
0.3255776726421717,2.164582443841981,68.5006418762514,2.8235757103146546,52.82713969369908,0
0.2546628098799268,4.095070956681531,48.955586834634225,3.107087162778175,49.97371243884653,0
0.3259178823537967,3.640620245363687,32.46057949164015,3.5077918910243153,36.96219660873571,0
0.345081758967855,4.651903633195151,58.26762076662101,3.555177794138601,40.374030943916466,0
0.3399184977817434,3.8772896862603448,42.50575394435511,4.329507546824785,48.60330136030274,0
0.5640260655308034,7.840473771353105,113.91709854170111,5.291410555500009,69.81091013762406,1
0.2411371771257118,3.585669403919479,45.90423984787542,3.420056832608485,39.99314545317489,0
0.380911010095372,3.2688092837283182,43.30807676059707,3.4642635189233157,48.37124709409511,0
0.3441732078918899,1.9771282355035782,61.33297590399285,2.7606119593261074,53.83523695726162,0
0.37618528249795513,2.712126384393762,52.150189090421954,3.3777936277071543,38.695644459251895,0
0.529219441243069,2.570905557136197,111.12633272080389,5.260983784350929,60.60708602193095,1
0.7161350574717436,6.596479638008121,94.10129331779177,4.832205060902967,56.39889678131503,1
0.3024859410843129,5.001413093947006,50.809260405830045,3.7277663419383855,40.24936772159806,0
0.2800102536034911,3.2056283509952697,52.52353086005163,3.0063298419741464,43.837963819128724,0
0.4709048040882584,2.7132818207821616,57.1641729610644,3.529874226072181,44.626982940973306,0
0.2577784608990686,3.389739338691682,61.329487709763846,3.5922674588709027,48.353270015966885,0
0.5644254278070266,3.2657458889021918,59.03559056810872,3.288316896607788,39.300421361347446,0
0.5486151933169789,6.151188319664819,137.31181852812634,6.250248936662999,68.02050180459929,1
0.4259219154616216,4.1932289522247475,71.02097002360863,4.529308176203812,51.94510256107735,0
0.23789295049451412,3.80447544774556,63.67887498630735,3.6738702042485394,50.68821225695422,0
0.41560907851369716,4.401712892251656,55.68389501995,2.850968346587919,42.56911806058436,0
0.8336123677394198,2.260701391551809,81.48385749738432,4.29268160511526,61.93332132238315,1
0.39078021055093215,4.595402194090239,68.45065195673358,3.623891484071447,40.091432339972556,0
0.4052429887009967,3.245717172197622,58.28029292797243,2.735699441352071,37.97139529193282,0
0.4983864173213024,2.5191681564630533,41.22590526219537,3.5353490840238186,45.582741984801515,0
0.476586443679902,4.679365103153815,48.130009888225544,3.479813752316598,41.23558778921024,0
0.5378830172309984,5.077808806060973,64.3351979693253,3.300691762618098,48.00533552283968,0
0.38620527238865276,2.722530804775785,45.49950353443086,3.170509961039306,42.64365444696745,0
0.6507851703107207,5.332744034837713,109.83755219158277,5.9594432879846515,74.22309962397323,1
0.33327488994275994,4.361404028747286,36.14360502626688,3.8972772280964083,54.41620773839499,0
0.5804260743477127,2.7111536826141016,47.950588417490565,3.5227429898201965,36.88839257566762,0
0.4569116404864377,2.3974992993487967,69.79864198612869,2.6086754565839296,42.01519840926466,0
0.19741233304383432,4.007691301462422,55.86513761007706,3.7567531052427903,41.810642563444844,0
0.36721066901585975,4.64240986480389,58.74847944304091,2.9444609472940284,49.686373735036476,0
0.3080640552999386,3.116076507117345,48.562442270575175,3.5188234961444396,37.327370086416686,0
0.4749401698971999,3.2769246031051447,57.36375766558292,3.7081869734874218,42.21941975545177,0
0.3001555957244147,2.9378122098884996,77.17658549092664,2.821829761149351,35.958436130847645,0
0.30609674862626735,4.552289861329781,61.95392905522644,3.5809796397776066,57.637368144692196,0
0.35314804096256885,2.8785098640172566,55.19326087764719,2.7041462708733426,50.67401949329424,0
0.8006046528845943,5.672795909723932,124.40181286859529,5.888062640402369,61.972734351255106,1
0.374430907563731,3.8673827591821484,65.5619246088105,4.255278503949656,47.90535408095866,0
0.3868108132047955,4.117435268340592,56.560609026323675,3.675205153254347,55.27032422806242,0
0.7420776935022104,4.181493613267477,108.04931683338691,6.629502905229402,74.90674359088075,1
0.7903338650447723,5.579827187049585,145.61838171354208,5.082567877030358,56.820085633938675,1
0.3022986947672628,5.113865727404496,52.82649460897374,4.27671182648301,52.366864748348625,0
0.15913176441148627,2.334299861311481,70.56631708832488,3.8978203694380933,51.03405889180436,0
0.661329590410135,6.819370531048154,102.87799333360947,6.2954093950400924,54.8826293991718,1
0.22459575277183969,2.887432552902158,50.80329640824672,3.1086228798554605,47.967225291586004,0
0.49997259296969454,2.8516268189090668,55.10649725700354,3.522497809194296,49.09121508162342,0
0.4054410225017701,2.9391013690778536,50.71560820776208,3.0122911834538364,29.232995653605947,0
0.3953022913737751,4.79994801748343,61.091353180396624,2.569900652158529,36.260390869237554,0
0.6825749186113951,5.7179855670122635,83.69585209257502,4.424006714756056,62.33236218552712,1
0.5403987888227021,2.060870099153578,38.34695725959689,4.168557721167435,50.794314177199915,0
0.4202021919907118,4.535148690729218,49.155255546026936,3.949042452500853,39.854719268736694,0
0.40724324912198373,3.20569201171697,68.46909291159787,3.8263014481981847,42.35982178558133,0
0.3689144292459415,2.9829285179608878,51.70382285254458,3.696565401569846,47.82073050513722,0
0.3691665967039634,1.883526962517703,79.64800346166211,3.3384959734523894,42.51295843795394,0
0.3887640013194321,3.9831455089699883,74.4883291761683,3.4491563530781852,49.879800737190564,0
0.6343255699256254,4.153993194016467,112.91687814106638,4.316910224233785,64.20079875036822,1
0.20199500035297688,3.255851153884772,56.60203866648079,4.338201204616933,45.64443956608239,0
0.4337535376914038,2.3235348268890808,38.707680708234506,3.1477475709924474,53.01273608985223,0
0.4333634814756539,3.2014671813536393,42.358545066282915,4.7001084733023495,45.76504030797538,0
0.4618766947624644,3.1240633259190576,65.18451608728353,2.9485581756618875,49.27433197154186,0
0.4097533924721219,4.533716904687457,72.50340216756422,3.895608938497299,45.53489333341311,0
0.5778261114926166,8.13730701056676,101.23452024739936,6.128384645600378,63.91649161040358,1
0.3413152682428432,2.0427178958023413,54.28550432403736,2.7855276594467973,52.8633710234358,0
0.43191146858631513,6.040457940230779,112.34236880712629,4.240919814454276,55.23715289133709,1
0.3831159419591235,3.3191767413195996,37.28284242506986,2.530442569131174,47.4192284692421,0
0.22807196753601489,2.517254373907586,65.71476792380105,3.4841591483695047,48.74277154247199,0
0.32038182597511883,1.7457310629811806,56.976607239640394,3.1341585267393044,40.327716255441324,0
0.541564011912004,2.8435275211822364,51.79505331882009,3.621024655844234,50.8854304022794,0
0.4887385049136609,2.848087383953569,75.75848673491947,3.4820750536493765,51.4047475449342,0
0.2748812315858462,3.5923898619661436,45.096517885152,2.4921163890701474,40.97880545629214,0
0.5086197119977188,3.6914277115679517,52.46274885666282,2.4616134299562438,43.92882070684197,0
0.39807527253201075,3.557934192564534,32.26664622499433,2.9554937761426894,51.584672465947975,0
0.5063082066967587,4.12633160268705,59.79850821680287,3.7915181036194148,56.68437023870746,0
0.6360939710148669,6.813788463884988,69.11155995682236,3.7666810059767792,48.39541103877231,1
0.5920385014788032,3.993968186651746,57.91955816340167,5.231748484984553,67.08878261303705,1
0.5428498337323754,4.658897629119393,70.55157254834288,2.520172926753118,52.65541480024467,0
0.36210674874006016,4.036263083947038,62.937900807090074,3.4018946336431033,38.18577068160639,0
0.18933688508871133,2.0159668995004707,48.24702602419622,3.9783534655273836,57.480038464957175,0
0.5181746040765213,6.043515766842101,74.37558959755273,6.796832864070085,64.22577391363403,1
0.5319878352715577,4.818813108725777,30.775703119400507,4.151143127101575,39.461388807344626,0
0.4136138211092728,4.40470616712779,51.9298905142053,3.4887516039454884,49.45990526488958,0
0.16869924815153003,3.790717983985611,45.374856123248726,3.3099057775052114,46.89365674827643,0
0.8605514090761546,4.437390614794363,149.8333087491708,5.306600661586567,63.85271892088911,1
0.28964746528531754,2.7632654991269,57.548398335855346,3.3965678918968254,42.13994979025077,0
0.6817388552704072,6.598388063163183,128.30902304110901,5.0031581108882675,65.99379662278936,1
0.8490538752728629,4.638431356747832,98.06618210571143,5.663030762886096,57.07043077869016,1
0.5692206688223272,5.924097204038292,118.56129325766547,5.706286921703289,70.8212312976389,1
0.6081718515891738,6.204893943622985,130.8971489958453,5.420293214120857,58.63465541586872,1
0.8445622085572051,5.3795015235467245,113.96105415136932,6.265626902343477,54.663860358271585,1
0.7228832061055096,7.553607205974553,108.54129156661932,6.939635903051807,64.93140656153763,1
0.49139873996018113,3.784648068276974,23.730536949673287,3.0060998502221334,48.38214856626501,0
0.306753451776752,2.551770871082425,42.22100538134872,3.799640914186634,41.99321647440588,0
0.162878274315514,3.9341187753517963,35.3819956044692,4.120332399344378,36.40457933930497,0
0.1479054288432031,3.462777082189348,56.76399290155103,3.785348453340274,43.04433271982343,0
0.5607624560442456,5.0041900466403355,118.12939644592461,4.463683043574606,61.1138218328667,1
0.3128891247337175,3.8572061865123777,45.86369640091148,4.392714422587496,38.56586331215028,0
0.6525552564418087,10.002152367434245,87.8760369462474,4.857091266726476,66.78857185827366,1
0.5056848145069126,3.67660443208643,50.563395697167756,4.130840242029225,56.20010828645143,0
0.6163421125310657,4.169051320367088,123.33635819885083,3.7140232065758525,52.76043010863768,1
0.7871661897426022,3.395894600849532,163.05280443016176,5.833341047942391,69.53132120650358,1
0.45201254812925645,3.906620882084577,37.91521466555531,2.723508758097994,47.10501694611469,0
0.43830711761616137,4.362474536170772,60.480158317387115,3.278335857541201,44.48812828669116,0
0.3536581828372044,5.268037344838686,56.799306354643015,3.263146574507678,41.21652481611875,0
0.5306097111402893,6.660465576085091,108.18810742870997,4.117722484347632,54.87026753741009,1
0.05763461865619468,2.615448342290567,55.08513370390734,3.15446937572545,44.28144232829356,0
0.241531289434723,2.633843306135195,56.471062787190924,3.091172786450069,43.84125047631312,0
0.4391177239650071,2.863501729538218,45.036950527032715,2.960353391587175,61.1154148926701,0
0.891406804887605,5.558163105970624,102.87853913519055,5.578875040877003,75.93705148143545,1
0.6234680180081398,4.264274379200846,116.27111803576656,4.78611677570944,49.7562700268434,1
0.7214964855129552,6.846786113515679,70.2019376428826,4.051707276054865,67.27609902544968,1
0.9748802603146844,4.656893768740835,122.4889608810859,5.170908528124716,60.869373115887086,1
0.22019666985616382,4.243437938751729,32.598444786852795,3.6784998056850458,44.696290635319436,0
0.4462085213467086,4.295393047615165,33.76244187854651,3.8961417393234443,39.963148371597605,0
0.36842534523240417,3.999415613347975,48.23153908744811,2.777560536719892,52.22726937341546,0
0.1983064937002806,3.2134078653646205,72.10954568292706,3.3711925889489627,47.97793029080798,0
0.33922185770795843,2.4185452497875075,59.70736395494921,4.214317638551187,43.631869697374924,0
0.43974696951357145,2.5363275221826225,71.03661684918306,2.7553518105325483,51.92845128711636,0
0.37222515801827216,3.461254597140787,52.501936855494776,2.976846698968629,38.074737383507255,0
0.8901586966155131,4.685552324735672,117.90929284614148,5.972082577359528,67.1323019019694,1
0.67095868925664,6.1462276507227,80.71728514290541,4.498987059354085,68.81806439892655,1
0.4532143759944772,2.7663667167116404,48.06328312151218,3.7582294339372115,38.221122769177164,0
0.21862502300699105,2.381763037093421,32.97721508265961,2.430080695537509,40.40330040381968,0
0.4874331906975943,2.057781621019953,43.15696950705882,3.1935918153260174,37.73796221356764,0
0.356481498610046,2.2090109786279104,66.62843055224386,3.3246402068158654,39.0405853733348,0
0.5119702758378588,2.355382656118539,57.967634669157455,2.579155307347084,49.5462257134991,0
0.7796803394082922,4.521106934482239,122.0610644364639,6.350867211783213,70.86604499970625,1
0.35075773288930834,3.470676449120149,74.96939330523529,4.00948566531152,56.17983806885341,0
0.22702460270272182,3.9226776201033577,34.35024209815536,3.690672058272967,44.18834842191659,0
0.35069737609901497,3.25196264001434,58.523911493820506,2.7686846792041915,55.84554520632071,0
0.3276675968756121,2.8358280738382455,69.64459228032325,3.565955561084467,40.815646150399296,0
0.3431574758999032,2.907163969471485,65.4800237525475,4.026528083928652,50.42547119699924,0
0.48851308211578215,7.02163845750735,129.1076601998494,5.589336193947655,70.75150952488951,1
0.4760362260102018,3.0886805452970236,43.9088118151415,3.3648385818339492,47.6460539513659,0
0.5051752446340054,2.9374026385419283,51.141273200425445,2.5930601821597046,46.84319532803675,0
0.3907364391744984,2.438562454972665,38.90858343477028,3.922601905948743,60.59773770807956,0
0.3687363622727794,3.304461027308163,56.29861121956639,3.3544689945965667,42.72728106082665,0
0.2971818891048517,4.212507150692479,60.63209159457026,3.6449142816521043,59.150247682906304,0
0.3570064518369838,3.8795934106781114,61.36797910632964,3.197018069536017,44.683608341717054,0
0.3665707723231469,3.039598510572314,47.821837935385645,3.356955647566156,41.871691028834576,0
0.31059422431546563,1.8925768498148958,31.4140195359358,2.85389016088456,53.48014628139253,0
0.9498281081496416,5.114828025001437,85.22043541922827,6.723492833492138,52.73572995612187,1
0.24090038088572943,2.7370458132938156,48.57199274521521,3.2325745794619403,45.347202028447754,0
0.4630776953573711,3.11094980430162,58.68459590037985,2.8929042116321075,49.62526208339107,0
0.12795815405420902,4.252051291316016,60.18620349592291,3.4347411458961634,49.99281506350603,0
0.3881022254491414,3.414630574183407,58.082344514885484,4.212405441161356,46.32555767979899,0
0.5045958802571547,2.0452957406219268,65.78948180798935,2.993374145592363,35.307717810244675,0
0.4416362096055483,3.020914222269512,54.41653017696071,3.3068675274638735,35.40321300468824,0
0.6323604921424801,2.6263512619780407,133.1053470045048,4.927154849381441,54.41435709332172,1
0.6665092409577321,8.468648025725745,125.15699077765404,5.695807418131311,66.21594902205085,1
0.4045387716887803,4.752702530722039,49.00250483012802,4.762879565083379,59.7372234690793,0
0.5325692002899722,1.8620504539131824,55.994686737035394,3.1520812282146426,33.639027075811086,0
0.5116436145001337,2.8281123827006303,71.20500561033043,6.383410135639841,63.19585933461894,1
0.3903916991001602,3.66317011270853,53.8733379293379,4.155603085727192,46.227886078416006,0
0.35927774600091783,6.161878039941163,61.832429040905126,3.2780148828956066,34.62512966868306,0
0.3109665034667868,4.196189248497178,54.7671905716021,3.125425987182246,52.2732848035157,0
0.7741577525520372,4.491954307284361,128.10265417173858,3.7501282802275906,72.22292696777859,1
0.7618867511097296,8.513906586750783,120.80706162863962,5.1051666509789015,52.151916789972766,1
0.40555206638324054,8.007804975887005,128.82094279150118,5.055655009790926,66.78446769547178,1
0.9362472775016863,4.81706737485194,114.54621403412423,4.713510315969728,61.836121833317065,1
0.38428045275916056,2.496541011685792,42.30163477189518,2.8041767781131677,44.851056814874745,0
0.24616097397749523,2.581668865692208,49.34210774197892,3.2283320908800768,50.27177167863873,0
0.6613651749813448,5.461557161795954,84.07578786506281,6.747993489662581,75.00553115847129,1
0.38145603400818373,3.4027058140247526,60.85341574902658,3.5432596833121335,44.03627253171666,0
0.28896573351918725,2.315537572832305,51.87364523444552,3.517029988117047,51.20063772620205,0
0.5357505702034995,3.8527219717050354,64.29712882474162,1.445579414400055,48.99584006164461,0
0.555451171652492,4.745537168460931,80.95689688783928,4.380088843004987,63.725808693890876,1
0.6130709338075832,4.943170386909416,95.40727906354601,5.054762361725425,61.347022786108965,1
0.4374596235217916,2.6313713088818673,55.37853614325318,2.2365867334929996,51.872202810767284,0
0.4545577462309183,5.272226287264556,100.8268767284693,4.078308995578073,59.89441271724867,1
0.263561030982375,3.095279135153396,46.77701327938375,2.4751734385217405,31.211828917124794,0
0.5394279281359934,2.8695505757926245,34.606281438562675,3.5031932499557232,46.88064371657712,0
0.4077039856824506,3.126155390755234,37.68083934792013,3.363585879441051,43.55539857394535,0
1.015584652508218,5.915159242308884,84.96621919894415,5.542142394066766,68.35516822889119,1
0.8177606331077557,5.794749538973889,121.6134687546373,6.864454956050928,55.240140316155006,1
0.761495354697855,7.231341207397305,97.08771117647562,5.712276881527862,59.577318368802,1
0.6154975516407051,5.923303942463046,110.64295708169634,5.100756245693082,68.1983678856489,1
0.44499969550726903,4.418547345481416,59.41243875015656,3.5979940992850534,51.44909333902996,0
0.3871437396305817,3.5481216594678426,54.914634984359466,3.348107727393951,42.99662234065445,0
0.8543214182446194,6.618799705463534,96.194645786457,6.633301850295547,67.0993157739919,1
0.3290210925012064,3.943434420690362,23.138053065451636,3.0873392957182917,44.9576362383981,0
0.8724150769219481,5.17878316405843,79.92245948452889,4.790757274975773,55.62725592369322,1
0.5260972282985377,3.0297138241550345,38.63264234005055,4.194990612192516,46.14106129620685,0
0.23059102656553315,3.785494668572983,63.371116622659045,3.43200747177949,33.70484790029618,0
0.5124958306766771,1.5360431250660984,52.64046761952928,3.2288497404412544,43.21412357476338,0
0.7438302294037041,7.292783327794651,128.6753085811955,4.745620615297423,64.67701177581623,1
0.5341304902537286,1.7821709644288715,56.0671224452565,3.3455428339169386,42.90421821716701,0
0.28440480273487395,1.9806976544698154,78.81946016540539,3.849475953583974,43.45349834381694,0
0.32253463254258746,3.338490808777163,45.49915832008335,4.563115325404207,50.72110147670875,0
0.7203626631456053,8.414381158098836,102.64579218384192,6.1323440014300505,66.10000020042347,1
0.3014798553059418,3.0857894494081086,47.312141097970795,4.003417954701574,47.34668782628207,0
0.3354203808005735,2.3212480922146943,72.13575722930143,3.9090406337222774,42.09780893576882,0
1.079442301763311,9.122168269817013,125.56079334793145,4.069332736964353,60.24810278629232,1
0.2961809323790311,3.861308693831203,81.61769673654551,2.680589145160985,51.86904056204637,0
0.3930676193893192,3.733056679807084,59.893468071494866,3.3069401488606767,40.98830241243651,0
0.7991846879397079,3.492183471948777,137.42446100675505,4.95062374136673,64.45555347668586,1
0.5430820116734268,6.22854710805116,130.3840876762509,7.205923187007938,60.935782451561764,1
0.6245605418038956,8.684523026220672,121.14572408825472,5.431878175829053,66.93478984137589,1
0.5109997340905051,8.730141074095423,121.43206200282813,5.570885112452808,57.47117577402894,1
0.32593050912271176,1.9948385668107635,76.56135428549712,2.9502675182862177,52.31536652353607,0
0.29630487804470057,2.1314305689342525,47.22067151107475,3.24101059088053,47.71118771496266,0
0.6548123503543591,4.819980832939512,96.09703701550107,4.897110032722987,58.20912368202333,1
0.44083844657277693,2.5932231666278405,52.55538663276451,3.732702450486464,45.66406846499054,0
0.350790547790784,4.553539664385272,41.53283095343162,3.3618567955869065,38.868842036221146,0
0.38442821522005094,3.2140517340213197,56.408389013155755,4.1138260015897625,51.30385345379166,0
0.3926698971468069,3.812222797680769,46.20224502323376,2.8164032813831796,44.775867675385506,0
0.5695112871705965,2.395547304719736,54.25951182551379,2.0324009651446677,47.958557277520235,0
0.6187828434164813,6.071114766174555,143.97401802305393,4.616628556971811,64.06001388288247,1
0.32175580200298176,3.25264911625015,32.16518125488025,2.8842065123175873,54.53553076238688,0
0.4646159828840841,1.7627210651280072,55.089755757148566,3.8098222498730716,54.2928006292054,0
0.34110237842249913,3.893019526032785,62.295274404873275,3.6778347762535257,54.41016370411581,0
0.48782099588390043,3.0248899248286434,48.33319364288175,3.9768148973879964,42.17804261187276,0
0.23934190354454413,5.2257135696519414,44.43774461036539,3.922714548468722,45.667445533636695,0
0.24974588349119006,2.322118476389137,57.02723194910491,4.497954417358267,39.49797531833579,0
0.3029907567389522,2.1345297193730106,54.249529650943,3.060596585679965,50.94395590800208,0
0.46578565737750544,3.7393841757602146,76.22544710438389,2.757202241023779,44.06940714697905,0
0.9101194571089425,7.909966032771613,110.81464586918337,5.477597520863182,51.156322110966606,1
0.5767137525824657,8.088884692286197,114.02866596781455,4.560145677404369,73.17154100928973,1
0.3182368670538828,2.555730740807753,49.411920444608064,4.149557352263135,58.51496298065922,0
0.21536734756048317,2.557900822080387,56.673668030200474,3.226667594738611,44.08793419971517,0
0.5252517942189107,9.069882716651346,69.64860202593027,4.675575002509685,56.662178295097384,1
0.6470703107869938,4.269684226113932,133.53795575142232,7.648267388479541,71.2043327601391,1
0.5444435442357836,4.305816777239841,48.202697344038455,2.812026701809227,54.55412340951588,0
0.8214232921991738,6.552432743616887,119.15211104838258,4.984378507159912,63.35520377040199,1
0.5159361182293556,2.2237092345556175,75.76608204823427,3.440580271460684,52.96335596833872,0
0.40191618453741634,4.364794867693263,68.89803957855968,2.970753594474641,55.31006356572951,0
0.7642288436072766,6.751153553596474,94.2939892136805,5.331638910030499,67.2804605824269,1
0.692409875970542,6.57756961677333,134.54809932463627,3.4571696556659264,67.51616905475169,1
0.4806086459385531,2.2548208157496634,60.239650932237865,3.0308134158209548,45.34176860982685,0
0.4883000373282903,7.551278902295869,96.40494650337155,2.369950968863993,74.63363080627364,1
0.26656777247164565,3.990604827948516,31.4005657013335,3.6286600567659155,51.03640237587969,0
0.36016622748655125,4.351203046793932,58.59822813008894,1.983976888802182,52.01714184864993,0
0.24965618569412729,5.059223263870122,49.079374377601475,3.4282331325421147,57.119134997009084,0
0.4421434718901496,4.3008131383231145,65.78912207947062,3.1448288769170345,47.435428721606215,0
0.3840128831175655,2.7218159882624073,50.68624372581233,3.545781806788509,46.17715352189224,0
0.5046925573163188,2.981552966189328,74.0329959006544,3.096308049550841,44.714383410987814,0
0.3589637297452046,5.105553633937554,66.98785630265004,5.481672706537769,71.9137428661223,1
0.5614249136653495,5.982659188978728,129.50400351556195,5.37295773913516,57.44224518547032,1
0.4135861116083561,4.652881272627619,54.613622423168714,4.141814150846382,45.68032873138094,0
0.4709890079583344,4.0001407980247885,44.890672540831545,2.6101139177428956,51.68461381932445,0
0.5973634864718671,4.890345809802382,140.14687828472145,3.6948230537609232,59.5369368982598,1
0.44144038552016457,2.43413058293556,38.59408359401857,3.26484868449005,46.12054414864284,0
0.4333833611369455,2.1188050330195285,63.477431881356026,3.77692563785587,35.89375124314265,0
0.6933831363556204,6.642956400496033,117.73496595706573,3.5774446990365556,68.61683573714971,1
0.3998400337329038,5.484724839903848,56.31398950673136,3.3343776954393456,39.15752188375975,0
0.9735609982600806,5.269663210252128,110.7893022397795,7.459425338839107,68.2471300576843,1
0.4411682801205466,3.664716082175788,41.2328869210822,3.5692586298774542,50.0259216849724,0
0.7895764491554795,6.809147170502814,95.99861817523853,4.491231992990803,70.12910671182328,1
0.2788602485398228,3.6551394792334864,58.57389330983924,3.59117594068315,34.10592271708447,0
0.1686345016396498,4.1498901169064375,64.97869626980582,3.303265366177576,50.09689262980359,0
0.5441880981500719,7.949583874885162,110.43402302060063,5.9792136338351725,66.34838720399483,1
0.7182198919911752,4.506262286877262,148.2982950367932,4.20542830052579,69.42573744359498,1
0.2642923999811745,5.016872373397824,64.9311432827611,3.1275243016973,39.57948942398823,0
0.17541810527998086,2.6187811145114415,59.4271139311146,2.5088073711961263,38.02226531924781,0
0.2462621871640237,4.317844016629522,58.554364024396136,3.1919388240799558,40.416830267809075,0
0.4174230974555172,3.088544366602888,33.318021974149296,3.2877755360306917,42.86599795463577,0
0.3778108162002756,2.001779834238906,80.23767440068602,4.2466718170981785,42.51581483552591,0
0.5484956779661159,4.743968996431819,47.04820539928266,2.405038742173601,52.07526549632227,0
0.6853971519597336,3.4955921924119213,165.47414359759944,6.310394616106013,60.41951422325344,1
0.5352448684464384,4.245480284915851,47.41461648472365,4.222335112842819,47.03891717681508,0
0.3502829357729194,4.765068571824657,66.38724993180111,2.784442937716354,40.78105812898351,0
0.2698579423967802,2.103098079803477,50.67656659890283,3.5111492716216444,55.68653290583486,0
0.3780642277818798,3.508743757765729,48.228024699453236,2.9762876823246653,48.45339670287425,0
0.7147570856210022,7.508974565298425,126.05110650974441,5.265319310034582,78.25101641922485,1
0.6348065281418559,5.417628919483803,111.5799349612203,4.186179831933812,70.68432108634977,1
0.6487858844381871,8.575055468458178,93.45290458441983,3.9304988648986896,71.71004520013209,1
0.4262355112753742,3.916498265490144,56.661214232198375,4.419483665757975,47.979793441187375,0
0.3943840606702699,2.7599952527599925,46.31352814207283,4.14097453582247,41.90030744402571,0
0.5587646187955897,7.702583385471336,56.041981836154555,4.093624623017134,68.35256573465571,1
0.34380409607469625,2.462729871624615,53.5222431388765,3.29245081428629,41.47840548117444,0
0.32921935767869603,3.2122867870379004,52.86903916237926,2.2097748147976364,50.883603207478146,0
0.2165906924525499,3.0977414212080103,58.36279337767836,3.1055337743459397,41.27738200843223,0
0.6310824988588664,6.38622420479645,82.76916337803895,4.8570140345205655,64.00692225362528,1
0.49316590117200604,3.4535643752571734,46.94690928738869,3.320252701520153,39.96761700281649,0
0.20456372095828398,3.9411871066437323,40.3002629289022,2.816981401086244,45.86528782901691,0
0.40717073782325913,4.86242263127416,56.234614086716796,3.9692367614889807,44.37093070212277,0
0.1892175661306209,4.086389628650576,48.13989921657803,2.377438676780021,43.97049337789827,0
0.6703286725584235,7.668711875620153,135.51518676685103,5.1560201221838815,55.46999886045144,1
0.474658267875759,3.3801110283111204,55.322704740702235,2.55224386200396,49.33264520745646,0
0.3220613068859171,2.2163847775475465,57.56690811393595,2.7238160965727203,49.287241416790394,0
0.5909842429850808,3.007881182276461,139.642508548758,5.728350137528502,68.77320496378657,1
0.9283307714251791,5.638883536533584,131.1498308816805,4.18264243109248,70.21061237586113,1
0.7296601358457503,4.408974177110827,120.3691363980495,6.6198723452053905,67.99027248005717,1
0.3591831224969954,4.667572211378266,31.102011250603848,4.478801482061327,47.31023879652185,0
0.4704924285880974,6.449983526090428,95.67983451972948,5.5699173112804825,68.95034682016934,1
0.5043109248044965,2.610250187899955,30.75112163390299,2.5449336455200275,42.28879417504925,0
0.3564651541753107,2.83220524432176,40.103629797033165,3.397768200947264,43.562595250642204,0
0.9895913790415287,7.006416396209575,111.24202246393001,5.762574905991686,56.23012882021577,1
0.3370489655590909,3.322094849163589,46.17764274205221,4.1318202742335615,46.35396874391925,0
0.18411880816801826,1.663118007788473,29.40780364392583,3.496218199413883,49.47372658347642,0
0.5460857751432346,4.5160658956131,50.7231719169857,3.5304257943633495,54.11025463223473,0
0.9673041917336245,5.903789790128841,109.84541575773737,4.589361719113065,70.26778870541085,1
0.7913838709989834,5.098076451849241,81.69187592762118,4.5322658002579175,71.7450269272268,1
0.8602461250851989,4.3474820835372885,113.66440333574924,4.753860392858739,71.77549887540192,1
0.177486021597787,4.150572767356179,51.428902837356055,4.889362152689447,42.86772663840499,0
0.5305316333141643,3.7700947885691374,61.379418409640486,3.3303597524525888,45.34385497139302,0
0.24904678698428093,3.028278107024776,58.82597061245048,2.8409130813411387,44.49183722670862,0
0.7211354241128046,5.359315341475167,107.71624010893056,5.558974480791971,47.590690385979705,1
0.9591499023120693,7.567020749898661,94.05924901547955,4.30363852187636,62.381514991361605,1
0.5572030694513084,2.1159028002530107,55.598426128017685,3.523673824470256,44.21427977902738,0
0.3014737693559868,2.083383666543021,60.9040740854602,3.510395414665086,48.35258083155869,0
0.20846784411638303,3.4448479229544455,61.569842005869816,3.8298329445100316,41.01965272301149,0
0.19121264547669933,3.986108303488304,39.89160951216131,4.653430949967295,45.98920523772055,0
0.3900672195990529,2.7390937348984785,42.81320005713417,3.5542257117764042,37.545713613432405,0
0.36686971807954355,3.2496567053456196,66.45417815923403,2.995333012367741,49.446658281180106,0
0.9288613424641173,7.142946004419131,96.89054527960708,6.889162830642173,75.3320762681656,1
0.8642115679644968,5.014499137165687,64.84034657784561,6.521522491048065,57.900286739596325,1
0.742865243478991,7.369396993726421,120.27267326971631,5.587137094707205,75.0371616991995,1
0.28608648551538474,3.0620906724608963,55.97298021293888,4.177818278386614,50.05765856473054,0
0.5185676438168447,4.288890860126675,60.66292005389457,3.029689529948912,44.24039357303279,0
0.597010795350439,5.530676184149216,117.38111775067145,6.393720142867022,64.05558421438288,1
0.7599533745133159,8.997534509409498,126.3371031564767,5.370781331763484,68.64936682147072,1
0.6592023894779944,5.781002092572835,85.73545950672442,4.295598636844575,79.83070686065076,1
0.6888765317585613,5.7319095203747015,110.0770093359261,6.649797291832192,58.75687550842758,1
0.33850878377320215,2.7323054653278986,71.88998048737994,4.013037443899579,46.86025987900769,0
0.4800075562435264,2.629322276260684,63.58842808790857,3.70481164987682,38.607029762209464,0
0.30633504291205765,5.544620534743716,48.278300257745485,3.5128733461634933,56.12667872098195,0
0.3306881248991343,4.668858360051956,39.97254113323829,2.787197468827516,54.27262203489501,0
0.5192935012886302,2.1889479481866494,30.084452518100044,1.9707463466464221,50.71362903664923,0
0.8729580014251391,8.549674867507289,112.25293122705432,5.056431195613108,65.58634994565898,1
0.38743369764377805,4.619094151510813,79.11769298765353,3.4753920844242665,54.97176801513413,0
0.8954833070502398,5.445642963060447,150.461499824631,3.226195033302686,63.07908418590999,1
0.4778297507789052,8.235504784119302,116.83599247111987,5.996181092864982,74.90169753492324,1
0.16693363740240433,3.3655814140456415,35.65830078878286,3.4547801335951425,47.671843136249116,0
0.3148823311497022,1.9983233809228975,42.46973167756171,3.506510256644254,41.235126024475186,0
0.3547778081092461,2.742614407839122,57.0240119944564,2.8143923288515844,42.64339705222776,0
0.2675491690187938,4.1755131252921664,45.14144272607878,3.200196165584946,42.97917876462542,0
0.29052705464186557,3.9494957638285406,62.22065647126762,2.7547908258299034,50.892619007673005,0
0.27151358784317425,3.4850909765354086,61.98109963625153,2.891922242891866,52.29352768325582,0
0.513523578502832,4.185427341256139,115.66863219790493,6.033326821007896,66.17793318855706,1
0.6425646979531314,4.379253421809485,59.12322714831652,3.332678748659968,48.33408816828095,0
0.4227321620936695,4.001658918662309,45.03728944430727,4.218569772221353,44.502930877971465,0
0.5047168199820413,3.1969904907135227,47.941391779648605,3.3605815668157337,46.651322187043164,0
0.5613699531519731,6.313096245802963,103.10618229931461,3.8502445176570967,59.58299733845808,1
0.8123746874278367,5.907155606791439,128.81309925236744,4.858206140735633,75.90443951449518,1
0.8005021176192586,4.295694954085806,122.73441735505251,6.0617790079502925,69.50323883509932,1
0.7578192701799783,6.773217596932747,115.77520676987031,6.24278776967261,52.43324103656249,1
0.30778652824994035,3.0794391855659713,53.5968874986561,3.4537822449410123,46.945751955841885,0
0.4143983837202282,2.685980583480255,66.37254107910242,3.651556141919302,46.17800684956609,0
0.5855871532388277,5.5595114545421165,85.11107090149792,4.551023245724127,53.30476528489026,1
0.4520467339080422,7.423980663791111,128.2055312717244,5.523857216644719,68.77869500218294,1
0.6573130308660523,5.225850146302784,134.06866498560186,5.652879996242766,64.70391252721282,1
0.23017440860620825,3.2184076418365417,104.81489676447521,3.7182438755298657,50.771338281070584,0
0.2801131324437935,3.4800454761575415,46.53381313560702,3.4416302236826697,39.296085976143004,0
0.2969258638641277,2.9837370587950662,52.42334957678964,3.2593013537726754,38.78044846761338,0
0.9933397689161989,5.363127302386572,94.32251608613714,5.508646735258935,72.17667901122346,1
0.6673793663264094,4.7021046532061845,150.33677522904122,5.121555764560153,65.08051158857889,1
0.2707868511382666,4.282715792185667,49.43727232173187,3.9831123823500683,48.023412871144885,0
0.39036013640555434,3.4421400139512257,56.92725987255331,2.64771489025292,43.68179866835868,0
0.6349229625578424,5.809645590201966,133.89848406879705,4.034571922552187,65.69642022991505,1
0.22491986281574086,3.000187710704723,40.05285676526457,3.4588905127335288,45.784182678084896,0
0.595653306086133,3.858679338576681,54.00659080362799,4.343630065442194,45.49708780703259,0
0.37903258415658714,3.506510827000196,57.72855986318101,3.664705845448677,43.12113468784902,0
0.15584986414918103,3.2462284389356006,26.833915259941993,2.9514872029817467,48.71662368138275,0
0.31801814320324234,3.482849829066934,54.343578217377605,2.8210170051473997,40.07902258370069,0
0.48815639663899446,1.7310302900633747,59.64159465309432,3.9034462818786424,41.39859211915933,0
0.3620921103704132,2.8426911068258818,33.486798050797866,3.20127923356224,46.8145352280639,0
0.5795090065565455,4.177051418299879,140.85563476096343,5.650289217987901,68.68310130986589,1
0.5041869521992981,3.8396260678113396,65.20736307482953,3.1400633368478457,48.93860155383477,0
0.7437074221852961,6.629872150163756,85.74208239273295,5.394500908636015,70.74251806267338,1
0.2733219565373419,3.264375556524796,55.43442364795154,2.673339645844041,54.65735015508773,0
0.34229352340491825,3.261925746894661,70.54562040415783,2.9028639789157276,49.287466488974715,0
0.5884154512537699,7.1534475399050805,100.98123156287285,5.524660162686838,64.74327993424437,1
0.36084079815566816,3.5708813469943426,82.91094060058376,3.399619901874541,56.641665379925655,0
0.5528469397690604,3.150811575011515,55.91256541065649,3.0544653897820404,58.92590644124366,0
0.16289490559505385,4.460914974085503,35.10337939797764,3.0725826961512372,50.44202363376936,0
0.4485620172877168,2.950370856943608,19.307205246907614,4.000146737450055,48.016925739763884,0
0.32982281842731065,2.9085373507774697,66.67751047661493,2.6858673435074545,52.00617115612833,0
0.4648133112698005,6.272925233076557,89.2235048649475,6.691898538101926,64.83915209710652,1
0.7170660655508121,6.59193482664886,123.31426166881099,5.34445908336791,62.06223141451732,1
0.5906978160730146,3.3120616723962346,52.81207584918425,3.2568044314115516,54.12425732379573,0
0.42180256289534745,3.0691269983916594,54.9481032958813,3.632406205751999,48.20112231366239,0
0.49707434048719007,3.150681130409028,37.9128127766793,2.5065821520833174,47.26512329283867,0
0.23409642863495964,5.01791132261127,58.875463514800536,3.612588891635971,55.08302794797841,0
0.6810544579574517,4.355834947643953,102.01547676949237,5.658899969928522,64.45128462117849,1
0.542354395285886,2.562832802399959,28.717170168786055,3.6838789917956527,59.18015653798268,0
0.39266445042585907,4.494097140409313,43.15693726299219,3.277843592473464,42.79890964008444,0
0.47309344685385024,2.0739754681192863,53.08958877247557,3.350669923528026,44.1607598788353,0
0.26647645303222645,2.9629662994627637,50.522268724645095,3.167060624510478,45.66468368261946,0
0.34378696618050913,3.612758378939776,55.20815221640265,4.438316773071315,29.933363907014886,0
0.5459591585654836,2.3102963627920716,50.866393875102204,3.5587463467782983,49.72342519679713,0
0.26720488594443054,2.9740279793505167,52.36840047699171,3.795008371511331,46.951434458872384,0
0.7873162900587733,5.470991949124267,67.55819722522558,4.839999958549673,66.50663732485366,1
0.2279856065500004,5.098460085007201,57.48806763535382,3.6412993206715685,45.163993088921565,0
0.5674397500078212,7.26467734209052,113.17988632793212,4.445074340828761,71.4537710928806,1
0.8396187323309602,3.330203996535653,87.68232139341106,5.8506553229063405,66.12132594717478,1
0.23801788093928197,2.2315223409293696,74.071584334454,3.4466529178095766,43.1547479357043,0
0.47424733808231795,3.5802358162094947,52.56331399517605,3.3778816582137843,35.20064643081431,0
0.5800799160945319,7.023580163703514,140.636806439724,5.979489801173578,59.148467667866484,1
0.4255850376603596,1.5,65.26995757727188,2.460287937447714,46.299108451395234,0
0.7527541803941075,6.300514638590962,97.2766392056624,4.977195465692057,56.33210069005617,1
0.35682409842005275,4.377135038186512,66.19996025036801,3.505638798229506,48.11008849882471,0
0.3406964433706503,2.0381360646803506,71.67214144966064,2.925624009981825,50.88008460968078,0
0.7007308865336056,7.182067816415769,127.93364232656631,5.9150672249001035,60.433188256476726,1
0.6133842483572535,4.494995605962798,71.08464799632063,3.3339692383345096,42.15660783604618,0
0.36707036159390566,2.3479113619222125,46.007250629022806,3.806497807554798,51.59954060938155,0
0.35966514001002137,4.760676103766443,58.455699924569785,3.752776567847866,53.425828057722256,0
0.38032926203199513,1.813940016850022,39.049730418399164,3.344872436384321,39.43264458964859,0
0.5533245351387727,2.326470254085371,48.320233428499506,4.064287004592405,40.56698860688539,0
0.3264175083103304,3.5969125934345643,66.96245884271585,3.3767870397518265,37.481373719354515,0
0.16430698416835143,3.6448521203905733,64.15439440928266,4.027025525956873,57.95939781702806,0
0.6861376228932236,5.94836603741609,55.90593848786066,7.234781612968907,51.64986103536778,1
0.30679393219824364,2.356267519655167,72.55934796085543,3.8487071169426157,41.08754238087473,0
0.2793251706731344,3.1375949755855506,44.90895319767724,3.055138468850267,43.985769167802914,0
0.21101004545513308,3.8771733432815947,67.66142477917863,3.065275933557838,49.27577857317472,0
0.42421211113866936,3.819196779538785,73.35224144928178,3.792897071894749,52.7423011710505,0
0.4334257855109567,2.8570048321419526,47.123044980869416,2.7396834031039212,51.941361952369924,0
0.4655571128971843,3.5705533260880826,63.282957722426275,2.9748623707496384,31.881239795829448,0
0.3963489804833114,3.0150394754443277,73.49692045700922,3.782412844401425,48.02846313682417,0
0.2799986822536309,2.6902417948074273,49.15851139889948,3.5236357091116597,37.067028631929816,0
0.40738049585425323,4.861520699796488,65.65661122975924,4.57916736679047,48.699110308992985,0
0.7165484351896506,3.0721285091450348,68.89210192336873,3.6624908196012256,41.855995302511786,0
0.2598190302578246,2.7297311235493686,59.02167939138946,3.2813576622291314,45.67346493830852,0
0.14017689290615787,3.3440323422121403,45.88979935048667,2.382223292435692,44.259464520390985,0
0.4753002858483544,4.29077217604316,47.495850486741745,3.878226518138811,45.03139204898811,0
0.5322092397312299,2.784690013540885,49.83658333822068,3.382211806647176,46.13356361749162,0
0.3944129827812762,1.9678086049876713,48.175361690519736,3.5230480477264807,49.62142194211014,0
0.34343132122262526,3.2620678676585784,35.448606365029725,3.0732479076441623,40.960471255053825,0
0.3176615672158835,1.9687807012724141,66.99915365582424,3.313610830106704,42.24429026634414,0
0.2613147094246503,2.1279107354099707,75.59712977772499,4.513124903120952,51.617032400868325,0
0.3889184189796072,5.416852447819042,146.08402445045323,6.832575072985061,66.45086304835915,1
0.397393099339562,2.6985569952252315,52.86320084031753,2.1724754618450657,38.11119002165689,0
0.3068911399930556,2.929491498894844,52.18484188346765,3.10316071160648,48.87536781877347,0
0.1332889616228523,1.5,72.32439163537188,2.663082144674177,53.84095770877765,0
0.25636310613276225,4.882249225782116,69.21447094617255,2.9725945139818593,51.70993939434919,0
0.537993193221962,4.02298280126184,48.626293499708936,3.674622422435663,47.13722360871619,0
0.5640987870774525,7.898996674017219,121.36447509457344,5.222344256718132,63.02022467658345,1
0.46301079788898697,3.7220294866569477,54.16603654256208,3.530281451115574,49.50158828518728,0
0.8876266973767926,6.408167145156115,120.68589525270636,5.441221216042451,54.099985840259194,1
0.623440990389875,6.301542016333966,116.18226187084267,5.415951408467138,53.87245347522245,1
0.3531238259302518,2.248228602609565,58.922220973687885,3.300743208757249,46.15324125034144,0
0.40116632295449994,1.5986649770621173,69.98278936908886,2.174278395677706,38.67871794739289,0
0.7063761344445211,7.641273837033473,120.05675393695066,5.8162466801547374,62.34098659525052,1
0.5381554633908109,4.28418112939464,54.59784651207623,2.6127784736614066,40.03843129332651,0
0.526149417353438,2.2083984289123295,24.56361393758624,3.058063934888114,44.8486745153655,0
0.36382191505405354,3.154064621122246,60.41263218452352,2.7690622032769365,46.471623717020144,0
0.6874047148811822,6.337672833067571,90.19149548485518,6.146217002480622,66.66906993939742,1
0.34019842092072244,3.6772805474615446,69.63844988980459,4.699102498903828,44.36069900081834,0
0.37347890893714747,3.5271112482073024,44.83339650842366,2.942640594841672,48.776956276875545,0
0.7432923625960388,3.656509418526977,92.94646298290441,5.156767041673385,68.27524202445161,1
0.29105064831401894,2.75354962247039,52.52137495354513,4.364923556467408,55.74507971392255,0
0.487120097888904,2.6063886662950497,46.556177970020904,3.2026106249487984,54.50030585314483,0
0.3802199292056596,4.4922632690645266,43.14519455596229,2.524773642215453,49.07877795155215,0
0.3843244372626726,2.5114930514707754,85.64620932370391,2.9464638079646575,43.71620920919058,0
0.8507544440269059,6.242835696396845,115.531958202177,3.580648410881489,64.91139120566002,1
0.29944860804577167,4.188590784624256,45.36158411668916,2.5385976230228566,44.04926109764604,0
0.9141160486947978,8.526584995394218,131.47779908078925,6.4807498079352275,62.64741532180351,1
0.3306234617691577,2.6525079991347944,46.95288817705197,3.3404687417118737,54.83100864100316,0
0.38021892028410137,6.2025445713116625,121.37923029143262,5.129284387588755,60.874832675701526,1
0.744813067376777,5.725559038925178,79.57952445562186,6.101193815060909,64.67759343261905,1
0.2617182781756488,4.600027769435783,37.70519999963177,2.610062907974752,38.11362616440613,0
0.7735942288744624,5.738204511557497,168.54233537537004,6.677796745818587,57.024064915319734,1
0.3737350004665118,3.464635878185062,56.9069834300287,3.84902043015248,49.024561039507894,0
0.7975707306765935,7.015161501227813,114.0001466788265,4.935479883433897,60.12925085250282,1
0.41050785976922366,3.1159306147441215,62.74254607724292,3.1776898543784893,55.70348683190799,0
0.16741520769653284,2.79349583578646,60.46660416885734,3.4703693761442285,60.523330786052476,0
0.11905849191301343,3.861277889650486,45.90643952315989,2.5573467005635715,49.5747832201306,0
0.20522126794034024,3.495265641253072,69.76669571118042,3.0255331993755585,39.71851054097293,0
0.9973862646775247,7.261363579253988,92.10014634402118,5.559147193878331,54.259790510158254,1
0.8814249102905312,5.9378955298021765,84.66359388713636,4.643592292172895,51.90917873131245,1
0.6155670567349126,6.51490274154815,107.64859885286623,3.459993639743514,67.44425034472896,1
0.2255303992100176,3.8548569682210228,58.166721736138584,3.0467405032136963,33.04369538941812,0
0.7246802220710433,6.101461891728121,112.22867559816474,6.498518121383428,58.453119609059776,1
0.7568686832052272,5.948136964953225,92.30743720012802,5.798777851258816,65.60004555725926,1
0.5116125142119882,8.217776695583622,108.87302479797228,5.548624065434492,80.74295291615,1
0.3867116340955626,3.4679347300572254,39.73964134840369,2.827202589295637,39.63569852122525,0
0.4989512273330861,1.9325405826975728,68.02627922543766,3.1137586812556535,47.75082222478834,0
0.280162074328934,5.093468520751788,32.71224083527572,4.303566474387389,49.87669872968004,0
0.24668993080205956,3.477597117851419,70.27384964474906,3.680452640412059,47.25566090522526,0
0.5433410665407237,1.7132229651894635,49.335764640615814,5.260388318099767,35.736753539148665,0
0.38871365525845536,3.2134111242965004,68.78089296984808,3.557780285660298,50.07815861588524,0
0.34533081711262537,4.232736818303081,48.92897150220818,3.04983379607005,42.481737410624774,0
0.3312686631434386,2.0555145545164564,44.25664276130952,3.507197189618073,50.56474877836544,0
0.26504519194550674,3.7836867931251694,79.47956992086351,2.739364641252271,39.63899263079223,0
0.30962733139752774,3.811568572117337,52.66287727923176,3.389456943681,45.12803824087337,0
0.3382344822343183,2.604124394841411,66.09412321976902,3.6545769547374163,47.37704244741046,0
0.9541586489222371,6.259791776505616,144.47438219714647,6.3421716419593945,65.39321461334633,1
0.31864982237552636,3.7318220880464197,57.397896359819065,3.3845375226246865,42.431378718572155,0
0.32320726434523406,3.3307891064995183,69.43909867620147,3.7787135164490104,40.465679244491994,0
0.667963117923949,6.347613579640299,158.90828612418835,6.7087337348086,67.74289153548311,1
0.5655870746377604,4.658368341641508,117.60744381733211,7.425212394974578,60.59614722046194,1
0.7510737646618528,6.686600443547335,99.81377655377372,6.030968703108472,52.226750232024195,1
0.4004418035270807,3.3069645009794573,50.744691810191256,3.7938896124925594,56.78092040506388,0
0.6309796165003667,2.323288237972071,73.83973835328702,3.2798989785614774,39.24888074670915,0
0.4146547339727788,3.8706561204711285,67.17007914697959,4.210690371863447,44.79706499746735,0
0.4256807659291999,3.533252885655074,53.884137818711636,3.668848808185034,44.729499578578356,0
0.34090921373716104,4.811220342065612,109.53512288375217,3.775830240557853,60.79274697422743,1
0.5507068132134738,3.735331254247662,61.34052513838294,3.0783340088047852,47.07696016244642,0
0.20616267503699115,2.6077828040305304,47.74032013756639,3.62268076162587,45.1117319874841,0
0.28617684004285004,2.552372037058404,50.58732055029281,4.935107099862667,49.113095657578945,0
0.4224431207812151,3.7613354940881054,52.62344595130266,2.8257007928505087,43.436019479662235,0
0.37984680834123163,3.0851846492428696,45.6041932561795,4.557125592380098,42.949953312750736,0
0.44228065344323164,5.3587050005878325,77.44058210147458,3.3589074792239226,43.75116672806445,0
0.46318729799927866,2.9454883144401274,73.2192269531854,4.339432338317131,42.72658816271817,0
0.40588186800868564,3.4933739000053126,43.79847570392185,3.4279565002636203,42.48527069915619,0
0.4069150118036085,3.0020545216751273,45.6103416897389,4.061055556797566,44.63320435802104,0
0.3930182704727025,1.9612759259573171,50.814007665656106,3.3088094411231226,43.83994448009519,0
0.6140435835619733,6.58068758233098,99.87116916323892,4.630921493967687,72.14022914620244,1
0.18809554143283883,3.262272259881904,63.35026907232133,4.32922629799659,52.57896529455172,0
0.3912118476109923,4.040006384004321,39.65908071952452,3.1063033532457873,44.418377841156314,0
0.3576763861957093,3.3674830961908526,33.704176757953135,2.834304569030496,58.85672263721163,0
0.48167935329061773,4.214690882286629,46.818433703525756,3.4887223548760833,49.13472916725701,0
0.4669374639963174,2.8978823344750166,61.00650315255805,3.6194804398562175,54.23046293484203,0
0.7246791566664038,8.213087504897048,89.58744375808396,5.136527911646068,52.00289666081538,1
0.2918219275154704,4.6029416849466624,38.49393815903636,2.8197048899942265,45.772000815968326,0
0.6741666027276538,8.216965792113161,72.17874739853123,5.305648437346829,72.82471899886644,1
0.3114039241815966,3.5422672099448915,70.19450533713484,3.434077979573201,48.17193807719102,0
0.539629673392317,2.059708792619378,48.11416956048454,3.2168479254595863,46.586478597576516,0
0.811462429448826,6.38740804592054,107.49717399746726,3.6259827544120293,79.06833511688828,1
0.4357241469609279,3.8968938962308455,57.340000806012284,3.315981612427738,54.10237976380796,0
0.30608967739523557,3.3591945076688954,60.30421479649935,3.7816900959076465,47.525457617669076,0
0.9188808139133054,7.684207583418507,68.25970698859165,5.593320983990358,69.81781164977671,1
0.41802992377817383,2.7607220384703695,42.528692449221225,3.7111069912880117,39.267483316614424,0
0.20761052003560085,3.052631306372564,55.239614998432224,2.544482027301227,47.45253453127805,0
0.4339667592701477,3.5209712228955308,55.237005076712336,3.1445274182364473,44.90660771675266,0
0.37590258221926603,3.067511678455994,54.242932567796686,3.185442023002137,34.8566889542326,0
0.5220855112224541,2.3979230100144613,71.07682053878324,2.4885650350474395,54.1047558908422,0
0.8477103426381092,5.80590347160199,125.60602355103734,6.008465690551656,78.34747090429815,1
0.4489820560164082,2.088123708179273,55.09389753099355,3.0195076359423436,49.92197012525843,0
0.38948792198475063,2.6293822644923797,61.299690737370256,2.99994619144994,49.18094745694937,0
0.5156192127512966,2.1972023865756607,52.517547122867306,3.101152103501011,55.84285932645311,0
0.2199695266216432,3.9435052298942157,74.74867136341851,2.7940687383566836,34.8955543153556,0
0.5526998333498842,3.2933072880189695,61.64161481665776,2.6643723412686375,44.124366812920485,0
0.5112980429042014,3.9035528794557783,52.99091047814871,4.2401071214766235,43.23224469157147,0
0.9138416507772738,7.310266559831344,117.59375302363419,4.856138358151745,70.83957327195252,1
0.6375468613493581,7.0913370476959185,120.39816999250799,4.019505347552303,58.43274111788781,1
0.48616875420015326,3.101205114104227,46.592333585841565,2.5830086682973628,50.173104084815265,0
0.31562927061802876,3.2068422164132464,55.02957713319648,4.0922836781491405,41.03289605501677,0
0.38000928324005556,2.5646922143321285,55.43443167111792,2.49963692990726,51.63829412081947,0
0.1145941635977561,1.599132606872893,63.2621751773781,3.28253472062561,44.83331649196391,0
0.5658606212575876,5.579415656828764,122.41633076070795,4.344671464897512,65.62230673641972,1
0.2580316727568157,2.8973227702292905,42.01933618351923,3.224594996075492,40.966835294823795,0
0.5298704068400234,3.1804831923534063,67.38871469812828,3.7086696756646353,45.97804486298601,0
0.48031855942738166,6.016327763369054,122.76127144416266,6.0858412201090495,52.802616513637155,1
0.2103266931418284,4.898687368236522,47.021022063527745,3.707535216084801,49.78099424341918,0
0.45264868232032807,2.532219002488358,52.5406306843234,3.245959644147487,50.84814407687169,0
0.7562945780303763,5.660383601594534,106.18584792857682,5.046221268940648,68.18471115467874,1
0.4018436482749669,3.7952367638461193,45.212422796241384,2.3500404116779308,47.45521771002233,0
0.4201988470800486,5.055125085757517,56.49524851294506,4.200714941855175,38.901962786074044,0
0.4814903695066638,4.322246863965116,62.440206569122935,4.458544646140699,54.01343047398456,0
0.22223555717966365,4.074080562839468,58.019347037204284,2.1785635034028767,49.885143729153,0
0.679370969662404,5.8389490890947044,149.2318489218917,5.245484117230835,63.17761680246424,1
0.2351382419003759,3.094696336455924,68.11465069409088,2.6392123231064213,39.63378836880203,0
0.5063616584805017,2.5353230683777035,45.54798157091522,3.3990107905607525,44.27723422050719,0
0.27807664644539226,1.7059156454473232,61.67388238238909,3.0507719907327537,49.38548139811107,0
0.7704901512162495,7.481101491936397,141.2574136030986,5.522900280640051,57.08728429889549,1
0.876573903840255,6.651730342538566,105.69836506371031,7.201577183900954,63.73930343448447,1
0.5039965327664836,3.1802312021898596,44.022455137896436,3.3461324501972762,48.822423809167375,0
0.6527486846432194,4.879754358263595,120.17775354926648,5.45170422681987,70.09931828807665,1
0.49867669429327127,3.4757538886407335,64.10025080253283,3.1810357217602134,50.0195684572592,0
0.5428109124085307,3.831948128078227,49.16602966992749,2.612661028244469,47.42208877673649,0
0.28061121087661006,2.4307689127342327,45.46891186480875,3.9462368318908547,48.503526831195884,0
0.3461719458811283,2.9832320140579425,53.82608281556682,3.2499474426132933,59.23529875328457,0
0.5427408358237412,1.897424448254811,52.294015786698004,2.437274150659108,47.59232240117589,0
0.44095281514565027,4.240042704645512,34.84691518012859,2.4755006389748546,37.21504540276341,0
0.8525466071782857,5.57283251018511,99.86113135023407,5.9604320699647495,60.16231858940762,1
0.6301722809337943,5.032130240413043,130.45056478551805,5.504374394284905,48.588749234348754,1
0.47525655022588686,3.721982642287696,58.6555170337509,4.010859188487618,55.17254901625769,0
0.8900302546295411,5.253330288708646,85.12070859282316,6.264633129606177,62.593591883511465,1
0.48302262914424665,3.088563514576555,63.7630835394022,2.786185581104492,46.363780538387665,0
0.5282055565774915,1.9051387908096742,41.488538731789944,3.443967443596871,50.427342107299935,0
0.6898571624788716,5.67432705684175,93.11383280254793,6.229679814322775,51.61749641154266,1
0.6915612082442368,6.385351217589304,96.50622824832286,5.770312729204505,60.465639732967276,1
0.4957282374626117,4.728686395327032,67.80187516225023,2.6204920037446886,46.41054125376573,0
0.5521189823836895,3.0060389997889767,46.71691385931544,3.3897665056657096,43.35316449017463,0
0.2940030747293339,2.311707882219606,58.406807117559055,4.486096896516054,49.88543259904011,0
0.44529101643961233,4.132117820935667,68.19299729163808,3.1694662899718122,50.04984249369253,0
0.7623844440245963,6.619165316462558,114.20902761247044,4.09789056892458,63.8984305712836,1
0.17416600723329143,3.715031752223852,54.08729505638267,3.6871835899958847,43.88765062280898,0
0.5082917137185735,4.442050627289813,52.81178970970431,3.6018124534770486,45.093386332978355,0
0.36371203549974707,4.752096864202823,47.944431559046826,3.481895196403435,42.22708678038765,0
0.6329630476576322,3.366417283592435,72.97292653760354,3.8594904977569,44.214223479621396,0
0.41966508454225254,1.62474922030108,51.97388483222384,2.517511712293408,46.901375688846116,0
0.48716574128660234,4.885101478044852,106.6528281961976,4.1339185903969184,62.60199424739807,1
0.8255491813911957,6.5017796098167375,101.19453240280686,4.921030917055641,57.78646986184196,1
0.3464645350707252,1.7730881739819526,47.44941702827015,3.854124148680675,44.73819763127834,0
0.4210357550277596,2.952174414554782,89.78560736271425,3.7073236084766994,45.72819524087174,0
0.45050897913344706,3.816918854951312,53.1961906068833,3.6098103549500773,43.739809672527045,0
0.5307595087475545,2.511934140752934,49.758740718657,3.1402860331382123,43.714653209923924,0
0.6539947130629752,7.155189357897309,107.31618867698661,5.694516033901239,64.08131397307893,1
0.5126598174896915,7.834870659375833,77.64516877872936,6.285245499572933,66.37270787054752,1
1.020492181952189,3.6283484758126474,91.70076405912796,4.239703910379026,63.65404124225841,1
0.3366884710552971,3.8016569014742605,50.785012973989105,3.062001113811176,40.48997351355372,0
0.22523944178379518,1.5,61.25410902176626,2.8053554283852056,47.85953904759609,0
0.5353625561011908,6.420587637124542,108.35305439515402,6.105506869790211,65.44399847185885,1
0.4039000474051486,3.33074214918671,43.2835193177776,3.043385632979509,42.42036203970808,0
0.32507748416069326,2.8969202294011853,53.44541634658807,3.8324938580111376,49.69786279750813,0
0.3511685354980908,3.7113584227591763,50.67363883084911,4.0666543266318165,57.23719417955918,0
0.3637813261090016,4.238119785326716,59.62369204855503,3.5229049971019424,39.986601183896546,0
0.3171961972326026,2.680393094156207,78.64587958580772,2.93895123910658,49.760067294711675,0
0.4918895082382226,2.230458864488095,71.89538659116855,3.9956753952726305,45.552167488162006,0
0.5763685242279344,4.310791899234806,60.650253932962286,2.5365395133148207,51.69624298118814,0
0.37413668441097303,3.2272021916743814,43.79011765309608,3.2991973491706434,45.45641350666614,0
0.6780452993635445,6.596480410660268,118.85868383798056,3.8068858457815917,73.01799090625065,1
0.30058060062896175,3.8465630024877995,33.391083118901626,2.943108502552646,53.649954863015935,0
0.4282995346822534,3.147591743680771,48.13934666587455,3.251759182102847,55.297916318313746,0
0.37806808908748096,3.835757454304235,70.3309182585184,3.0825539791219527,47.66232003033996,0
0.2303732218648608,3.092877426199526,64.47467505036295,4.476828214848753,51.68523662300592,0
0.2059852230818311,3.2562856600806565,68.49220193678434,3.275459581096488,38.80644187635338,0
0.34320982104085357,3.9745954850335314,52.40778453628795,3.7660105455919086,45.45086159885674,0
0.389312740880604,4.570050456734348,43.26122305452434,3.282922933536298,48.328059338984644,0
0.39650892433795265,3.8653343499820316,63.178071829829456,4.030418034039516,45.30540287577655,0
0.29848795622432156,4.273977597539375,39.26445717947777,2.4949767486127574,42.293379234818964,0
0.4881207827107938,3.4746157045445916,51.62939849070665,3.797924577895852,42.33485782364777,0
0.26810532247881946,3.741949144327907,50.70477694962826,3.6726751737660726,42.555743899544076,0
0.43776055713698575,1.781730385252314,48.95035824355236,3.880905725039985,40.88212427204708,0
0.2817556316256651,4.059781071623596,57.97342070616257,2.111074791797418,46.600546436971456,0
0.40610719141732315,3.5465896255856992,30.59768105238453,4.046257338019853,47.00729370895235,0
0.7144352365664619,3.4661476463403442,121.93842281018749,5.832614293992481,56.541928874378456,1
0.2880337173669634,4.026101847493291,45.7052204101256,3.892129692929956,53.116779048725206,0
0.5038074819478142,8.695579552332545,128.7080802291993,5.112917056314983,57.92059008067777,1
0.8831461037223689,3.5009102917156127,97.64800965907622,5.859123929183505,62.10897075819746,1
0.6542012753302371,2.2229698941739358,58.39190548275881,3.642859907589553,51.28696306097889,0
0.292131368061772,1.8422387755694338,56.617547249741776,4.407165546632929,49.06180865904332,0
0.38328171658393023,3.307530527930807,56.751985102769844,3.833335092954017,52.22383360002165,0
0.4669886733859089,2.7748289590880635,67.74189222421276,3.7323355352553773,36.41735728348927,0
0.6254274791180509,5.97784736892903,94.34231529742296,4.700129605209053,59.459294234777225,1
0.2373880439117763,2.9110994155922887,60.839187972983325,2.863597320856906,48.07990520103329,0
0.642157015706508,8.424258758073481,125.3489051240103,4.57912716506521,65.9863731388607,1
0.42212641209189633,3.3882811200855993,114.0789514783814,5.15929850449046,51.85706447462648,1
0.3807435084129408,6.174292592700341,144.67140719769498,4.22020275921451,66.17351554150825,1
0.6633463275646188,4.305380285369026,153.04843789648723,6.678503419749528,63.142982042009905,1
0.2459305633534009,3.520298655418791,38.93014030312509,4.195710978057747,47.72416622822467,0
0.4166377409880081,2.741089420673363,49.826089062333665,3.268107646459609,53.053602029385104,0
0.42030962612287054,3.497495962757938,52.10784107457447,3.280557047213521,39.56608171288625,0
0.2125580797289429,3.605065709317003,49.26438735356687,2.2243649174464295,46.37280748024913,0
0.33949261475331666,2.60822147553468,53.79856579676096,3.2240226866767534,43.21321134591703,0
0.5216760997741492,6.410551386084896,152.74446926577076,4.5910669787483585,68.28868416831024,1
0.292594059936244,3.0199206801915657,52.84399014063225,3.6054397587705553,32.49552642891108,0
0.4957287709740779,3.8688191580932614,95.16065999594937,5.723657483971808,59.93532037053675,1
0.3675514749298213,3.1618047100469657,46.31489590269349,3.2822990998497876,55.86620021059795,0
0.6464692691191846,3.9610598201777556,59.545715264295346,2.9160213321236896,44.590808843679326,0
0.24625199834854564,3.392079300427974,44.523246684276984,2.2743694773773053,56.53644593289245,0
0.41260598008895255,3.7547407643394934,38.793399415049265,2.9590788959040903,53.52713486575978,0
0.5032924716543483,3.8263448733536514,61.7073674466979,2.9825317662371216,50.5474506521977,0
0.42580049629528505,3.9400351412410717,46.770067830319135,2.2545176102303905,48.43601614993842,0
0.3362444294665771,3.800615221475952,61.682993833168794,4.32804244436847,46.71778899463519,0
0.6280072439648482,7.33701673102608,90.34699757946119,4.848244770490983,63.64368670773818,1
0.24883651365133233,1.993465127611141,40.77434039622779,3.125074075468307,49.71647763372822,0
0.3458467626184462,1.8469668713186498,64.17143430844017,3.729935515937216,41.52478417796564,0
0.3873200397445125,4.02820573954704,47.97743797527775,3.16865967881485,47.89441219255569,0
0.6628805468566531,5.941111169093962,113.17100964126381,3.9650573188776637,68.2755324707681,1
0.5692846814282582,4.0083759978883835,63.39411767750494,4.088548278818981,52.82933836031576,0
0.4733274087523365,7.598469516010836,147.47181435918503,6.354136903537296,62.344849777427726,1
0.3574018686345607,3.3002430936793616,55.59760041426325,4.37466320997484,35.67086355403614,0
0.3669068642739862,2.4520371027366252,27.4923835044978,2.9887586449856216,37.259463298504215,0
0.5896150222163198,6.813016626351306,100.04929144612525,4.562145347466263,58.91289831266146,1
0.3122207407408024,4.7498108427729395,63.051919545365074,3.692168656298085,44.00153205123305,0
0.3619651149970304,4.530011260846454,62.25448478958831,3.4061255719376526,46.89687958282203,0
0.42911842936329386,3.672462647231014,33.194955650558164,2.9084307363398105,37.583896396626635,0
0.29134070302850223,3.4508863182540312,70.04823082399344,3.4124175905478165,53.4377948689015,0
0.46544884687516613,3.1155113457607864,51.59368816820494,2.883077792418668,48.5839539119703,0
0.8089115186965953,4.228335744829044,130.77897271069446,5.991678879372033,66.29471660369809,1
0.6001059411749169,4.45838303395222,56.72044204095404,4.570136979908398,38.674274330441385,0
0.2741106477405454,3.4371739154028793,39.02683577152982,3.809035736138002,49.53255158475711,0
0.4664819195518206,3.546495544433714,55.759243058094896,2.8055917886944965,36.716220222838885,0
0.2656017483135455,1.5097491858324539,68.90915732913021,2.536331477979621,38.96400574439911,0
0.629906564078969,8.133369274673754,105.4025898271137,5.473207128245014,67.8078917194134,1
0.4448501574639162,3.0090456613352736,31.76854278864799,4.001506433226849,45.5475650319765,0
1.0745374011446234,6.9276786823465715,118.57096306249358,6.116770550543948,72.82771198856003,1
0.3993270501781335,4.563560448195011,44.20384107882877,3.1758345730648054,44.34688550623502,0
0.4073939734537636,1.5,22.399160939256184,4.102782179269848,38.196295034345525,0
0.8206937275901698,9.05255232154316,100.01794476817429,4.95109732569299,66.95496584150385,1
0.18563419120569402,2.606347363651612,43.24253593602556,3.3842296254747333,41.59086957740262,0
0.46458624587311204,2.431088989879322,57.43483997287852,3.4954669339317848,40.772739712999694,0
0.383236593314347,3.4050840790853094,53.443299771872944,3.1080237177128494,48.50102615452456,0
0.5153372873465585,5.256405232531092,96.27774427750496,5.26415067791373,57.783570746032254,1
0.32674136233330636,2.6231741497845964,50.55101512072097,3.447751746899638,50.64541264911277,0
0.3866424521266859,4.3140883274349315,50.617437581933984,3.004779900294558,43.57360810728931,0
0.49038239199654304,2.752486259970789,48.97713404918279,3.1668004676515715,44.39418201352443,0
0.8244557498271075,5.973435196911867,122.38741563822983,5.692309607693464,61.76639377352165,1
0.29602167509582733,4.403881271045936,39.54718447719107,4.463513758721282,46.18058171565933,0
0.7444452118065884,5.743672416199969,150.40123769398727,4.521447919423256,64.01880411756477,1
0.3978265514969162,4.786792653699005,51.92405601169003,3.1981224280724962,57.45500369988821,0
0.2806780104104271,4.171866478731202,44.25422907425561,3.5988592624219296,44.27687476736539,0
0.4589083303369545,3.7986583528012834,62.796625976867844,2.679807091912424,52.800710372898756,0
0.6476633777312678,7.6360223340091045,113.58672984489607,4.66041028129526,71.1018087424538,1
0.37887842728124493,3.4877993090675843,69.32081591731097,2.8334109195955284,51.13945991219784,0
0.6102485139823655,4.098143695919283,68.52383502737345,3.5645431916185473,43.78898533982672,0
0.24638648399605825,2.9327021144899237,61.405315286302084,4.328741209331631,45.8543143609708,0
0.26733114322052504,2.826426528607316,55.902428918016724,3.7787921732643617,49.487488092460765,0
0.7412785640559317,7.945825543434506,127.36992901069517,4.853810654228019,61.12704452761004,1
0.5759349620339724,3.2189907669687425,60.89728353837366,1.988530840019337,55.18488415957376,0
0.45721489888433975,3.981406531807,56.993138335122524,3.7729614265112694,49.05537722989733,0
0.2620653676430455,3.5818490465991144,57.48565499988497,4.196632235908558,44.87747092149818,0
0.6216466529628177,7.047545078296801,135.38902760176612,4.736910806039638,54.37607481356589,1
0.7473987661825998,7.110769968091644,148.56087000389658,4.460661882835517,71.0286995912657,1
0.7939778743069106,5.682214068849728,111.75242798246846,4.866624540976434,67.84406886409808,1
0.2732835528383446,1.5,61.77869688261571,3.71408365308823,45.10617415625365,0
0.2637129638447898,3.239391612471762,34.103715178742256,3.0655067673738725,45.20605092903778,0
0.17887651574143473,1.5,71.46931816677102,3.942975969150429,53.05161501583868,0
0.2915435042267545,4.269541113345019,61.76858638292285,3.2772884433595415,45.430779015374455,0
0.2184909864144268,2.046045745180143,33.142996439586106,3.2367929554719193,41.44800562396749,0
0.11806059258658874,3.5985269208431343,51.862992412236785,3.822569812239702,40.82911172214144,0
0.4080590248254534,3.4860210652464207,67.79720305437189,3.677840776645563,48.33478917513658,0
0.5400550133897782,3.0106177938114653,54.98342703725991,3.487760151699917,48.846331448532844,0
0.5560052009451569,4.748248471944825,44.15698203411806,3.3319351339777037,43.00331882250472,0
0.4153150610081319,4.900214469126559,59.40809729732418,2.534077416948371,43.52885250381056,0
0.4847259018453879,2.308076673662828,67.91408386341502,3.1813889980674235,39.37552538795831,0
0.7662495429140853,6.569556516849896,96.6520754403669,5.220152714256936,57.58901599249292,1
0.36600213601161835,3.797341062319155,63.103823895917294,3.1852921784853803,41.59272225847047,0
0.24340689182337683,3.212646786713273,60.523612374594165,4.228055616927774,55.17117750696359,0
0.24553882562061066,1.7469286573698304,63.84050653335969,2.6373119353860646,43.819859616541386,0
0.5591830642386391,3.439313020071454,41.86353420536501,2.631891696549746,53.72645069734027,0
0.40484458199482076,4.27698251986308,70.98496871113446,3.6167867647527134,45.59837861206965,0
0.26480703639152603,2.9297991909567314,71.88277085183057,3.5057714903146557,58.518979500839485,0
0.43521728167328416,6.047449665133371,140.53076594212817,5.348719474292579,65.22096919850559,1
0.401478933462775,3.16505795957919,36.08891970175698,2.5963800542244724,47.24999020109656,0
0.45096239564272333,3.7244263270612987,55.34164949331313,3.1742622331789097,41.04533542013935,0
0.703179227494334,4.394597183712103,125.0798155545005,5.853355452863826,60.32008376256647,1
0.48568077383539104,3.6698739981270103,53.03996077357764,3.3635918099744297,41.88368537466428,0
0.2424652907184539,3.240754090193469,31.414890981571773,3.710150074458448,49.03635412295821,0
0.4362343996002288,2.792512791102787,39.38698677272943,3.181442042336427,46.2529513454592,0
0.5958779024619194,4.347472215181168,101.8609610325629,5.0342695434898745,64.94820075689557,1
0.3038872934207929,3.8800626798139763,59.56932321573285,4.486197627858845,43.812151625206944,0
0.3987687586393772,3.3327993532436784,36.19532260381143,3.1837302081038232,33.015497862473666,0
0.4756737305881452,3.9775059936279344,57.12373316902575,2.9593979351333575,43.804182137606766,0
0.18475626509634005,4.5982773546106275,43.798929546392,3.0598051332972394,47.80023171435501,0
0.5612133397363662,2.06959750436919,49.34667988663961,4.975834051205427,43.33893777293507,0
0.3299370932557466,3.935753656514102,62.75830895031388,3.562973752527338,39.79865353659605,0
0.8026658608760691,6.283063970094244,104.3929581782557,4.898891707943692,62.893898364032786,1
0.29357552689057465,5.030997611285813,65.53782294308589,3.483291619843428,41.74174724532883,0
0.3091793584630247,3.8185752204091434,42.28614485970478,2.5319567722039977,45.47621014558146,0
0.5039637457533529,3.731656491282245,52.35260395966735,3.693404772981357,42.38057114942079,0
0.3467118264582509,3.399162520003222,59.626705666581664,2.932776382176715,44.83216724680579,0
0.8457313709762827,8.022611050029854,100.23417897965501,5.370965968176548,58.107439877145566,1
0.45933479100797714,3.2406917659720036,57.80351621493176,3.3944208394649116,45.34304618540256,0
0.6630370941889643,8.005520663298364,164.95206140893825,6.362208928331057,57.56482938400026,1
0.3721716312261605,3.987686435416539,70.89139830483985,2.907823418604839,41.99504797623737,0
0.6511102154613924,7.1300485360500705,89.70766400886887,6.969462803590917,52.47568216410087,1
0.29374434771825503,3.6497627467300053,48.955680708898754,4.595150112401203,42.36707808869838,0
0.29458781510368,2.3691652267738945,39.19817660046992,3.663311073757359,48.968378586833985,0
0.5079845395737121,4.692413651588491,54.815152755391786,2.2859410964489504,51.34724195527709,0
1.0135609530732825,5.674652529213269,96.78995114100674,4.2025968824362,67.73657595045476,1
0.4871029862478499,3.857608685512988,67.85575413247128,3.5726412830585916,56.668658436253295,0
0.5876949659726829,6.011801618535849,95.14523224027647,6.306059357140617,69.66819765843483,1
0.3068954660515544,2.9172433225217014,49.467712580054624,2.482277068714138,55.9772904689233,0
0.516944211651109,2.421745496488492,54.473888427700466,2.8592886096341776,51.57145669937857,0
0.634570160955094,3.400920778814927,130.23364535359994,5.700252813238031,77.80412227615592,1
0.6117039989644251,7.418536897947989,115.0076304024909,5.531089707033923,61.22116509074779,1
0.41791097488596574,4.772782691107498,53.0923827012494,4.1755734462036065,41.21270632864942,0
0.6928536168383694,5.131122896403883,119.64816566390846,6.190650287190046,57.35754664062646,1
0.33652314404961814,3.8409935496180125,61.762386528368964,3.4076574871921146,46.99729836722881,0
0.19254904117878538,3.2880987817362977,52.72716798632205,4.127446258638663,43.911711778530744,0
0.3757198961735161,3.639419235879924,68.7977392463843,3.1338917932152146,45.62053111959377,0
0.5473870498010655,2.858823497869782,68.14496551137947,3.391341846567905,51.31144028534649,0
0.3266064176794465,2.670975296333995,57.70719580669808,3.33442725394235,43.07425498626186,0
0.24213642114203207,3.3462480033925677,56.07952493857851,2.833445229969466,40.25096951114457,0
0.7105314034983881,9.516294631993834,90.53709542808548,5.606241627852848,61.51604644107421,1
0.3552025405849091,4.101024441968866,53.4456353687513,2.972039962542605,50.003392847139644,0
0.42540058727555874,2.6984627850304195,75.68092908325958,3.9145968970996416,31.679180158938912,0
0.419467569229688,2.9906441956159306,55.874601756535874,3.9148163464894594,40.029829233426575,0
0.37814796038932313,2.818976440458659,71.07855743733012,3.1649107704799935,39.11311019368334,0
0.4614015659934769,3.529098712961452,69.80041060096653,3.496887658187429,48.65022884990689,0
0.47899996308727066,3.3379563292270356,27.773619095472036,3.7490682660457733,53.60754103804012,0
0.2578526247144074,3.3531839997225155,82.36499574307835,3.6777795997276783,43.776760674499236,0
0.46698818932968883,3.5034536301918227,48.07740440228439,3.45186588302091,44.75396821596035,0
0.4017311910780254,3.1865320172670812,40.014144018566995,3.0729863920499385,50.86231623622794,0
0.5650451443942945,6.702209015877914,110.64333860491142,4.857597421185556,70.34898750151166,1
0.30509775011556645,3.7882638991819952,50.511865615116704,2.931047270664882,44.715333865736525,0
0.20190209978700188,4.156048653701034,48.89924335159833,3.224225049621229,43.810410313078606,0
0.41178083338855775,4.474258529839368,56.91659661274648,3.9666473838862224,50.45159755894148,0
0.43823547478382946,3.1201313441089877,48.14384730558571,2.1318653762777737,42.490433138599045,0
0.27497290011560965,4.063979882431563,53.80372564135036,2.9911466164712532,49.128616298585015,0
0.36729512327711716,3.737539779068745,58.25399556204132,2.7112352305272336,48.86297275838402,0
0.6691744522209205,6.391276439902951,131.0089301072022,5.03038574578924,53.781658874441,1
0.257634738081824,2.835037714222735,51.08197363731369,4.1668929564176205,52.67468717959707,0
0.49246479478965194,3.553646661976752,43.377575194096295,3.5468552857480717,51.92963401550289,0
0.3874785288656198,2.6630350984680566,41.433832041937805,3.960430176467301,54.81870313019499,0
0.21138486338120221,3.4458826277029564,72.17359618035098,3.43339924210568,46.34628649527686,0
0.3725221718417155,1.5,39.03121075767081,3.573988299096098,37.65577251988855,0
0.3708206338450747,1.5,38.187379071313494,2.3472301164589773,43.022553289439514,0
0.21254543463311343,2.2125480498007253,49.83376202573679,4.052024573239296,42.56357450255215,0
0.1811533454247574,3.2693765975852322,66.45411946745219,3.219760340223328,34.605799441370976,0
0.42231956460437575,3.1042417140327427,53.311571359788296,3.2319913757676213,52.74381132620617,0
0.39361140158525293,2.4076047186827747,68.51459478134018,3.8341173080372832,52.04345386350855,0
0.33876743908126294,2.399526884258347,36.177905943548865,3.9728155036337722,33.69226326371784,0
0.8188965714503385,5.434938099181293,112.94276149694983,4.418942603570077,71.15096337183543,1
0.34600753982841254,3.3463991069924632,86.24041332169168,4.562828858251895,59.3086420460466,0
0.6254416070577458,5.795518822700642,87.08443901800025,5.187829146265488,49.21464724475889,1
0.32117075279595864,4.045840265516077,39.66954379170244,3.5586030810268006,42.36732201576514,0
0.6665825333804277,7.148579447912879,79.68587108960229,3.8946203913468507,64.89100058462724,1
0.3481136822977643,1.9936920080640548,46.90961178162419,2.8815472156130904,42.59335324215432,0
0.3539464709039347,3.591118545855549,64.73698458015662,3.0698669491379262,43.6806297588001,0
0.29164358988531247,1.9490465097406366,50.39612868336796,2.3141871982545936,46.9709139388912,0
0.45246771052028123,4.194496143130132,63.75311600718608,2.7448932298431057,44.42328100142942,0
0.40589932051409233,5.083079998818267,43.038750978338136,3.193228176365452,40.29798770897969,0
0.3512609169854621,4.846866143774199,73.15862465739261,2.5401453959178024,56.61566062324123,0
0.30326870727440614,3.500609246703454,48.24127507665525,3.6640664219593706,43.88730193967019,0
0.4975308273968728,3.5156252797309695,42.98986437620578,4.285886443550034,48.93012457063886,0
0.3085435919445686,2.3700468953969227,50.265382073404595,3.3054382045647284,43.43780936054822,0
0.5011516519512274,5.826070450467577,98.35212382710569,4.3973634906921335,56.11986407050254,1
0.2966627103003528,3.775755049399125,56.44220611311712,3.2370276144921792,44.12882476201453,0
0.440046672151306,2.7927768866064664,52.11374590874682,4.753446291479984,56.07534755627821,0
0.26053619916624376,2.126190960966081,57.919425583664726,2.1094572594976535,43.41509107573571,0
0.6348129754948213,4.315105674475976,82.03043830084212,5.896254385307172,64.73034496659062,1
0.4150494537085527,6.742473612293056,135.64733796482733,4.672342991881884,67.81131920941499,1
0.29711196616068847,3.45138522640013,30.195834054379755,4.06045710019473,45.1295774864724,0
0.38177423568036045,2.4801835072200387,32.55814460149894,4.445034297220092,38.18761608307999,0
0.30597318804997886,3.833897442633699,52.457021681069016,2.623499589831972,46.06725315687709,0
0.7041932616892015,6.08358109282732,94.87157252569344,5.385849640217378,54.73502913942205,1
0.935982334073276,6.319697399867456,113.62155848770149,3.752065724087317,56.23012430520816,1
0.3157951607513201,3.3524379485263385,64.88879770764328,3.3241926382812634,39.57103631342411,0
0.5096850036450813,3.9039111844899006,57.60314422500383,2.25359278164778,40.9560338062742,0
0.6604927385991949,6.277176368917783,119.71437289668431,6.600903221933486,76.51392042655962,1
0.406050872846683,4.84628999661584,58.53475412593373,2.3366424648954656,41.3818005979959,0
0.518502633426821,3.3272219083703582,46.794788294172605,2.1044509519520567,42.27332083477706,0
0.2533247113251248,4.356206109380042,56.7567060287747,3.260123489282161,40.96181501542361,0
0.3231284352550204,3.6740993729398053,35.44308944453097,4.074890815783505,40.77091798219072,0
0.7690830445249452,4.101579620928389,141.19570012337076,4.647339319850242,58.69561407506705,1
0.4075490930286837,4.016284789219974,34.516359942586575,4.056750589490432,35.89533094609596,0
0.7532594635895287,7.436800587074373,85.57865223264281,5.359515627975064,75.83188099712059,1
0.8271377641659702,7.60737738889528,93.75949574476269,3.8508008422534603,67.10282398722744,1
0.2638108050880265,2.5651285469471765,63.31926213510622,3.880642895240392,47.129718205545046,0
0.9540168628470438,5.708828297385506,81.02405614644803,4.693378784326098,63.428048985148294,1
0.22490333266077367,3.3253349192017825,32.9535718382298,4.153694496239066,53.20861630597252,0
0.5850381980687566,5.10804192168235,132.84896299498158,5.390908611537267,65.35659319944246,1
0.5231274183517234,3.0671763186823284,46.40470519996171,3.1402183565747546,53.839754992473374,0
0.3313898981212341,3.0881580064683085,50.42152820259854,3.396284383294038,39.01602577401994,0
0.30328337943696954,3.1563485992313947,72.03946695378959,4.100282420566938,41.425931531929294,0
0.508940729921488,6.508373261328517,118.57835206657711,4.904374517729769,56.987890525511915,1
0.5137030658147463,4.766278213328002,70.71311562334616,4.1394572258072655,49.453353599857756,0
0.6218732638830565,2.916361614589994,57.90475697655685,3.2376892411681735,43.14180546098877,0
0.366504689875536,4.269730688447715,51.43407499243215,2.760520849577566,51.99733043685121,0
0.2452069020583981,3.8856654848915047,61.64629835620383,4.01729066750647,48.97067307502522,0
0.12966899559060724,3.4830280722261393,42.06399375062612,2.6514943083636258,40.113002971500556,0
0.32493200394124816,2.424720450083628,72.55170811331679,2.543416658348284,38.60075147887936,0
0.36746577965796373,3.4839129184880586,63.990650762931025,2.8640263692350474,54.59522167822435,0
0.3115615529720316,4.015819872413768,52.111601870768716,3.4376331496374326,42.460787826956086,0
0.40580551389827807,3.0063178900758802,61.41176953926377,3.7417668445748298,42.00323815390184,0
0.3721552326161472,4.769429626919859,56.11567051386974,3.637231650937828,53.07572187241667,0
0.27003165484636804,5.1537893094057665,65.5294698658437,3.1197844629521434,47.46260086115459,0
0.4609141401671211,5.996615185858328,56.30438680018083,3.546229518224687,48.49713207204143,0
0.6956238540687123,8.153305552856585,114.48331533838623,7.606176292002486,60.75937893083172,1
0.4868252907505203,3.3284167100532445,51.71931737500039,3.1167478381518814,44.72142103075551,0
0.33687562245421954,5.470119635675716,55.086621480702114,3.271004937886396,41.386376764724055,0
0.31299865417943473,3.223906477589723,60.144636074873766,3.7733965035883004,44.120209084109185,0
0.5494646794248698,6.130465847057963,83.68964309584851,6.306357452570876,64.18729941747199,1
0.43127954284170417,3.4477326240687822,75.39241477054483,3.405581753992284,42.39341114222696,0
0.8087356899297842,9.87062003790603,114.26162601484437,3.910818730383956,71.56883406734671,1
0.41641441704958154,3.298585195977723,46.674849693425344,4.080946259426316,47.713576223996796,0
0.48951982867296157,4.015707196779342,49.9153183916209,3.202858902474627,49.83641698231595,0
0.21817732421766206,2.775881760484584,70.03185886668426,3.1050707914480387,41.73675519387445,0
0.3986677199657093,3.070949051934046,61.94912684210486,3.2192666837642117,44.55013115644301,0
0.4417695270081609,4.066511885906145,47.10211316542474,3.3855458486814167,35.173743337982415,0
0.5148637300901748,3.6487462630330145,53.5368601999961,3.1516356791339817,42.810830505439995,0
0.5222860965305307,1.9768059401122688,65.0519904025357,4.794882375757549,54.970468142697854,0
0.7852575986809756,6.440531203617858,51.8062293098068,4.640278064869544,66.08290254892009,1
0.3743275376576165,2.7926473641919833,70.32105777895599,4.14781882568572,47.64628086266541,0
0.5239071267567901,3.3092580546037276,67.53965558736041,4.451850908629857,44.72143968950162,0
0.3350772510019801,2.093812453472056,34.80657453472744,3.7270471926888438,42.18532568806503,0
0.13631918728361822,3.899956766066553,63.15225014039584,3.632319013422191,43.206782174046424,0
0.913506264382297,6.745482381253039,103.35758707103825,3.990155401330341,76.66587453904731,1
0.4625496315387103,3.7865485526523677,50.287149061245195,3.733442980959643,46.378932208259165,0
0.40325251225530945,1.9977490307169585,64.79651130340737,3.2044960018741597,42.48918405670351,0
0.4865897657303444,4.217556354181191,93.80192395898214,3.4111110491639964,37.5274018504958,0
0.3541334288724121,2.807012734487814,51.60874178226759,3.18932455730496,45.2876278559008,0
0.3315441353067207,2.923453437345669,63.645327755115495,4.031033254117298,45.87158540141262,0
0.5109336273861129,3.6949348710255268,42.94135710016188,2.9644834888865472,46.34360294732372,0
0.4152934610957068,5.345393091803998,54.241842062002824,3.4349564369599204,52.11909218356038,0
0.059112413123322716,2.668896606631708,68.52394602317516,3.03359311747274,47.12886483562325,0
0.7106383670989143,8.81952231806429,144.2208365631472,3.6250631206489667,67.5655531638564,1
0.27611348337565994,2.646764974740098,38.45681934773582,2.2033449149498816,45.601920334854746,0
0.4110845681211226,4.376385760543592,48.31572885918351,3.803405109292974,40.881965603439454,0
0.34483616620069685,1.6471408178624343,61.057761164849005,3.747602962252533,45.542484077079386,0
0.34399640267194737,3.5015034363612516,65.44945116222323,2.843647813237744,52.91942222915401,0
0.12324052535686647,3.6280640933455652,69.78313989049447,3.1234754304521615,33.48179993507219,0
0.15064688736521345,3.839844097914586,68.59474206269635,3.763262211478233,51.23747256579517,0
0.3514424565519648,1.9853472246252444,49.93551478592478,4.224918883424948,55.49439731614876,0
0.25340490398958765,3.672131589650149,55.900137068151786,3.8571623418890795,48.92158264656004,0
0.6667050278102407,5.221736529148989,94.4814600696607,4.074626437209629,55.254027911221336,1
0.17519703314332374,2.9163285707875786,52.19272050785931,3.8834404836795504,48.4592289355554,0
0.8333629972656469,4.937169075847078,103.6837151805119,6.528892768545231,65.39825658202194,1
0.4707431678575513,1.9660465510075305,42.01384940522576,4.233488257935627,47.55853832162475,0
0.27925941749739186,2.406720473252529,61.91220897381357,3.128709330558906,30.2697930044572,0
0.5319406917114818,4.575600045090916,45.50377519509497,3.7079036738709426,55.77569821373079,0
0.25973437563238794,3.9392473888240587,71.94632053999496,4.176496194350292,45.43571973070199,0
0.33921440135917325,2.2622861562606325,47.700831741473934,3.5028935040577163,47.85225269230615,0
0.47673377723491117,3.3307599441521165,64.47419292825775,3.45964151678906,44.88321774982288,0
0.3872085838913056,2.689190104293619,54.1884335286878,3.9388791118062056,53.21034862186808,0
0.4305676550516486,3.557575448298885,61.174390304493464,2.8611652731156885,51.28052714112385,0
0.36545484778157106,1.813626604284578,43.68964879326764,3.006490546696863,43.73127476120608,0
0.8179004223503745,4.4699035477140034,84.65999676074682,4.656959789827884,55.30074124752193,1
0.3696601348348337,2.9920628980496216,63.804276776836424,2.8078240563239136,53.70292337699732,0
0.2922031306469683,4.438301862345032,70.22599594120692,2.8466896511739486,41.70484074723768,0
0.7278745936656064,5.194596929280516,96.16719832567071,5.779047675794314,68.34064711751824,1
0.8360706490778597,8.873008452476885,73.12949787854575,4.742257396180274,53.738045616380546,1
0.2784172242073366,3.6065598256420888,55.19802108897306,4.353919703094945,38.89192119885076,0
0.3679299803136281,3.459108873986837,47.04861819791185,3.353644380800589,43.65090076395696,0
0.6597009958156759,4.759578991788463,128.61874208528727,5.360891031990541,61.99206928681744,1
0.37387464420850064,4.12837304850655,64.38628844753595,3.2287565567528427,56.961065925105984,0
0.4954090983585484,5.195616267933,45.06941186317251,2.78304136040718,34.443208981302845,0
0.43221667973095224,1.891384444949639,53.58886619378161,3.15065566733315,37.74615588218201,0
1.0296434819384608,9.221891951515804,127.83144435339435,6.15346726208615,64.88619150614547,1
0.3343107013802346,3.622613618730091,45.74960593485547,2.856522438063412,48.73526810773657,0
0.3363394774638429,4.92746918504435,46.94800463228368,3.6587651843908064,47.12878400312984,0
0.8642303381314944,7.86571445253008,88.2152702328523,5.374686003719565,55.34942587966601,1
0.2853074153624073,5.095271776568201,51.90281352424572,3.725515954308904,48.18171278543516,0
0.35321191541026525,2.840178604409992,68.07597774684324,3.420733076628465,38.29852346060079,0
0.4643554022661967,3.059135641593529,54.77488048691644,3.7079448947608786,51.02646942427687,0
0.3311466400197933,1.5,39.4188163708417,3.3677931368577885,36.76879461226997,0
0.31927727980872656,3.545784695068396,65.27570772346621,2.9085542032821303,53.01518216999833,0
0.8478906455779556,7.234864783809173,86.22778280526961,5.9334268843712215,62.951143898372536,1
0.6702621060345483,4.440680045735582,83.14468092927198,7.0678381730458195,77.07417612455173,1
0.585530138041582,5.366634502098225,134.89341022144535,5.9199299007335,63.8390281672646,1
0.6905711500864488,6.8723627496339645,89.61794931481772,6.634224698422929,67.75399094819177,1
0.24045076695748835,5.0136135990276545,105.10539703567844,4.22503029214538,71.23896604910827,1
0.391103047090867,2.6632290335964486,61.24504899160472,3.7946390332916025,39.83337895023388,0
0.46753558107186566,2.343166160860119,51.70390402904875,3.3340484095541423,35.709003983028275,0
0.38792194061087576,3.458663358986813,54.28446841131503,4.66710756128834,45.54630187131945,0
0.22667813327619118,4.228271756646635,54.12357772246609,3.5904054791466247,37.57146075820526,0
0.41481436878406386,2.6248028367820804,55.97110279902595,4.535310260180937,47.8469012209762,0
0.6142171823231128,3.391176349637937,60.991834820245465,3.9957499961211562,46.014771013525696,0
0.4358533281478262,5.726294673713278,112.89489593187652,4.91012073827495,54.65395819755617,1
0.6655298577816456,4.964429439372601,103.4796413984438,5.251107498585677,68.96698456184971,1
0.4525432635677086,3.210139163515707,67.246263685076,3.604831649833645,44.40247510302324,0
1.0051849869772045,4.7055519721371954,134.71742417564087,4.506848327264013,62.92179344311501,1
0.32456464844483285,4.806988514155766,69.42432740764569,2.9460130605602703,36.540379970395236,0
0.4094294314739209,3.6643850580471677,33.08975481000218,4.732616077885071,41.750687447523106,0
0.3627967504489067,7.559822971271129,146.5598555727623,4.897195675519252,60.380499852499405,1
0.3901589442079904,1.5,76.18427387792347,3.29340716228823,50.472325918510776,0
0.38126188880463086,4.228473848619475,99.78506131986607,7.22441286059741,63.8787667845639,1
0.2355515509980069,5.499690272093732,56.668420478724244,3.4579328477799,41.29249458290681,0
0.36248966414819334,3.5272043831331534,76.02374925595558,4.0462920462593495,45.17899316393276,0
0.2862037573901698,2.918260267592151,78.23323360363017,4.263239950017349,53.827741719131495,0
0.2018140806169053,3.929705947817576,42.88860964900748,3.779158246233754,46.48171924604426,0
0.5095153077875463,3.0638596823608495,38.855256839707714,2.7806384292077038,45.218995238819595,0
0.384437004611016,3.4535665053461337,44.197000265181885,4.1479014504690985,45.798658357755066,0
0.3510619233098012,3.6590816712653105,36.49381473368354,2.4998146654887634,48.92729211791683,0
0.5545401370170164,3.926687791742337,95.21685840414345,5.209816409743904,64.66799521122498,1
0.4414366699768319,3.410144091244334,61.33984387934652,3.796788895967869,54.82610134683219,0
0.4646885579402241,4.278399178639889,51.30802240979702,3.255070495086586,36.62510157582802,0
0.34503027965086913,3.454116742140514,64.56837987039377,3.30146571763898,39.43619348437792,0
0.40235276267332953,3.837237893540786,39.485557251871015,3.188945221186851,33.81339494437405,0
0.28882373209197015,3.1214580516612633,50.87319291064906,3.4654023937477563,51.54582560094475,0
0.28930706627396363,3.22913778698456,66.72379276814358,2.2268330013577025,57.41020626639514,0
0.678834952777831,5.841947167294826,137.36239690744486,7.840338430597052,65.83266852338444,1
0.6528041143954181,6.83602706937059,111.73554829080373,6.070750048072317,67.18035552131636,1
0.4085216405688399,3.527037837603089,60.4023276677372,2.9765286485735674,48.610337726568446,0
0.6167717885633169,5.3757533422212145,107.50928405993122,4.738965962507278,80.72565680560322,1
0.3501485857775103,3.4321876558096367,43.47107064210938,3.651062156745479,42.967865523088584,0
0.17714675037157226,3.480359550432263,69.91706329117471,4.161697895923654,43.16608110811991,0
0.2919767133737965,2.698270928297259,64.03295885798006,3.24010317266825,42.77908884951498,0
0.291274120526189,3.457337394318726,72.7874775923415,4.347522526022079,47.32477059728785,0
0.7272457941761844,5.633299342114761,133.52334891649372,5.527450739548317,67.15462015104322,1
0.2384967331407933,3.585835401748509,31.27376747260492,3.5853943349049344,48.70824615341609,0
0.6948805542687692,7.507402546929921,72.23591178385988,4.400625914014768,63.52681576644789,1
0.28212156117167486,3.6781804561769285,43.209274110827224,2.6063666049965253,49.86675152639972,0
0.41405820901000834,2.8144252772066443,65.4315945516262,3.0895492260883075,48.04261193022152,0
0.12401902233601586,2.7689005930583055,50.21764840509167,3.5258454600144975,42.78374308628664,0
0.48779543803380476,8.654744655958439,105.24990476699995,4.831220622491206,58.0299711251411,1
0.4983657386303293,8.903740032464672,92.21519004522051,4.673825774947833,61.59485324637502,1
0.3834009005835969,3.1913082809933937,40.419405675113524,3.1435951871831156,46.627665382695014,0
0.07753563784063672,4.0175453050523515,78.88827753275248,3.743182011548235,44.810292471669506,0
0.29792718687630015,3.3169425869229423,63.69123206461294,3.688749172035447,43.125927328920646,0
0.5620588087237618,5.449989089993737,111.8365010115534,4.952336231677305,62.890425710293854,1
0.26553553422363235,4.45546061414637,59.74543915955869,2.6328638601304015,45.09955862830079,0
0.7829802030657411,8.217719086212746,65.95682719095946,6.156488874733111,57.34299527788841,1
0.3416793700442521,3.799855416698083,59.21951198828019,3.270443926276361,46.92607075879936,0
0.12588862197040918,4.063664494849653,36.20662223550403,3.5961457753691937,50.7947607375885,0
0.5813603541987938,6.817352022031185,85.12219509274662,6.31477640858453,63.116122670662705,1
0.7766301489088985,4.903481913197999,99.7558435144489,5.053392784165444,64.24178161935524,1
0.4111785579319101,3.840729494126793,32.9443043294889,2.7429063520523016,43.565530578707644,0
0.36024274447853954,3.9683444633117624,64.2054979842107,3.8754476933271182,43.14514860678852,0
0.3982173365255917,3.652182240384611,68.16753379924144,3.151377308841273,41.054839967745544,0
0.4758571655743009,3.493809413959874,71.74926583374702,3.613064483989508,51.306617833307506,0
0.872646249254849,5.306026362262186,89.5706582973873,4.842101132419929,57.60865628414377,1
1.0162836610422983,5.845238168683126,161.6871547562004,5.301711030355015,71.9068886441807,1
0.3700649088719357,3.1284939169886985,58.80484542962615,4.065242005761173,44.662880313550254,0
0.40513067499055533,3.3132058504521926,75.91910049843628,2.893552631574018,40.089004069552566,0
0.8957523297351161,6.195293703128939,119.66454384769175,4.543887980642788,61.739139173329264,1
0.3491193259064217,2.3196676918755283,78.96360799937061,3.336595069736074,45.88656077875819,0
0.2948038932335265,1.5,46.534232211635654,3.076720400410451,50.02532963289897,0
0.8084220334128467,7.45252815241519,46.17618648898589,4.598241568050239,59.24011334092867,1
0.8004346846035418,5.772068998499329,122.05233138211761,5.456810042267737,66.02595100995745,1
0.3082717973656926,3.2588141415511744,58.550695374270944,2.641936852069671,42.24163059677532,0
0.5070843239717366,2.3040757555909095,48.31997969307898,3.9251424313252876,58.96514810799478,0
0.49030336078350645,2.5198328760689805,51.05869865314587,3.6345583311064784,37.01169913891579,0
0.41462209361485464,2.9757051713166116,54.32808409962317,4.0888915905575285,56.77500885627565,0
0.4270576038071846,3.633889402445597,68.51724241605163,3.8647391100984865,48.08599833728636,0
0.5773554491622453,7.472795962839133,131.5861129946884,5.449507465551881,61.16876790890546,1
0.4490243286339029,2.1319233261070556,56.4454674209355,3.027965565927966,45.29441234973815,0
0.20885766471685716,3.310010972593045,48.23797265026182,3.5251312633695258,53.4381294670505,0
0.3229892173397098,4.588329402534675,40.76955723706076,3.7703764483969366,45.62286025381436,0
0.350810388085432,2.828060999755814,60.546107473002536,2.8951679302145337,50.063950083530614,0
0.7631813559987219,3.510595066974048,117.28469164379385,4.703759606566063,65.48501821684845,1
0.46236952745807247,3.285798971664335,55.701753076699596,3.674738427769326,34.557167033927634,0
0.6635212050133669,6.616152485648392,111.65879426213887,4.794242047660165,59.91268109632625,1
0.5054278609038708,4.264712660564392,59.99328577940455,3.613662695458484,58.98390139446623,0
0.19966711039889742,3.748792568658901,45.20790167847896,3.6499928390751943,41.03335588311465,0
0.44252887361540744,2.247302043515835,62.052106455554224,2.5378093898998464,54.68483420213889,0
0.5763850233647201,3.306646476717293,45.79207367870348,3.335630146195575,41.8843311181162,0
0.42906794216302885,2.7691068016015747,60.460718282958524,3.2776776150182845,49.08260096854074,0
0.710138350698903,6.303432834661157,94.82631895370741,4.799488166953637,70.46449163440411,1
0.8200455143471639,5.158030729820449,109.20698603544689,5.980229774729228,64.96595900097229,1
0.4735946994245112,3.2460846560905536,56.91028164264064,3.536490092104826,43.74013988167056,0
0.6112457732153721,6.424570409277613,112.01733790307125,5.519838623697724,71.94170741874771,1
0.6008321159160716,6.010560704359185,82.25573326084475,6.376876881181374,59.63996473060388,1
0.44137797840322435,5.560314495667306,127.69570654725408,4.311457199111515,55.486646290161666,1
0.4834318411371948,2.7768133662313152,50.084370053011675,3.145335839591396,44.26400627763027,0
0.19488432512226148,3.562631490683679,48.59934573667632,4.298539681652281,42.40003367979817,0
0.5204678915417847,3.294809208435495,55.13670175000573,4.322623360478285,49.84982972516742,0
0.9147544648036652,6.3722600036284796,122.4012408915398,4.129292818148922,59.050390360353305,1
0.44106602501393144,2.065401997988128,56.82661779155695,3.5264114280814307,44.96711007596926,0
0.33330910192399127,3.436212240291067,65.45143020701781,3.66971028739125,40.156639470151745,0
0.3265061300019336,1.98192086851777,66.31066169812274,3.2035356234629764,38.266899820725214,0
0.537653595726679,3.390811381632361,54.14225807605611,3.2385157304571894,40.34019857902807,0
0.8575292906794788,4.86060539512832,147.91489676772193,5.491092033712263,69.60188778909452,1
0.41553915837316907,3.5272679192854923,50.64595359239815,4.701832814701156,48.54786637264409,0
0.31069092387187636,4.735443141006629,54.36039588538118,3.6821607803389496,41.47915074949617,0
0.381259642083772,4.316973354696801,56.149690133870784,3.9716053510361675,51.14085036332976,0
0.5134172060895471,3.8114801780692913,49.150279375352085,3.3458526487062463,49.222632978777455,0
0.5323020045781719,4.810580769539836,105.62985934192866,5.561066333060272,56.97768794286648,1
0.457718576418761,2.766386387103654,54.61584333803921,3.6250866575842657,47.638974043241454,0
0.7604833152885676,5.758266756258647,87.32011412962352,6.461504617270296,51.931552610625126,1
0.2696350870602147,2.2568072159691583,41.95169627531354,2.866731621344456,59.99383980823531,0
0.40971049776170154,3.449803959553405,55.49932418435217,3.7999269359026036,39.418403290828856,0
0.7486931083498205,7.417444003836007,139.11739455196033,6.328472217434615,79.25877948115203,1
0.2895919051302656,4.11097095621389,58.964625935458876,4.174454476647085,61.82420524641994,0
0.40015578809440966,3.04499114366325,62.1959064906443,4.284404638073406,38.341173690582075,0
0.3867875097455405,4.016148972792494,53.59508006702278,2.6505677486797534,40.71752716284229,0
0.3137008700666756,2.297049312254356,67.42841058267557,2.124641005281612,53.48406926271402,0
0.7241745543119529,9.374936741290334,126.2800980212958,4.786481977774332,62.69899015117627,1
0.4972578253866408,3.6664168228874483,56.15513499722767,3.1891701645307426,44.59122257877106,0
0.4621531491697724,2.7913307745922022,51.73379206397254,2.598578296178803,39.49274412768419,0
0.27788434561320696,2.981533181217134,43.135759239234176,3.4593048730357894,43.97443917731121,0
0.4361152587174785,4.14234837717141,34.541618390349704,2.9923165428315586,40.97465813184874,0
0.280292583479512,4.856741511674312,48.456982375989284,3.839244092455607,48.393785576257244,0
0.5173633549651557,2.792118086014882,57.794581342194704,3.254245251032071,42.96789396761736,0
0.7508353402930402,3.752771371885506,118.08287848563413,4.238782834283469,46.6385114721696,1
0.6462221256395984,5.210669208921095,129.05763192172435,7.007549589102472,74.08304109602729,1
0.4493880180560622,2.9111644144402975,48.666930665088145,2.9856996025524625,48.774725056287096,0
0.3666090346121015,4.4182275234992305,144.54820579395948,5.158460322215143,63.688692895705415,1
0.28749559474624964,2.4565657141381796,48.83331845270848,3.8305350475765994,46.27222965376443,0
0.37642782436907996,4.911650464813054,40.7156063651488,2.727714100992972,53.20277016090115,0
0.6302790031116688,5.257546615156095,132.08452290905285,6.149643681215063,42.22447408502717,1
0.49274138624379393,3.9449679598258394,50.424479111438885,4.374227317334972,49.1284523494812,0
0.10322952846499572,3.4212642391657977,67.96502161706779,3.7856899451002115,53.77093461896153,0
0.3876319248646057,3.430943742331779,78.2057727849481,3.0481475836244725,47.68800622469145,0
0.43918378839210764,3.240777011035034,34.7864306254919,2.886469647798199,33.30091448522371,0
0.9257192753956259,5.6845461237713835,78.47159268168134,6.158069758378682,67.63554290992163,1
0.5035601292943391,8.229777094387881,142.2477238571433,5.781317721961143,65.56927273760878,1
0.3862146361192556,3.1895914009967514,49.445329894897256,3.357001566857905,58.792353914295305,0
0.42390135258280787,2.825667391142746,52.83103830262129,4.4375059151436345,40.8043830503548,0
0.7044508150333723,6.191546810454315,115.93282404963797,5.834629634805759,61.241548773349045,1
0.463804025144671,3.4316133512689566,54.89561955989399,1.8927052563211737,58.728847308338466,0
0.32582806030475403,6.173814370075438,106.58869374549539,4.572112015315337,57.98429129026156,1
0.8758222069840003,5.074049680145758,101.0879608138883,4.41272856398189,68.71574766201414,1
0.4617579588323787,3.3280213676504795,43.15610373186954,3.242243653686633,36.358548332425315,0
0.43146017612006227,2.527997998207337,50.06983683880943,4.2487541006914675,34.599787600132494,0
0.38137651353636837,4.524646998786819,61.69251571556419,3.3577866504372276,39.03950153413838,0
0.3856868153571476,3.428971051782926,49.53876145766372,4.060005661292461,41.29717964047973,0
0.3956668309677622,3.6543524993829575,57.46173624770833,3.122872439717847,46.263063737280966,0
0.7133694850967555,5.886846258318454,131.82310930722272,5.345526434202282,66.61150327361776,1
0.575875855073549,6.540331663820747,106.90879787582938,7.446680335264219,53.767160807651756,1
0.2754410172095684,4.78371725067648,64.15971010602992,4.132172514750589,45.620018689631024,0
0.2714239330009425,3.237516269863004,44.03154288911948,4.235596389085337,61.034741889136555,0
0.3762077648461904,3.969246300089715,39.12475668516183,3.6304803555066782,48.739552001166565,0
0.4161528202510729,2.7478116966397645,42.5651083290025,4.17321452043635,44.62493013162599,0
0.24528247445844056,3.946513165197753,45.20536928055348,2.9105882259019777,45.5351367127387,0
0.4248501206579843,4.625901911075523,82.29022036382081,3.4070142439989213,35.951686806430665,0
0.15071576295126782,1.5,71.8855183086038,4.148645123116832,45.840239488267585,0
0.2034438423095684,4.22526121796429,60.68841196689184,4.0425858380921245,49.686597763604674,0
0.3523787153159396,3.3667495589454193,61.50930805431909,2.5984286194737285,45.82142428233739,0
0.14379820672874796,2.9193771697597475,57.60019394391298,3.0774743388622303,56.53572439005152,0
0.48334457191556074,2.720645396351382,93.79246183481649,5.5996229508168645,74.35560206028701,1
0.4942118921882201,4.668095510175183,63.0780840658763,2.9652775395892026,57.992966905923396,0
0.7584662456288213,5.362143793962918,89.85627572722196,2.464899604550965,76.48114539500908,1
0.40012062031415757,3.062395956958983,73.00603736341472,3.372617854797146,38.18639578617097,0
0.5717984054020722,4.164924908957915,57.47930953267344,5.080410668405972,34.683951403214564,0
0.27207906957849637,3.9266977932615434,34.1602946508011,3.9970944120192797,50.580577645459606,0
0.3351496151235123,4.28746746674061,58.68463488454784,4.514262651437947,56.129589006644025,0
0.4708285005567841,5.457638930637932,55.67164304294508,3.1653188495382047,49.575264613893296,0
0.8110839704526992,7.980112105787498,137.26761515588595,4.705010781034001,68.95489584640018,1
0.5340970046344263,1.7143647351574218,57.232205469217035,3.8101705099305603,41.366025372259045,0
0.4299395194591655,3.4091017653204205,68.04033776121756,3.2395988791720876,51.420485782194454,0
0.20213446598185594,4.850780905295259,93.38730291739836,3.248605566045198,44.60927507712329,0
0.5070447632110366,6.364119745312917,126.80018247451972,7.287561528814437,72.73988190216122,1
0.26047753544503505,4.004822881745205,57.366806528884545,2.7775683996086777,50.1368413864466,0
0.6121445231199172,4.084350173822926,112.40205484246576,5.239381022866856,54.2385397385804,1
0.34263083191585697,5.44568498993498,108.94075808010551,5.087413087032686,67.95565775253864,1
0.3560167959085136,2.4129094479299873,71.43551042841526,4.249953237696653,50.21756664014166,0
0.7655195191816827,5.68152617709493,116.86940845193675,4.860130217330677,56.115333074190985,1
0.3108791781068574,3.514718499045424,75.80227646130533,4.57473955477351,48.57591839455945,0
0.7607211405611063,4.488403826542296,91.38192834083634,3.352516564148286,64.41188132005038,1
0.22357430572458542,2.1879383106041845,69.33630958068437,2.5110226769273924,55.229917819795574,0
0.47801903919543026,5.339842605131682,85.20108583030013,6.521472520609172,70.84331523397354,1
0.707769047308486,3.0697157698479702,107.05817145318261,5.216850710179183,73.44602435394285,1
0.5785954662031011,8.621725004907965,134.79001058045117,4.154081098717658,65.17713822762998,1
0.3385745804674166,4.354372058266299,49.938188727197854,3.0843787536741316,54.7886666297852,0
0.2596889232111662,5.098619287271338,54.575985372472616,4.693172558973727,46.24553590393478,0
0.37052892829968465,2.5054210369071592,61.16830245953683,2.4735551404124956,54.357160799267085,0
0.41702860772900774,2.8766732877234644,51.73689099713563,4.194956565103011,49.817275309418704,0
0.07442062911985703,3.454002508678143,46.58093790934011,4.543193918472899,45.40482327947463,0
0.4886145659551041,4.78184376793545,63.80831853006614,2.6495442492045123,52.755329322473514,0
0.5934953633100055,3.2822656297391384,44.19194823937633,4.368096715269111,46.67402641735905,0
0.29312683118627425,2.6380448631212667,71.68655504427217,2.995091421903051,50.322627898508884,0
0.67387069885904,6.814743674908563,97.9422958168289,4.5491842304864445,64.50952941845631,1
0.6738939717732353,3.4327415889896447,68.77262848126213,2.8718011762999827,44.81436068910919,0
0.3563335917651758,2.3747916318931424,60.31649409107089,2.974078403527944,33.22492616977158,0
0.38132584986620083,2.898271360474408,83.29359668049663,4.139929243911675,48.133920359656905,0
0.6789808404263906,3.9729264043033594,117.8251530091972,4.948513443077428,71.9746393042036,1
0.5120336884085254,4.27108977612814,47.072957617877336,3.793599193097261,41.76802304375502,0
0.25217125359922843,2.9394339722069898,57.50101434236538,4.146040633024908,47.12216610270657,0
0.7780493089321481,4.401977555662187,118.36622876299877,7.793821889479659,68.40846005466653,1
0.47223381241099793,1.5,40.49830244914921,3.087599821234482,41.525478516910034,0
0.6423633227952055,8.821124935988394,112.03543942409462,5.591264671390342,55.765782817048176,1
0.22954707113232348,3.7910973504695806,48.665220072089824,4.0050299413610615,45.54491053116953,0
0.44758841351817225,2.7654942039398382,60.90097830642003,2.948894516013833,46.70548606573893,0
0.6437326657925835,5.0613755162909,138.26524369037094,3.7869767294500702,66.95992054148527,1
0.468502733174332,3.3111250187147334,65.1033799903915,3.9927363285690674,45.80248685222998,0
0.5980981199858529,4.3788618371641626,110.67404313933372,4.7966651989997535,62.65093160469398,1
0.66372033290616,2.9987691785473345,119.01715253394256,5.163963145863105,64.72191075306397,1
0.755574318601117,5.41165349885904,126.59680290766968,4.837695509297676,58.96335313268354,1
0.4405279117337069,4.142501812436737,47.84489539570339,3.540794839380956,42.579925406037226,0
0.32432138066384325,4.173052731186843,53.972922320670335,4.1726037012554755,45.94767594872181,0
0.3726351509811979,3.4698398670700956,47.05182653584124,2.4214973241324627,49.6296857334182,0
0.46968476793887964,3.0765718206310404,50.4262661552659,3.9515009099849014,48.68473540173675,0
0.7603342449113518,5.340254464450941,115.83183591367673,5.8282452891403205,60.90272594185885,1
0.6506349566904709,6.337854715563209,98.18432955247638,4.736404262687133,68.76424261333737,1
0.25594411586191146,4.426839207328796,78.69213731992781,3.050981163538242,49.35626702310392,0
0.4952832535378978,4.337324321011253,88.1975930130275,2.9255620513100737,49.24846666502752,0
0.23534679839084713,2.7407429054483696,56.919178920710756,3.555854037734393,35.47557848945972,0
0.7057617507441318,9.608544021098346,97.25114914630076,5.374790505039937,57.40032344191128,1
0.3282590080277925,2.5885189952493723,51.66087953958905,3.7432829559379046,48.652286106011864,0
0.39995745377453984,3.3320667421415098,61.61037286830684,3.7082760474311396,48.25034802910514,0
0.45746093796354836,1.9235525407725482,46.845714042060756,3.607143747821484,44.33227880404901,0
0.49784349928225774,2.662339661862973,70.10772994686522,2.6418468627994445,52.875697008361016,0
0.44196443808680674,5.005845262929,57.81508561876531,2.807870823273981,40.8756773850276,0
0.3364490239148343,3.5145195839507144,46.155886433383706,1.9330220049760205,47.99843624260314,0
0.3490493008903729,3.707754995304872,84.6761896470817,3.2948524226456795,36.21526674812404,0
0.4169425382626326,4.726735092766758,45.78596184924145,3.6165351178354457,46.67901194976041,0
0.44093488565948563,1.6369168921751247,77.28552823531727,4.58315911118164,44.46273745822553,0
0.27616511228057977,4.961795865820296,67.11275585129816,2.5130938768257396,45.48259267198835,0
0.7083735088415718,7.28971711783554,66.24417662094663,5.360317091300003,55.21562650204504,1
0.32780357730190574,2.652536562281722,71.9616882063442,2.69823829901887,44.625427207204204,0
0.23921749465959774,3.000693136669476,68.59314767327982,4.230677730891903,43.891513028932465,0
0.7710652505246967,5.936555683762521,81.8116700730327,5.307369270155066,63.299680869065284,1
0.37540230493369364,4.1540059329751555,51.86218464115093,2.177538096585728,49.20507095662155,0
0.32813227118050564,2.7230856756111925,57.78941734263885,2.8823196356941603,37.216332074589815,0
0.7414873978581203,9.900714454235798,93.67684701030285,4.570533602579881,58.47273626346252,1
0.7345058850815556,7.187396292165618,87.81748337894051,4.987760279205885,72.87251792981866,1
0.7514762743318234,3.8793895958835716,69.36494098701466,5.783280306397476,70.66259123729324,1
0.4086829822555284,4.337414589733413,53.4186181245409,2.9104419152447623,38.362802643968,0
0.3978111304013575,2.924620595572244,38.025612184671644,3.4411927266773845,51.49351369950165,0
0.27933628745725486,1.5,66.60928552165488,2.787755946346713,45.50019681461298,0
0.3238081985041683,5.078749863148079,44.61762706200809,4.457636030637565,41.229017382008806,0
0.1291188370090885,3.468427788093194,47.233857389206,3.53207100770642,48.42113746917598,0
0.42969454610350827,3.225000635703047,59.98287907073945,4.70831773662592,53.130053228848716,0
0.7869930592488479,2.839210850484892,118.52515746848684,5.07620804304054,67.06760368842336,1
0.3952025642288608,3.0513764533074044,66.47198326768147,3.418266354206219,44.94415505158313,0
0.3268930825402891,2.359671995124071,54.195904762383,2.9103397151406702,39.393924791475385,0
0.4574562955803763,2.8763484699736437,77.27271857580044,4.509353702344859,45.291073070534146,0
0.3877461040060018,4.417473536608866,65.73485188137712,4.707933584969179,56.15893053560282,0
0.7257195114866004,2.3219790131534515,76.66741102378447,4.342415568085795,72.61279211668383,1
0.6033289775335031,5.275917026836246,104.49803653490585,4.922700250215546,64.69528872419002,1
0.5040090237806665,2.1664759160615468,35.33464412121697,3.891418054035432,50.43628530423408,0
0.4134803401933286,3.5451000610154955,55.097173736186306,3.238929181462527,52.48634602030298,0
0.281931759986076,4.061385761781112,54.544052762948006,3.9938176287429648,43.79302691558969,0
0.734097360753923,6.262410496877089,64.00691999999782,4.195341579687673,64.96435860078489,1
0.32952754575357696,3.145327080911702,34.54755354720853,3.6217450842353482,38.835984064419996,0
0.3425013762610481,2.95664458226666,63.34428041173344,3.6196101524611493,38.09182338473344,0
0.3518584721525094,1.5995421709134714,64.11163147234522,3.5808915582004226,35.51833518893879,0
0.8389951708987144,7.442724109018538,143.5533197417207,6.82287258664748,68.5618476890845,1
0.44652707408056247,2.0565787438238297,50.638299952464116,3.6901595891563126,44.932034314719964,0
0.2545772457683726,5.224357023436687,44.70919084734271,3.2370757368966516,48.329659835844986,0
0.5510262521572716,6.410438273052156,136.06615014295642,5.181762831151221,58.48623438730888,1
1.0376774770446304,6.273588799164168,100.64705384619077,6.794681580229805,76.0897189435963,1
0.47320859780937863,6.274827127698103,120.1868956427253,7.468917076421796,68.26962481870366,1
0.4199589387172284,3.0825261445538663,60.09862235081779,3.5320977845373647,41.492594083161826,0
0.789569203271516,4.028592970499703,110.45656027693133,6.16996831172096,66.62843159938006,1
0.42297975286977857,3.1455594614624367,65.92849015990197,4.572939754988576,46.160346015083576,0
0.30898437372965604,3.9272267962076652,35.83290372753207,3.460189565295225,35.32094595711582,0
0.891699008360072,6.454072338915153,96.80378874993269,3.369774699839901,62.41219173344008,1
0.5246525922682473,6.143221745300735,133.63981120177328,4.426143953821436,56.023153781966826,1
0.6850067685780424,8.430260773176615,110.76845140804319,4.833090186551554,58.28084706773465,1
1.0626596393929102,6.198264289097722,118.96540968493318,3.360180788874418,66.29081114917491,1
0.4865070151608424,3.806069860253523,51.282549234416706,3.752933756387761,45.771364252907134,0
0.7013884350109157,4.827670488029326,102.5739166017267,3.8066969197729335,67.01265314354906,1
0.5944003245190091,4.5729586601479735,124.99700224413807,4.142032508373121,64.18574697600891,1
0.7208420336900363,7.038312913384871,95.09410091858733,5.711585733004548,68.00633607282201,1
0.2926450080972034,3.7208533439109193,60.101237608761174,2.5668979191667773,50.20790546923437,0
0.4906913935648347,8.459667739160208,116.76972886088535,5.297287455835762,65.3192988999246,1
0.6225640537915627,5.553364175956518,124.15114722725843,4.382047119099194,61.88679245559496,1
0.32073515506204825,2.596971756945499,35.309910361033296,2.53358525807216,55.0501646097084,0
0.6312281357674282,5.90225315256808,114.86462966566914,4.863640902504437,63.49557884455114,1
0.5793039848201169,7.017441991751786,88.78476961265523,6.044519985840736,52.77876359024403,1
0.4292486533104575,2.2537805232072508,33.4567225197781,3.3301322156238014,40.243690950992814,0
0.5348230047445088,2.8809718983702597,64.91348252383317,4.204109540134729,50.441645844949306,0
0.4764197964489672,3.2608944289419663,40.3704109858287,3.9940967200631916,48.331157831476986,0
0.4499427672092525,1.5,82.91430563577134,3.5149005791224748,46.64559071963781,0
0.41324840403340074,3.3475661788820537,64.44234687810714,3.339336439896847,46.86302436490938,0
0.843991791850396,7.217613621998576,148.89873611788133,4.6573143251064115,56.30094997319666,1
0.4197994239065481,2.742777561352797,60.25750590929137,4.231785967109078,47.61457934648338,0
0.432264087408281,3.2132563677973613,61.893843269741396,3.3528741854954918,42.065091208802194,0
0.8655284973309668,6.495836483584519,113.43846950408626,5.710401786670697,72.1030953663369,1
0.26190226979486764,2.970686179376291,46.871657971525686,3.531295977376622,58.186375763734176,0
0.36901819614550047,2.9953898283822764,32.924854088965496,4.2818376035162204,49.89451061856072,0
0.305836629210304,4.340175933748576,63.7747648225629,3.2378547547609746,47.747295527901336,0
0.38588037038792217,3.9594398484924205,35.40977149597089,3.6726729930994404,45.080085647660034,0
0.48388574553943,4.048918945311406,73.33919640650782,3.4337657884091306,39.550174278347754,0
0.14487493443113536,3.1155519602745283,36.52942622969144,3.1307266503043514,51.751449121228795,0
0.4496155155913017,2.680368980220785,58.17831410867347,4.2588775905731495,47.42827740826947,0
0.4101226638139302,3.5187158052133736,50.04722248662941,2.6869923543294316,45.993244603620205,0
0.26390228409487254,2.1118788150202503,49.818048163707985,3.8218392962766057,54.36305801603778,0
0.41334120734453633,4.439349225733738,45.57936563438706,2.7633238191233174,38.293074484078325,0
0.34885203382248436,3.539600686171106,62.597660778194125,4.458587161004495,41.95710357231197,0
0.41871238479005235,2.4271187794701525,48.541101285536826,2.527435405086837,56.91296623271575,0
0.8240261228224933,6.872338853404807,69.1275447301598,4.180316012240836,55.70960959875,1
0.3758469462106616,1.604512534256553,46.152590205510236,2.770817590344751,43.15249315831078,0
0.3109653709919388,4.176596703983538,41.248749179918846,3.192699266402588,44.264087774613515,0
0.33141390264097065,4.806923316168139,47.489125252610336,3.224308986537732,40.477562150380166,0
0.6239918376142501,7.363894201153984,106.72243715101413,3.994536502726869,58.312025219433224,1
0.5409633180341518,4.240558199194012,54.36177817939507,4.57499576368691,47.633482489765214,0
0.2564504219703242,3.2467365843808045,47.94323495055147,4.041423754977367,44.239886877763055,0
0.0786513565481573,5.556952306956239,35.284185277762944,3.603513921476586,54.90521633052174,0
1.0075182211663467,5.19791699431913,107.22126120269274,6.159927208883809,73.04607422076357,1
0.3594566051715212,3.1841751853097673,46.7650363837666,3.1311463451147774,50.819483638284304,0
0.251342899727329,2.0386939670482382,35.10691791491318,4.133664092489388,47.39244046995484,0
0.3670628059032367,3.146892727982857,45.192259570505236,3.218549308092627,34.520030847601916,0
0.35758399527629975,2.0159759208319983,56.12393017173825,3.014542306443239,50.536947062518095,0
0.42118250968768894,2.330494912972717,65.76868750389976,2.256997205107709,56.57065828342135,0
0.4645464142046006,3.187368970159956,54.46172573421624,3.522247737385679,48.85950281928754,0
0.7886622109320314,9.267881029261499,72.72427539935175,5.0159924123625315,56.59395399063378,1
0.6012018723640565,2.816935745691027,51.080754440840884,4.358468983638649,45.3941276998637,0
0.4542426499881762,3.0907018939998294,65.82752389357421,5.040431852548446,76.9677709161463,1
0.4613661759254215,2.3604759228098064,45.1323438345227,3.4172188654476363,48.25427592347906,0
0.48998066716013244,3.586630260116922,68.09446108703395,3.5834291618337013,50.81135512065684,0
0.462440271694722,2.4387500859098066,62.79097361353873,3.0416275624629607,54.65524305454725,0
0.1530437895514783,3.319078779161129,29.33194331713682,1.5893257274706372,59.744345378901066,0
0.31091273079020887,3.616413704666213,38.05552584544582,3.341386431476385,45.354598469234276,0
0.8493667053542,4.195531237491725,117.95481368835152,4.5797681624420985,61.32673911476709,1
0.342287088179918,3.0542124444396226,38.13674263329567,4.013022167032068,52.22062472224602,0
0.5290359934545614,5.113148083463476,98.25902329995407,3.722737677764635,70.47249770086216,1
0.5072743168111142,7.674880723534064,94.96483848613508,6.171468761060026,69.16201291458317,1
0.41122966012930207,4.640750026989335,24.18365023232721,2.93648464733284,48.778089087758076,0
0.1139524289034714,2.027838111218075,49.16483541566315,3.242852741247696,49.8102697925913,0
0.3868968133560386,3.244229508268965,55.83826588134582,2.7403878961058137,53.4818874882321,0
0.4436527797196683,3.0284873014822384,58.20150214953602,3.318677723951033,54.85082264105422,0
0.42303911259265586,2.6904318521396715,55.11946702864337,3.199360357691647,33.05354268573758,0
0.6703398646223079,7.337113436897504,132.43090118698416,4.498988901201907,55.381974538085856,1
0.35364211290218883,2.208914314537238,58.678930451974814,3.79008141734817,37.27528302818023,0
0.19439321226461673,3.36729911022196,50.04362409982654,3.0517531828821145,50.18572913459555,0
0.8960972446410927,7.280931020176114,118.47514561608422,5.8159675724439355,55.0907889078006,1
0.3581285236723241,3.174351091380798,52.067708128458335,3.179552266538697,43.672195201636114,0
0.42637785129008127,1.7836234480417874,36.13029503447872,3.187043216448449,47.566996617274185,0
0.3537720013921667,4.4268948820577325,63.260932646665424,2.4110004155779783,45.57983966431839,0
0.6818331586398338,7.580028737169853,118.95658253291205,6.639576203176264,69.93746336454072,1
0.45850861828004574,6.315130797314075,95.17124830513714,5.112591421564437,61.09830932751373,1
0.4477143816647417,3.150061523115344,41.121774394005016,3.7379525333484893,40.83286087951404,0
0.7408357016828012,5.391306131760869,162.19319674975054,4.368699685062172,66.09918645575529,1
0.4067738808040593,5.068171967894778,68.56047935547365,3.3767684161137614,34.86239500740813,0
0.3798768305802321,4.350104845971215,47.39677301457931,2.9798462528864205,34.456377839529964,0
0.39729561277798126,3.618375430535245,51.77167407626175,3.4277783555664034,47.37978257292292,0
0.7130624118741574,6.581277782176924,109.32497009797476,5.038373916539225,65.37756110399415,1
0.4948117737492544,2.353264960218159,78.99252718444122,2.771186871235824,41.10152753759073,0
0.36279363729423714,3.8690838064207917,53.21833517911641,2.1665746427335093,37.91334411021644,0
0.48368529829897716,3.218193473926075,56.951091770980696,4.776103193995518,38.63279514478348,0
0.6844179481235486,2.2456993325763577,56.79883956868733,3.26474059039997,38.78133281715992,0
0.19041902518540402,4.7645080274972145,74.0781068068358,3.1214780930090216,41.369739994008995,0
0.6084382458444926,4.976242954847136,41.80591616021805,3.622936253016297,54.80255285885089,0
0.4295349005848194,3.925219670157486,48.09738591840661,3.0807711178393564,52.4100578617086,0
0.4115580230121865,3.6459864938576927,79.43221854605383,3.6399152978576117,38.814410453470515,0
0.49889418254459583,3.1369021563250685,53.816379472775665,3.1598840729816486,47.887822543438716,0
0.5288944478526337,3.831793866142473,37.132869712775644,3.439934194261732,44.121204134099294,0
0.39311484472401315,3.0047373389169616,38.01510510012423,3.3854461482740685,42.23318538957601,0
0.3002069325791227,2.6471451681345837,82.02288940235746,3.638606779027429,54.384512628273654,0
0.2543867951243356,4.019021634831919,38.80483850816327,3.224256168570712,44.99979763721684,0
0.46105201840120563,3.086084725435248,46.946427139473904,3.5798606322603703,38.1186509308921,0
0.42622493804220446,2.108917115913116,65.03437738817041,3.702539457928193,41.98725279911711,0
0.5288380935296265,1.5186727709845997,72.08582616333294,2.8813640682063473,38.882710365580394,0
0.6805149400860445,6.501800011782664,89.9348943233648,6.544115014419948,62.12223451415738,1
0.35405823318044005,4.493516163033016,59.803640877984265,4.234739701839241,49.08604030123809,0
0.40586319374668317,2.5294963316724552,58.694390016771756,2.9948074610412103,49.09529663275845,0
0.34469221755779056,4.053080428098799,54.536750849477286,4.321318689156381,46.845714234624424,0
0.46046416487350283,2.56483688786209,61.543277985846586,3.0210261280348294,34.92463523156586,0
0.4270229146332922,2.053850146769118,50.342939978787776,3.5398421762360472,46.123652240712715,0
0.6290152444154289,4.086038520917432,79.1022618575065,5.950475951927869,74.53034758643285,1
0.3699305978639971,3.7987453365739556,59.542015903424385,2.4363365861257065,48.013948956923414,0
0.4454447703994482,3.3705028139578133,40.284173928432736,3.0958911670988045,50.91757155061098,0
0.520400648120649,6.127169882877387,132.65781572843272,5.140070495380228,74.59834656124329,1
0.3303707107036644,3.3918815623992735,69.57741371859423,3.9715003237552398,42.12918567325858,0
0.3611279038762017,4.466357419455838,38.498401138136856,3.070894123829456,34.341275783221704,0
0.27009406195358865,3.6467843563261417,70.44954716618166,4.144439949484727,50.63895356352119,0
0.37177541862787994,3.9165440672854626,44.99381568992792,2.970111165927676,39.529009977357966,0
0.5773807060060395,3.5948405258440155,36.53138430750607,2.928921116347198,41.98903910864117,0
0.4598708197590968,3.236746270187085,33.77809761329137,3.2606417451766814,44.740249383386,0
0.6497288928252389,7.084749688591743,79.99236240647457,5.721379150420959,67.67499418931018,1
0.41333531112259886,5.146817661386964,47.99621197751702,3.8177293310981466,45.35676102214415,0
0.3171750494204289,2.491403579921326,65.04972175486975,2.019753416795238,45.94982886496986,0
0.5560475532514575,7.1103544092407445,129.92907530863877,3.796452056588468,62.663709725630476,1
0.21664389729598205,4.03088659141614,60.51693639338586,3.881251524531188,51.122957444239084,0
0.49265087238251276,3.7491203406459697,37.85274199664599,3.814150080745529,39.24201483884453,0
0.3592555253693389,4.248637436547304,62.95859667645139,3.512304640369128,54.44173346669085,0
0.47010145858033525,1.80510729989368,70.39314223402422,3.3211635366541197,45.574827945024104,0
0.40738273014363235,3.6414052496558154,44.31634820935244,4.715309501293774,51.680633905004456,0
0.37337229689585844,3.2055209837838,77.05945393202472,3.63937759006398,50.383128587732585,0
0.9032247890810116,6.8123633541420014,113.99782066289073,5.390831771949848,45.97769078941638,1
0.4232729030166532,5.689543974577716,121.00109041544627,4.150130880348403,56.577980543657425,1
0.3048599018256308,2.395003253194571,55.31881133629057,3.6156594531396506,48.20058077806193,0
0.39743936601843854,3.084451227971928,79.5274836545513,2.3944949364461436,45.52257922379327,0
0.2850919978469403,3.146375268403017,38.48877819207161,3.2056187725712624,52.81634335760599,0
0.5549927549118965,4.718527462565166,111.53089464586768,4.211826469121554,54.54209798469594,1
0.4422006461086002,2.9334239949133636,62.7765404977724,2.8357766185385778,40.94477211087829,0
0.7565005545107968,6.059333311005111,126.10580064448979,4.951977068649724,62.90520742280034,1
0.4596710945201851,5.022407436061581,44.891067613638654,3.2544687015890177,37.6762502536333,0
0.4450217165873612,3.63688640463309,62.9151689271315,3.630137164550695,35.25951881525613,0
0.634041429668037,3.867417211368396,92.08027626208518,4.866675801087331,65.16623049214115,1
0.20400557325072205,3.9963227019888916,52.193341694752434,3.4435570282612047,50.30518298245519,0
0.1900732650763844,4.331495975146573,34.562242293430714,4.116234099386261,52.140399622513065,0
0.4194852084716618,4.095406465135765,23.438399720097898,4.049070200298474,50.63032286788956,0
0.7337477555584803,3.3173011321081476,98.85758664947517,4.96949763591877,61.54341686590922,1
0.5128167531142321,3.3129507238370093,72.19051932392594,3.58746576524684,40.78402322409894,0
0.551730518649413,3.0365958359833294,63.23076831812084,3.314005540690701,59.049075744568455,0
0.6360418410380694,3.626333699726939,34.27938217215491,4.113420165304112,37.373555177453134,0
0.32831798406514007,4.474509439961782,38.05608907419732,3.4109840037588275,46.47622099610468,0
0.7140561622315834,5.932211311768961,84.50139382826265,3.6814104896680835,71.05037839716181,1
0.8041090625624716,5.845851822094498,104.61179356265374,5.290303219820123,66.47621670088684,1
0.6784371285607989,7.700671010229344,124.0118694640643,6.13272362666075,67.66355399145607,1
0.4498181706299005,2.0794324326622533,58.98224472135892,3.374549872119692,41.31801613480142,0
0.3456409014178543,3.0201839951346843,64.94983954454943,2.5161396564186083,44.45396497180568,0
0.41872379189832165,1.56161750426397,56.19910787922282,3.808152402581642,53.780190592667175,0
0.4471925134250358,3.766570766281198,57.255071126981825,3.1765512672445073,52.592073729223095,0
0.24663948776343017,3.5221685362180946,50.77614264991533,4.008582212308554,47.08228971982277,0
0.811770941343977,5.961862352012244,100.67899134915007,5.637972021862443,59.372946455786014,1
0.40028033778932304,3.423513416070862,40.39027776565472,3.4057048545491906,42.24514341175842,0
0.38966544007888004,2.8898474902435405,61.44451040032823,3.53200498343805,52.1953730159607,0
0.5662211119041792,6.890810767541166,93.12144900457672,6.0438102050200815,77.31155907082731,1
0.6282723679041787,5.426664344755855,114.34719286061032,6.436387687037976,54.57067224981165,1
0.43548891124287153,3.827045077628803,49.11534868283785,3.5757062559628405,42.84829190313136,0
0.42828901323277846,3.8421175550032682,40.58583852368096,2.7105149274793447,39.554878318224354,0
0.46605853766594274,2.3493795066013234,37.01740567153975,3.005894066717442,42.47757878017634,0
0.2963790902519204,3.6075217973623475,52.62462841677977,4.359142370686843,50.534419899957726,0
0.3888668553182574,1.777700312068332,49.20224110046664,3.5592635684625145,46.61234206658676,0
0.22082949659434828,2.793209930267726,60.50776922639969,3.669555624415614,45.55572679320898,0
0.21658817964458213,3.2141869453535494,58.48522618820253,3.0612646981408025,48.92253348002514,0
0.4295022740764015,3.3202322665383623,33.98660966217283,1.9883486162310542,40.29682713567884,0
0.3538008881627868,3.643521481031652,50.58236159327376,2.9439391353524518,49.57234176834859,0
0.6581228133660002,4.365263928643467,105.34347664499207,5.114770100505184,61.52610670710465,1
0.4124052126814217,2.822399799234816,49.46668506904346,4.257058688043898,57.207376469344425,0
0.5950059565168305,4.966016973778642,128.61675976941856,5.480000228073276,54.45483899287687,1
0.39128085020988934,4.745579244014841,43.683457663108854,4.013792914646401,58.333366262558,0
0.6879666944021041,3.1716076980621333,38.21889759140983,2.9699072946076233,46.599836664954225,0
0.44216687166907465,3.2729788969723757,45.808648719679695,3.0344990730749664,59.29570563566017,0
0.7931913279311966,5.0704698824701495,120.84000016477316,5.609340268362675,54.93322638771293,1
0.49278828376835304,2.284667936617139,55.90929793622629,2.8405820389654304,52.218051324207806,0
0.2836279083349247,4.069205777842174,35.371080541671766,2.864220170791688,54.577772163899404,0
0.3785767355086053,4.299351875121717,29.322532146961805,3.7053871807313836,45.92878281593201,0
0.6586812292811266,9.803204329128922,158.7182872361795,6.048350647123609,67.34062779820768,1
0.6730882002562516,6.03224010270627,108.50102714885583,6.062084936402044,76.67108118875602,1
0.6355623900255044,5.672156225465691,116.67105561235273,4.539119666683908,71.07685739155083,1
0.5389435519851148,7.140823777724033,84.81428593520663,7.207870155144583,61.80189555332258,1
0.9171924099603288,5.813928474881928,70.97311409280384,4.518854068573632,58.48054118617363,1
0.5645434686621388,7.060143618620492,105.9850596912673,5.6119363145317624,59.08879243579945,1
0.38995387597906617,2.396500677589782,41.78117463466232,3.563783946474554,40.67964620300414,0
0.21536974411063411,2.116450851866178,60.64323887037382,4.021627150788759,49.04504114366217,0
0.92441266813681,3.3993233342218696,127.3314310734298,6.474055403054241,59.38132426726963,1
0.12484282005736597,3.4804209489686255,47.469176767169955,3.8028899730178334,51.917429698107554,0
0.32131285217488326,3.1015728756723133,44.01790371552019,3.3195510399181773,54.42477027764854,0
0.7296739047304288,4.113420116461291,52.20960160663928,3.523723676084854,44.670991081666934,0
0.7534750437138926,5.584121521992539,130.60147321959775,6.09647879343862,61.89357304476093,1
0.5227311707849782,6.501062605449212,127.62434068724544,5.350939504970459,61.56947458685929,1
0.36809433278447296,3.170425101700982,52.16465637420173,3.614983263517555,40.2170864063944,0
0.23145364401390758,2.6062398361879735,55.98621222481308,3.535325871262312,51.23461106813525,0
0.3824037360075787,2.812127282524949,55.0394294133891,4.084013267225968,47.807861744283294,0
0.3643796464151727,4.081359101754002,52.76360794365143,4.0865477548873725,43.453780813914065,0
0.4834621188030335,5.20807269394571,62.582915998695086,3.8793586522355428,54.037845881025234,0
0.49676706474551324,3.706556411061164,57.90053466859845,3.779567533901097,46.22876089292465,0
0.5930954278672469,4.015718710866382,65.72360253531328,3.362011737938446,44.25729755851062,0
0.23676025424514502,3.0684139032608946,63.92682248457384,3.5069845618951296,52.933157746297056,0
0.17311217292285366,3.888587609011603,26.239170766633116,4.335116649721089,55.89092133089963,0
0.2895027774612989,5.028810739877419,61.33127817867109,3.410008707328463,37.19303898609249,0
0.719262822501453,8.192751435850123,141.17396639045316,4.37227275776815,63.69076182690916,1
0.5045458029397173,3.7784273871684735,75.8831971283303,3.456117570365925,57.15935568890986,0
0.28834111493090286,3.9699678603279436,62.710898199273444,2.6160544800552605,33.04273541413631,0
0.18664987695077057,3.266555293559505,47.99435893292658,3.505171125186355,43.859257878162765,0
0.6190468035188176,6.044051025805187,133.8490350984676,4.936728219551651,64.08681361373192,1
0.2494222530988193,2.848534299265287,56.478798761818545,3.5563341235027166,46.00037322766219,0
0.17720978407954194,3.5012534157957362,63.08400325346483,4.460377142893213,47.527899384123096,0
0.33091742092180115,2.6399450987897555,45.51382352168456,2.745671915292191,40.455500980169084,0
0.35983726879300143,3.1707846180256523,43.85973051011661,2.6698788439637426,49.216211147359424,0
0.37338985274693554,4.308903966224673,53.97363517662314,3.1001342361180546,43.8716784910555,0
0.367313150571193,3.0600695727288536,52.72796484906373,3.0658251338959768,39.92872030501279,0
0.5650621943874108,4.544094701306818,74.51602842658812,3.4138998137858962,53.278749567614064,0
0.5293933205453987,2.9604878933133536,55.787201780111126,3.8055711765694245,51.12493999219828,0
0.5888950012485692,6.130914425712148,128.27132820942646,4.818281822695755,65.06422676318229,1
0.11782724267469019,3.4887113781823405,45.26419204511197,4.573336503140613,43.35655110320155,0
0.3675310602376212,5.395024802783933,70.13047006100203,2.9921341717625403,49.36219719289561,0
0.5611069693334539,7.282346280663255,143.21166453930252,5.202585020562028,56.52815050932469,1
0.30573746526421924,1.913034303148745,40.178032333894244,3.4329750698034758,46.7785096707819,0
0.3207870995151686,3.1738783844147944,58.261046218397674,3.902672653192515,46.944621462115805,0
0.32204614844141055,3.4334561461124276,43.12773933865452,4.067519110217475,45.12252651629586,0
0.7190099998506599,3.5931694715901137,135.50839098320407,5.023971998330609,67.86861795394518,1
0.34125084615552537,3.7153985261651505,59.33320911171782,4.439756654941133,60.13413903245265,0
0.464684258236089,3.5198504540483175,62.59625137944347,4.468498329256851,59.186725361415384,0
0.4192431919339194,2.649293211549117,57.92315190453607,2.090310792668717,42.704973678432005,0
0.29446334794769063,2.0375783903372193,46.38447663261608,2.9655522628751076,37.89233498526917,0
0.5331278013071681,3.218131594687804,59.89756099570852,2.7489249131253,38.53605302679047,0
0.5625918686617578,2.940237962485254,121.45704498147241,4.518142492777392,43.820544459095515,1
0.41605211169471445,2.2346508050112464,52.412662060607246,4.004480040199494,44.45171604057456,0
0.4316666391433889,3.368224102163327,57.45462913703506,4.063401272994511,54.81175197801909,0
0.9236633710991988,7.5808691058124165,71.85593511844934,5.091713563988888,70.07950543083292,1
0.2621128540452081,4.593533172392468,55.923572599023466,3.4024954832686936,37.80590159624093,0
0.6527161740322772,8.176628674490651,115.07045357014994,5.511138545769279,65.71989741906974,1
0.45452333263005334,4.332166579635041,57.238576670247745,4.098216613975611,44.10434998502919,0
0.3400058380662521,4.903706603278433,52.03191472055604,3.3323367678722273,43.76714068279675,0
0.6192838690215716,5.718660156569934,109.83431910415362,7.0226933768531765,66.50477980776584,1
0.4147165503949375,3.7759447440461513,46.01520743421035,2.9513579234630027,42.61433522853914,0
0.34164024205267185,2.5805971821075233,45.539704349520775,3.0932301258275525,51.84271292462588,0
0.22360599857209698,4.3060509604947494,51.576422051349404,2.9760014325718664,58.4126311307204,0
0.5234965066827106,1.5,55.74743450188735,3.138242951711556,49.555320619284316,0
0.33296900705375276,2.7805675402006305,53.45310068719001,3.451433365144771,38.30674262233887,0
0.5596675408471007,6.289530543635836,95.75685569741503,7.426916424725748,72.8256530778811,1
0.41925581650644606,2.90177435143499,51.1092730008977,4.521299903890634,57.81790726968083,0
0.20668187401123234,2.7593730350075965,49.7425543454482,3.3656531973766386,51.39033984485422,0
0.17175117226380845,2.608983996241707,58.2944180453326,3.593771439428102,39.76080696532274,0
0.5820640576187557,5.916062457397912,106.71224548232944,5.942902172669544,69.4023284197394,1
0.6106556918996757,4.482649971332462,138.43707028555963,5.58743482919444,51.35316162223338,1
0.23852569596203302,3.1927874696553022,51.0777520408122,2.3927653511928217,47.425160480988104,0
0.8160574227222741,4.53307118326076,110.99244662579777,6.0149245271047,64.24081904568013,1
0.2522093305172219,2.943180706158142,41.70664662299225,3.2547185390923734,45.8357047065374,0
0.5087993301069518,6.435947321425905,100.13525992592993,5.917441269703179,62.75952428091775,1
0.3544396036685552,4.733251470305066,58.505431125353795,3.3967064438350483,44.55422602972528,0
0.5529176667900797,5.862513160899676,125.0129861538396,5.8266045587739,75.31616620494755,1
0.3516726681199229,2.360200185981457,47.855530858421034,3.2712937140099196,44.37722955763443,0
0.5299771583294268,2.6629819231481546,62.629759146265215,3.9124826703864275,46.64017332633067,0
0.36689142789392876,4.1659480888316205,67.63813681465803,2.779681790395682,38.65106950009763,0
0.6757253553602737,7.3990542581629715,112.99364178351463,6.14730179874222,60.84236216689056,1
0.7843959783048025,6.389681761330551,110.82315586309163,4.624008942481927,54.83772683651867,1
0.5378577729700338,6.083557501435629,125.44259692832645,5.530134057416816,64.56363218898937,1
0.6017671321793048,4.396420107527796,123.4686735799479,5.189773255002475,62.28755990070558,1
0.36624900666484644,3.7510874944027925,71.88009050753172,3.5326594280609287,49.68937369748798,0
0.49805836149680727,4.166120140200928,58.44394231705143,2.916591137045482,46.04376643986999,0
0.4012499737794518,5.608061986463483,63.04132833846522,3.149715040830845,48.03349214846538,0
0.41923839029395477,3.9072498551252157,64.52478795675732,3.1672191565853525,47.63294817895259,0
0.49722953730027597,9.793674445709614,131.49252497819947,4.491314030183374,70.77777324326031,1
0.33132107169185976,4.316534081653128,63.28408193643016,3.4887855947344732,49.336224648078485,0
0.750119998731815,6.220595074392307,106.02922464920164,7.13580518449252,54.17951845846093,1
0.3097234366932324,4.182965518822649,58.95994424798751,3.2620214005579635,48.7917456126946,0
0.4437517256724125,4.38037835991918,43.10506825600572,4.337282619071697,59.03408111478168,0
0.4750210815068007,2.123099791453554,55.110540311585076,3.8573179617620834,45.9456159554336,0
0.17965146238828977,4.5999093318840885,38.82652299783327,2.9992701101274446,56.263455453953526,0
0.3140275605969249,2.506535085771329,60.094145613176096,4.202907742027791,50.27298916443432,0
0.7704817794647156,8.894348110024534,70.6892721110871,4.825709271288183,61.41936242131464,1
0.44414189492235173,4.133904062295352,48.85119737677796,3.328742665079554,40.35200946620249,0
0.7034957533453831,6.412446527989747,94.57049533922383,4.182664849558142,71.90430569771937,1
0.7191213014125346,5.953773750952604,127.94240185457457,5.075233350108779,68.865027954265,1
0.3498609058613297,4.126264470253574,42.2926997412221,4.89892672134298,49.6691676938924,0
0.3381312668226999,2.772419391078923,19.67334797581023,3.3754791164213365,42.95752199779717,0
0.2885585580453816,2.4789136879017404,58.97223669764201,3.6303314826444155,56.73149811272414,0
0.7567182069158472,4.445029006693794,141.70287442004098,5.803073380958157,64.73265084414525,1
0.45672371431131,3.238486990474233,37.53245209115082,3.033546456124713,52.32756662589145,0
0.29367428281284097,4.172907924289872,39.5740532543966,3.334456395251802,33.88598742446298,0
0.6629769180666703,3.263328277964526,61.3730314976641,3.587729864557966,37.06562630664784,0
0.3177797376809457,3.6840920299957536,64.20823065586102,3.1000912014832878,44.73020113976391,0
0.3326495833191846,3.23989018905407,74.11256480539333,2.864073996881368,46.887091329711645,0
0.7091116410149659,5.460398470224759,141.30605546518126,5.13447969836238,58.58790168909868,1
0.36314459437159646,3.1471646675144336,61.91094001495812,4.1650451632949705,51.0890425032658,0
0.4139679204532982,4.393101170358549,55.770556863535695,3.8682421584930293,50.418217172588115,0
0.35895216146354336,2.9790496710966243,58.74479708894677,3.219501027203295,46.348679044803234,0
0.45065488611505444,4.422450225632311,56.59789095619661,3.3420348679591068,35.579492034939875,0
0.6916838760984021,7.938792622918833,114.191509613255,4.584697808601299,64.81255090361839,1
0.9033240263952811,8.947716482320356,111.85901931325407,5.773752192900038,61.92477959282366,1
0.7974585471590827,5.928133716132145,111.34971899674396,5.107803694522744,63.32862190450919,1
0.4556417732959914,4.6175337640629,64.47153253532845,2.848978457859952,46.71739549372019,0
0.4197317672459396,1.5,50.47107962263913,3.795980913352122,30.912944655590877,0
0.4676198433571997,5.174889863153131,54.80742851099982,3.930959957178469,38.227913974806505,0
0.40996067308016637,3.462301806597522,23.183626241423237,3.028648511484979,49.82986214886239,0
0.2999668949996466,3.7036264290659084,64.2195938639012,3.6222432540816536,48.34260069531486,0
0.20227758267472543,2.490503784387821,65.85674980187679,2.563444512266454,50.758131319905516,0
0.567743283847449,10.41761879564761,138.5786789870892,6.306220986678398,67.23383894304534,1
0.4019598519702666,3.9403172864107923,60.93064143134195,3.727414205872608,49.00597341608368,0
0.07756210753575893,2.939790471084729,56.17920472132587,2.4200122802367554,48.578567260043826,0
0.43281577437307717,3.4941288424973567,56.834448533440025,3.2181517386861076,37.37386436219866,0
0.2327779347543771,3.035262808638992,59.99175107073681,5.0128673397177534,49.6129326285405,0
0.42647141666609495,3.80976121739332,50.89538819079398,4.129352560311523,55.979260677331695,0
0.6234897780592461,4.544461431945445,128.15405754276796,5.346071533504446,68.38188855038631,1
0.21107937230812687,2.3801214786209726,61.8960140857761,3.689005037365432,42.22521369434804,0
0.6573507941504094,6.044081158703181,124.2928507258254,6.072619138210686,50.90108545688669,1
0.5174631793748155,2.7029855025019858,46.19170636933795,4.733195373510716,47.06070632407495,0
0.38356071107997336,3.063977827316748,48.662673575338,3.6785263568916275,42.54665197030276,0
0.3765509829255848,3.6589936253532604,75.77589293105544,3.467077551277872,51.68372976698688,0
0.3568209123015561,2.8559960568600253,47.682154741136536,3.5707490473306702,50.592065031487,0
0.2689934624496474,1.9018342119792235,61.0380625301095,4.446844291587119,47.16575862051713,0
0.5516386022861903,4.703754419251161,48.65773292314191,2.9951774102416957,46.150295896419564,0
0.6259948964420857,7.841030722177161,114.35968147251967,5.364702861769652,68.41495914402863,1
0.4584297167879609,2.648998806420991,60.56659959642872,4.339338892054871,54.95496678408523,0
0.35518762768245354,3.5138704803375203,40.65811383065528,3.3868146210518564,44.30111578205457,0
0.44290451009003806,4.256280164678925,59.01971308274649,2.6857942010164986,44.52352158504092,0
0.23287019373778164,3.6120193404230516,33.630973655536465,3.800761400308319,48.67173166239388,0
0.4867547778950104,3.3706230703593105,27.7493092851971,4.354510432661116,38.58994607863637,0
0.500507465264539,4.23247015551731,74.7706193072988,4.139211822145623,57.528491961792724,0
0.47219392246838193,2.876170730419626,79.3437500490951,2.961773265280357,55.413660954096244,0
0.4371290100263225,3.938626903830924,122.92667222860797,5.443752720849655,49.08726858103482,1
0.6133257742897034,2.9486721078603013,61.970864386357256,2.410515235129454,45.80171984224981,0
0.4264517921037896,4.213798641943668,56.20355277167928,3.338258097210417,50.66735577362904,0
0.3994831813005533,1.6150418332164833,50.07051385119351,3.2958148808963785,54.599305522774486,0
0.6011492176452355,8.053745623144302,114.17067349429446,5.952519480266937,63.06839558185227,1
0.7655103444293844,5.168994824238964,91.98673050928335,4.416036671293142,73.96388701193764,1
0.7561357713712659,3.1889060874732884,140.5813799666634,6.064220810112844,66.58511335550106,1
0.6148393721650676,5.281807697113155,121.206411754473,5.799360487746098,62.021498023320525,1
0.7373709525130153,6.5801635507618395,107.1092805691642,5.286274346634367,70.45482431636738,1
0.8850947971257163,6.45931459585085,115.51662654030486,7.296495591292862,56.99958658248593,1
0.2617757384800515,3.8491174534173984,56.044130249508996,3.856749247808116,41.42602488628384,0
0.3073669872375812,2.7045380467825626,51.08304867859736,4.210491200225146,46.176296182082154,0
0.7659844937026153,9.684275411644041,110.07398600807,4.674945034002525,54.606413478530015,1
0.4039184456833588,2.054288915692323,63.57238380128829,3.9239058568099616,30.287923520378552,0
0.33486260293203796,2.7787245139275902,79.26634068310685,3.121467976466796,44.61336441183385,0
0.461623179327744,3.2662922235150305,83.0319514473672,2.689417993420993,46.819130695710584,0
0.47027506071335207,7.933296807856102,136.17312578558546,5.86624131677126,51.72522012736358,1
0.37301404581179043,3.644711835406515,43.57690700807411,3.5248452858845765,49.81729052850612,0
0.3778846402124134,7.200252394018678,98.43662683253584,5.110567002639827,71.52218435789277,1
0.29099614165648563,3.392420793859019,59.446430439803095,3.9165390377780267,49.0557808133385,0
0.7859728091493632,5.077312578185205,110.95166469257066,4.658321289602915,57.91731948449335,1
0.3518796324447425,1.8477691692365177,47.22302465759677,3.7845413021275025,46.27707497944028,0
0.2923397911773641,4.88198982001274,63.8544710875851,3.6235107981221395,49.088671311062086,0
0.2957053115422724,1.5,44.83182262782622,4.450381018083978,38.16685658098194,0
0.37908921276774543,3.2872782667104348,44.84774646049166,3.396405486271866,51.02424570634371,0
0.3807927766414007,3.436693334960362,42.45170198932532,3.414090200009365,43.11500062083748,0
0.7039434557513525,6.663681397833591,128.34713161117253,6.60235207551533,46.400126308509584,1
0.33769948789802917,4.047561192785849,38.54198630267021,4.246843483887653,32.573797886891995,0
0.706027224409684,5.815152724482896,111.4209410102502,6.928555232654677,61.95095441150532,1
0.3694528037177432,3.3372295473127855,53.469898491422114,3.122889171439773,44.771721969175026,0
0.4103901597261409,1.7640264242991497,38.64219383697692,3.176328573272088,51.32333197378715,0
0.3080438915925424,4.063085960547608,57.70394405787044,3.3681805333528207,40.133042476621306,0
0.6890131947352454,2.876213508255815,50.33971469258563,2.9728115450891908,48.88164008947423,0
0.29354257312755094,4.20871716466694,49.58515686099348,3.6225415268669323,37.97699332004578,0
0.73286479257174,4.582715884285323,123.36261138956309,6.309062237358723,55.35302581675316,1
0.4368689519377256,2.259461292412099,25.85331629087962,3.539888197801271,49.012168766434435,0
0.5701894874974274,3.13970687986233,42.30351518344851,2.8946599523183676,53.46004901784165,0
0.5171932563256696,2.98820737303341,48.28730008428177,2.8832949312044933,51.0023175491193,0
0.5158535944057742,6.817081828251606,102.92176429453275,5.153795175746052,58.713100595031975,1
0.23514867678359344,2.220890646736489,67.7176530991764,4.92310333899056,46.19527019057155,0
0.2511276708292124,3.30606108069146,51.773776343875944,4.099121895076539,49.1972032478442,0
0.22010407920752062,5.584634906485157,53.22152696328582,3.009818261009632,42.23104669596987,0
0.5151233805167823,4.535929627476427,60.12545100217746,3.973970786052073,44.69815846759687,0
0.42257646023353185,5.614737130717508,58.644781970072884,4.051980289279803,50.25720628431746,0
0.4509014253182378,3.8522269644102383,54.39132239093417,3.3743286558248378,48.90997725815426,0
0.4989843766306184,4.711113538370255,136.10936193870904,7.7030279346270225,66.4492844893082,1
0.8615547591306604,5.485487730858237,128.0027595188459,4.861896899120513,67.0887369225014,1
0.30699252316466596,5.982153946145068,115.05491413568447,4.782596823301116,59.91455596707281,1
0.2080174257344443,1.7438359679319737,39.15373607956601,3.501541189594806,46.4163378076812,0
0.8516098788791441,4.435772596743325,86.17069502677415,3.824553595323642,56.952333323139385,1
0.8565750043580929,2.8314050428224204,111.67431083501485,4.4926693499235375,75.88307284475312,1
0.3912482325612157,4.932362463283247,63.60079609246506,3.8585800729189104,45.761911370280394,0
0.14901078157023653,3.3249197589684654,61.61008240537732,3.44828536803374,48.79279856401927,0
0.9682169306820366,5.764445155398425,96.68477265927893,6.280749089054535,52.83816906712869,1
0.3156083647829652,3.2728336285687325,55.63846518938677,3.3718679804206606,35.04536690899999,0
0.783892977964725,1.5,60.40739732034284,4.7708208619681765,68.10017765725199,1
0.4859256630574393,3.6409892208181565,56.813886780148444,3.429197367034647,47.24198212533801,0
0.4110151454133573,3.7146678091066168,56.838062887115015,3.7500596496627248,35.57547241137752,0
0.4502635319843575,2.9959464017847637,40.562076329671015,4.406997310277171,46.35288889725343,0
0.3302853922161141,4.641397452690471,36.15521114367178,3.3942908887099166,41.92742276224237,0
0.6724353296638789,5.7739704208584115,99.5465993941221,7.189004756472542,63.22211652200464,1
0.6420604764840582,4.44489947177144,109.59192511166478,4.590603355547525,68.36186391570838,1
0.43732839813053237,3.1958944417684947,68.59975923469852,3.931226531739475,48.40945952513227,0
0.2038594269169261,3.034304963591405,51.11649710981812,3.43523229534672,36.87080935552657,0
0.43705759151389556,6.477039702975684,105.50782561358652,6.251733255829763,68.15904948559113,1
0.2868581497827578,5.16335874801956,58.30687478755055,3.1312260788497857,41.992947657295815,0
0.3781258321728791,2.5698332986919254,80.05256843554184,3.145919137468919,47.10098994763561,0
0.6939164976228694,4.997878341452388,98.25659010205351,4.804709339939755,63.45949323055182,1
0.9933019095876356,7.808627419280525,108.26035406421762,4.599519699000322,73.8652033769884,1
0.4777193277318115,1.9293371124049767,45.10870311578977,3.6433613580773647,42.17395705269574,0
0.49576653140790883,5.175238419689702,60.117788850763446,4.807546949652554,51.32162368839948,0
0.7009154292521539,6.47040457312751,108.8290408067928,6.056540880627582,58.28257488921326,1
0.2607173120543297,2.6738887924349846,64.79474898008746,2.571830563507632,51.773323436811744,0
0.384048604900665,3.2909847943953303,61.91768967797053,3.364645226402643,53.95731857354606,0
0.5192352417683211,4.827022563509209,56.16867130204212,3.1397261229958544,47.92166914419413,0
0.6254500081297376,5.087033052413535,46.45714986071404,3.8218255511032515,66.73449948845645,1
0.28323933298957427,2.0972309209332165,51.06640239980996,2.991598673650094,34.019776314378234,0
0.592158823646264,5.316608282300007,35.51872144148473,4.786274955100673,56.02482680620808,1
0.6754253683361164,7.529360376543269,138.02893855760175,5.613493535791531,72.89706242983155,1
0.24027050442914982,4.839364366172253,126.5014164288277,4.290497546391056,64.28173143527503,1
0.4965146112785953,4.0026129809332,74.67926808238718,3.5434809173992226,51.52567865842926,0
0.30547372997390565,4.165041492346066,65.76193088679139,3.6405015261152034,60.773312470254766,0
0.28616516796690616,2.990817853056871,53.947804930505114,3.503378031064594,52.19856651411736,0
0.33823558820670097,4.157973196478503,52.83149684331986,3.687681282514533,48.51930308298053,0
0.5426106829287665,2.573480575086525,61.35868659519897,3.480141348734877,44.75939999481302,0
0.4686446950545775,8.095796196585892,123.96977485552824,4.486539013697176,65.31800026176033,1
0.46550713336679184,5.522276433023536,56.67075905991521,4.144438195185716,48.16862682018893,0
0.6540774985770823,7.432880848208949,68.85439639682447,5.0557947146515385,53.264105535170046,1
0.6989591677062048,5.307759736635102,110.65549664939653,5.549192965486018,69.53683559214707,1
0.36316715361731655,1.9163013457860227,69.6722977908507,2.7591421350049368,40.05448535341286,0
0.438434555145184,3.4907842947944507,63.49783069748768,3.7362594062536623,48.623407263191034,0
0.36172263738552946,2.840587919674369,81.04148971517014,3.1262692887320735,45.90557988087384,0
0.7944507984286957,6.8234269181748886,104.35541892864028,4.715689977816394,66.87966578878222,1
0.47957853416433505,4.021221512719993,53.018529239928526,3.8206970308956576,51.30065440606279,0
0.6040186807857453,2.417237405940647,75.97227080900115,4.439316178937915,65.80676188034964,1
0.2770046597450177,3.181842656139107,58.13213815597721,3.1897507863081276,45.76206832281028,0
0.7632032049128529,8.961738663054188,113.99537768961189,4.523935799757926,59.61924899054489,1
0.5321159462944808,4.349892035172488,48.40954442289561,3.9701622330017448,38.06871080452147,0
0.8278770429317143,5.748445941774701,100.461130014536,5.986678224444494,65.18918342429876,1
0.2688044190358051,1.875340122249987,52.409442415264955,3.4692400516318953,44.29042334450014,0
0.2934777647385415,3.2570208433603134,40.911900087728284,3.698158909407918,49.620079506267814,0
0.5076102131307906,4.379599022843244,45.90867660534061,3.918711519804358,52.03105333820283,0
0.759511132873723,6.903242642490289,144.98858872656677,4.376591675852426,60.11748389956807,1
0.5731940988045822,5.737383555336647,121.05268158611449,4.12111104421409,69.57053362295113,1
0.45591148672404136,2.698574482990886,66.82304691111388,3.128079012386349,39.50549986913931,0
0.6788476985224318,6.32003592882344,134.68368752586883,5.069527141728019,57.63946265041344,1
0.4527190912362613,6.26828485675996,84.1555493081938,5.715226728623523,55.480693107731724,1
0.4330273519078078,3.0006630053056385,73.15464009704243,3.729414000638717,45.82445603222243,0
0.15507989106946973,2.5122292708539153,73.94035682684196,3.684722011083388,37.969328333502006,0
0.40973775632098985,3.716147092965288,69.57620618671518,3.2926711541399647,52.44635265076969,0
0.718506254089127,8.718389122561138,95.14416251429704,4.378828130606925,63.65361493473469,1
0.4878740623760168,4.8122763953805014,56.26189461427126,3.607475152754919,36.60214218379096,0
0.49725753927174476,2.200196051736186,51.4345891156229,3.365986511541537,51.23541208549423,0
0.41878899243088896,2.730440890633095,62.7366970487705,2.982021687180259,40.22552290546639,0
0.7171549609329911,4.572982795561205,132.4064196408591,5.344228653737665,71.20374258255426,1
0.4182479297696053,1.5,72.35577877520703,3.1168429385249476,41.89078935233779,0
0.5104756752330715,3.719602610386331,55.214541190100825,3.729888268222793,51.572894680756825,0
0.38208903053041193,3.0146733421891496,47.86649950243222,4.926860063651259,38.92027643130087,0
0.5270017403664506,4.4307770224718706,69.95073018725023,3.6423926339640436,52.12121224873651,0
0.4462917690937149,3.1305997308372624,61.9577181285785,3.54422580133207,50.32045939647719,0
0.4139902591694271,2.295659527267765,50.20545864499582,3.3061987426141086,53.81515354750109,0
0.6988805395637593,7.755701788765083,141.26878567943686,6.221942657834413,74.12158026795812,1
0.6529494373899601,4.375213151170838,109.64212780672295,5.763294181328349,67.61301099743164,1
0.4487733123637412,3.2079878448340726,61.35021989736364,3.1037862572808654,46.30636459302673,0
0.46519441742519085,1.6295813791018892,49.42797188703238,3.6984516968539243,46.465459642694114,0
0.3111813482958464,4.630228614894267,30.194677304687232,3.8381643008506643,50.428264634274235,0
0.48640291594270496,3.120297180744429,74.40291038504816,2.7222861445408237,47.38087266432625,0
0.7231576358618353,2.8749464520496377,126.06202519288044,6.774403382338525,73.54670771942395,1
0.5463513684858936,6.91845815922022,116.40712698116623,3.7258601363516326,57.59831370935789,1
0.29854325974487683,2.946971743677463,32.28145236135033,3.3978909250859037,40.54494521280855,0
0.49620241446339713,2.919012405903133,55.47175614763302,2.2667772225067426,40.08145093623485,0
0.3238035202837938,4.127823906172793,59.918115739195215,3.9940926034664033,50.74437603153606,0
0.7283551588309827,5.597689491291393,97.95660089408277,2.7942124607481293,60.65372922387036,1
0.8319435975737758,6.702668799616214,88.77903377322066,6.22597178090019,73.25308972251656,1
0.3470728301473106,2.2226510801190873,77.18538289304851,3.480870386695663,41.693503146640744,0
0.33609472947400654,6.934480295001353,111.04205348168965,5.0662007328985466,64.39807734748692,1
0.7546191344830757,6.9052586278526356,118.94479817392957,4.2038706980633425,58.26912002461132,1
0.32367324387489604,5.187759552640111,63.69428312824673,2.457001652936147,34.39752065478748,0
0.35555550331913494,4.219389479383337,57.32608953292612,2.366404678656459,47.95148619559114,0
0.8636788857302347,5.742425643075367,94.98523687008966,4.431706321613575,73.44457183099755,1
0.9212068246955512,5.528678364349174,67.48454225759258,6.471760885528429,74.24181215658156,1
0.35445037370833415,3.5370827354869436,32.652676383850306,3.720980983564251,47.661960850482075,0
0.14716801061324158,2.3609848347444164,43.9581477835417,3.924845826010854,52.66405499093384,0
0.6075523465520372,6.691389473948845,103.12934498657502,6.556725336660194,72.7532913146696,1
0.414033072717264,3.3290839240688173,62.737179634875865,3.290215909743726,39.952233867616684,0
0.08831208315888778,4.524811428729348,70.37548427403647,4.0700263303872335,44.32319518936377,0
0.05390182783741837,3.952791656831963,74.49983257812819,3.7285224669279042,51.923834164477626,0
0.8930177907864394,5.600300274377915,123.01540095020785,4.967930541580751,53.579287172957585,1
0.4134221168201319,4.063565804066554,60.51350219160325,4.378313137939552,40.42530842570177,0
0.20717924831723206,1.9851210533803734,51.797880734820716,2.6750945885912985,39.95250805147145,0
0.3484997250548307,2.369078006915671,67.3327573017653,3.2153867407366223,38.668971734520916,0
0.1872691570000332,2.8031763586565197,77.62829998942706,4.820577507510322,41.809958208566016,0
0.3457079036095308,3.7583231859717765,41.55776697638706,3.1975443686366782,38.34989380267538,0
0.5738130932106162,5.891444867906075,108.50735640175938,5.657385821399169,56.20231323785156,1
0.3976209652648783,3.2245597306482328,37.99924558403039,3.0172115523812457,48.6110120278903,0
0.47540468550052944,8.403184298081957,134.29297927639973,6.777067158466282,61.782903072605954,1
0.349392085469711,1.5,79.92999798294744,4.008897697355808,53.768704656743495,0
0.5950640048894398,6.207968074427754,119.27124268489091,5.301787238955041,67.03998275097081,1
0.9462658532634229,8.306462411360734,139.76817513486915,5.676083548857374,62.94716349775698,1
0.6743492230100725,7.227642784139194,133.7931956972408,6.723177773711729,59.41881697683506,1
0.9664926148984214,5.448003694931914,122.6944822605945,5.025721369029273,63.25915607140432,1
0.3456504985932682,3.7944041266018487,58.21239040610917,3.6772946918253555,46.751883048932626,0
0.26419386305771714,4.447931087197059,67.9292843470351,2.86787822089706,58.879268753941446,0
0.22715243125600615,3.1684893797261324,40.11092867082975,2.8086115975460255,41.45900989786982,0
0.3786706884132906,2.3205229862507766,51.36167975944297,3.3539287747148596,39.64344938771936,0
0.4239477231649648,3.466057698350502,47.61660264682791,2.1599607293929304,47.1947110009962,0
0.28469422474746175,1.862315140950094,61.07076472003492,3.8132310481674443,40.01707361407833,0
0.7460405882464405,4.715445454473691,133.09329803795032,8.313743029144632,64.56367435598902,1
0.30910986586290123,3.6163183754237824,76.23307487217524,3.0765193850499566,51.19868206641863,0
0.1651902916946927,1.823338850741858,40.2619234653936,4.638124894284035,41.79105783094217,0
0.4606199413181288,3.519654203383591,57.713435261747236,3.8095698058022807,37.65906508963842,0
0.7134938656621698,3.900360165472455,67.11382064177101,3.227597549199719,49.1191430410032,0
0.5514697872578994,2.7206199475509236,39.88063958736828,2.954412796288426,53.51245012755154,0
0.39216744348365457,4.081259848966055,62.06284018765257,1.0673173950282013,57.43295811458984,0
0.4051647031821832,3.1556610276492627,48.55496656457815,3.363910389531066,50.25891173956758,0
0.5634808906413179,7.571241183041428,116.78109761322239,5.8436292274594095,55.1442362088892,1
0.20829458117061128,3.6838026745784473,64.36493149874391,2.878547584313552,50.35817710572102,0
0.21492636569399773,4.318846230489611,36.38091997002904,4.445998076794745,30.811499065747416,0
0.21554330867500746,3.307190378017148,44.647956175515276,3.3759556752717295,30.837827902974414,0
0.9405272619122875,7.633903190081844,104.65628737813536,6.619127350805085,66.52478430919132,1
0.3614483071259502,2.8168177804162804,53.02383973065589,3.3426315720697444,42.024297080046445,0
0.41700410325588594,3.131340701186414,67.03491842737694,2.7783987910518393,49.2666634810534,0
0.41089397835980745,5.3426513123566775,58.455997065685736,4.615985536106895,42.34005783291287,0
0.2030312619803031,4.060113773744831,50.19656043782183,4.223526570458348,52.68052392122473,0
0.5007060257923154,4.270951422833947,53.47977216209538,3.456159154503617,47.70053508729555,0
0.3513010194699065,3.989125973302898,61.827467276487205,3.8635687978459514,40.127148182062605,0
0.13252378442532317,4.162660128402095,57.74572710326354,3.5827774204110057,52.28939749234011,0
0.3556244213002087,3.092274721060785,63.96290341260172,3.045602588485612,38.53693137220899,0
0.6429244981716984,2.4278527714291824,44.49632343472334,2.69170850624486,40.56893170999005,0
0.49082618480852147,2.0196594160952843,46.52552431011735,3.586573871289743,39.70058876685438,0
0.6730238823861211,3.9000597670015273,110.52458994010556,5.6987471963612535,58.51403012506185,1
0.40606509275911706,3.8251725826500076,39.108857887814324,1.8979314345186655,35.63351205408523,0
0.606797906800477,1.5,74.4491760253003,3.325665491653862,63.53681985542819,0
0.48011116444337487,2.8275607367207884,55.42530075647593,3.3193904825010243,57.58380026601283,0
0.44943621608738626,2.3965236747442367,78.7911644258357,2.809455285111949,49.49088891327302,0
0.25213283418460763,4.51887041895506,56.750325169896506,2.8189186456169795,51.90138339210292,0
0.5712180594956108,7.745458081044097,101.70487471739119,4.9332332217760895,65.55135510514378,1
0.9207623843196175,6.097154021043889,113.47129449451612,5.252253142707178,56.2633999173525,1
0.44036127007505393,4.858285875929109,49.5035336514442,3.9596428650847755,51.44930458500424,0
0.7641155649758138,6.442648305544743,104.9492565481768,5.748546501541473,57.70322352228616,1
0.38014738314299357,1.557598983824283,46.81339937254169,3.6641059754430465,60.14879119200285,0
0.8669217334761846,6.074888547087904,134.03912132735255,4.226854664337496,55.35357440902959,1
0.3158706727969526,2.323338566900479,46.21795801237294,2.827298463243137,49.23172877064616,0
0.3584815436111543,2.9029580277490994,67.43966301509214,3.2069431840660005,59.24249239278204,0
0.5291594218364852,6.402956155191822,120.62411025913697,5.015050180436199,64.4766864739268,1
0.7227552157115035,5.248580217095473,101.27371591426483,5.92457999903073,66.67064079438016,1
0.4165785544407405,4.026387404089466,66.026157860974,3.1345439158411184,48.73623188139242,0
0.32978817413528055,3.7474226163474844,56.52487194915411,4.512553244007774,49.036027979532385,0
0.37916759737057343,2.8138618013347747,55.36157235101961,3.255989708909936,48.88146000494033,0
0.5781916142521861,4.933207814036072,40.46898597760429,4.0943687844961385,42.464359015171965,0
0.1972344588287639,3.794271444809729,39.17066253611179,3.4070966314809854,67.33817671330078,0
0.35100508348259324,2.1191999868799885,52.55330849360062,3.9524778865559647,61.068544101250026,0
0.3358619566748194,6.264468697531333,52.49681202359962,2.6203799924557134,44.78677474660538,0
0.6488042372015193,3.3322020344906793,116.8002405563771,5.684172410995027,65.23254651810355,1
0.3591829733774769,2.1930499605675986,76.89981899460186,3.062525012025887,45.338554111380724,0
0.59153950339013,8.78127256289352,106.67431788238216,3.407288729408391,69.9968806590327,1
0.40944826085782193,2.8636796404479865,66.37419813020867,2.856369399839793,54.40473553186782,0
0.40046581280174076,2.3292665129969397,64.04536982481996,4.021524552839147,48.61423076131063,0
0.73499993079598,10.286660337910668,115.5578609350725,6.370928957333746,62.75375428193577,1
0.43511939758847124,2.8976914860793306,58.959809106124396,3.602678124782195,60.05730134845637,0
0.4554323938802128,3.2537914274895274,16.656559785270396,3.341919241113914,48.7137825166726,0
0.35130886957549584,3.151320756782607,56.936870137240554,2.820290460257111,37.40824433207702,0
0.49095351915503227,2.1074463304571815,45.3956252668974,3.854780628810707,39.10820793381923,0
0.8500800832392866,4.666219245859238,69.59032068836234,6.0443683520973,55.57710976212719,1
0.4467758778247607,2.875578936315736,60.00281486900607,2.458938131068024,41.759231148230946,0
0.395206557526455,4.081832407708514,71.56757320419369,4.05061202480071,57.090779593308774,0
0.6313932342709269,7.265302374784562,92.96937222453457,4.788934113807423,53.896213924781776,1
0.5051718691651363,6.136899622875172,88.12999410701379,4.855639547780671,57.60300747615654,1
0.42146425642649094,3.758205812145872,40.36331994280147,3.2162617807164553,50.773217789003304,0
0.31537446082010623,5.5589313973909125,115.6316678578676,5.178433720709876,62.341958926339395,1
0.3334032732893078,2.5073538713597023,65.75580179411709,2.663289921691952,46.36562541922521,0
0.37271881040423627,2.6378429281393876,39.731165704983496,3.6343158993802094,46.26921035096871,0
0.932991807257346,5.331473229049279,112.79217207957889,5.547835787160213,65.03059781099418,1
0.8174592268513331,7.204872779298124,109.31893152242276,4.048109222532454,64.17459026792562,1
0.41931014693712415,1.9552602241052996,38.946820885642225,2.5662621964628225,52.62565286629712,0
0.13585783155146422,4.127471512566089,57.2735668976383,2.358677491984724,35.288429186646084,0
0.4817169116446771,3.135789681244919,55.105748698082294,3.5418251922134774,45.71909447883829,0
0.5980486330160149,2.9813380715674875,56.875173178458525,2.4100520549530895,46.93612281298205,0
0.29837852326212855,4.09397787594886,44.51232927225111,3.298929577070253,37.90514568661974,0
0.4184748999486565,5.314153771488311,75.56409087001965,1.5196967104722714,44.02310063768358,0
0.6916147718788954,5.076376007976949,97.14879226923664,5.127420952219467,66.8130974728845,1
0.4233661414386234,2.5759519624118297,61.19193085221488,2.7030609200573847,46.10625377108804,0
0.6802089388646798,3.953528418650621,114.64169215880897,4.77450604673089,73.48407714183327,1
0.6974634108961902,4.836591271708889,103.44397024616123,5.335126285426363,71.43832175014126,1
0.3558070625207031,3.8266255117149686,68.00759492635713,3.6832240498530506,39.55294430002425,0
0.32390251060323183,3.666145069346258,48.902378657206874,3.582825398294505,47.68283643306763,0
0.29752053278870305,2.7105939228210247,60.557930453527355,4.157386787576969,51.3393961794612,0
0.3811882293341617,2.29890127669678,61.61953674508407,3.7191328715210794,43.39345624953894,0
0.3050223992216523,3.450437958826357,54.06423397726687,2.7584803938778846,50.0225077166316,0
0.513949770619625,2.3851404402839753,63.50480261987119,2.908839777158958,41.674669859151834,0
0.6070283989222335,4.267356158132346,52.57661642073383,3.447635778798199,44.046664824323344,0
0.4184285684816473,2.9001214930238848,49.83771999865706,3.226954929424098,33.312285601241285,0
0.41061662335275545,2.9995000696396836,64.16857167789696,2.979559251710423,49.2826896117683,0
0.43932350082371613,3.9818740465641684,57.3145442683027,4.054752506757989,38.20241768693067,0
0.2545822988961146,4.646136049062026,62.141896077002265,3.1986399220072537,45.74427036035646,0
0.3053909115829306,2.919585313632905,60.06514318654205,2.602290602109109,44.800359172070415,0
0.4719176420674869,4.458089403561349,61.47835833371929,4.573853063940746,36.87599555540822,0
0.3013635781912739,3.292880108887746,35.24819566799581,3.069958534411695,40.175917957889006,0
0.3832020941234336,1.5,45.75192612486887,4.215877486782847,36.48585526489263,0
0.37571778794666755,4.05573894290397,51.36000696073009,4.14473471443579,52.77093421913071,0
0.30648277948098274,3.7366907528807665,43.85931211853129,3.959885818240688,52.41126151169351,0
0.45852021501306395,4.992788676307065,50.143997564007584,4.036609975935389,47.95237270651193,0
0.38793424584852565,3.2741895410926802,66.12004197731127,3.231304523556424,42.53491075594932,0
0.5260454745494461,2.3975357890662714,39.96013325174046,2.961558169220316,47.83542388769001,0
0.28701474885246747,3.7245305985563673,43.97103326027376,3.819975311041306,44.296545157283944,0
0.5045257517255596,3.7568955919998457,48.52891022055016,4.861836782820875,50.805275438278244,0
0.6342328529990906,3.6313596874725267,132.412484521635,4.930471782051233,64.73449871965545,1
0.42227673552447487,3.598565086549985,83.32164699589043,2.871733850195229,52.98495805544903,0
0.48767254753609196,2.1219679708318635,52.07404899374114,3.5311427495643954,42.167084674197845,0
0.6113241864710216,4.053953179256843,102.4889706098262,4.760649988301635,70.02220393656724,1
0.25309575919602634,3.8601969420835185,53.59062549673196,3.5485077134830583,51.43646544025702,0
0.6053631215949615,1.6602375933887275,60.07225949570622,2.3708048641247315,37.04766491507773,0
0.345691955651906,3.023818518695731,55.49767043622069,3.3374874679591326,49.964045932707684,0
0.26618069102467806,2.9296034745382302,63.935216514554504,3.1074335765098606,44.677262690313405,0
0.3157724366998559,3.7077720672189867,48.09740670818978,3.273182205482133,61.551682286428516,0
0.5204117971059021,3.865282645348644,37.35387431275454,3.6973529533797502,41.76875628815024,0
0.47012774067657215,2.766159143395726,46.36287202059215,3.6391663380810466,57.15479535076565,0
0.8455065018550159,6.825608934703229,91.50872964273162,4.845057975659698,67.4521611992474,1
0.2620841192480759,1.9435948929289608,52.76615431055035,3.1701318316749645,51.801016907055256,0
0.2347534538471149,2.551072288223457,46.957346880712656,3.5184330677868823,44.55812128380578,0
0.937024321905845,5.663360985749762,128.02458930189823,5.890859465272132,69.5310952696699,1
0.8552979259402727,4.488507680286373,91.21793588068851,4.553137231532597,64.55452216367604,1
0.354540852254233,2.855775973804739,68.24424005141792,3.1439788649783114,41.53030636898164,0
0.6504067966310216,3.1267260874290677,80.58765465125661,1.93150968908736,27.383435220255564,0
0.7290481548702121,4.956190704013783,116.34565176451291,5.982553272017139,57.47932266215257,1
0.4078524961324885,3.631278037722785,69.8766755722621,3.747517141562674,40.910897295794555,0
0.4602687241162079,3.2055137643247074,50.92021478923855,4.138751727613608,50.29083642393956,0
0.31654666795368563,3.074352978549952,44.80359029079777,2.7484129700130753,54.836145912884234,0
0.1966566273710739,3.83925674110199,54.311600564233444,2.5666684174824783,49.492334949071584,0
0.6632710957011033,4.707985844113233,120.9370672089726,5.004518803691855,56.44115656372739,1
0.40727423169370625,5.077401976821623,54.15899438766812,3.287039574420427,38.94567994951385,0
0.326127479880867,3.4334007865651306,48.21609056932292,2.9505679754101406,43.191851265760754,0
0.5566031721073361,4.068818686786642,73.5254407742026,2.2760174216155837,43.92967178107964,0
0.4954273571597748,3.072518078519017,59.19432721131657,2.18450394450317,48.44140463019946,0
0.7123040141210781,7.654594806342132,111.66900556005517,6.320555353578182,74.30641004521792,1
0.24617838356807595,3.6297032720406546,44.58122591182343,3.3044737675363387,46.10153351969846,0
0.38829394974606685,2.136358451398584,56.73696456600894,3.916691738193423,53.747215663896654,0
0.28040982660499847,4.68586633787722,59.126890749881525,4.151715141494749,41.271402123984615,0
0.8279173710191632,5.467123531679597,104.08798082484772,5.109480845468643,67.59540355112634,1
0.48075233325075584,3.6037438249369553,54.961581951624275,3.4896149366192066,45.45361825763527,0
0.2676850323253846,2.6574044124887886,42.980394362085114,3.888478339259948,40.2110372682228,0
0.2191296876660432,4.630052670007446,76.0680871627878,4.277653115116375,39.91309332045131,0
0.2886153130234131,3.4877777158383063,62.194203880789146,2.897704622120634,41.12385977138582,0
0.3797524731045427,4.9385693374851485,71.67039167038449,3.4538565251318323,54.55140044378913,0
0.29906728107246483,2.8161944582051577,52.38509778020536,4.387695249265866,47.47719821607277,0
0.37507937723933454,2.304804934306224,61.2476010190543,2.6643200613739593,44.4243386743215,0
0.8568992725558096,8.017780803691728,110.86266827636801,3.3760278740173386,73.88674382651493,1
0.3423631820194748,3.636096317894012,58.5309261359028,2.859043916682812,46.58549344557081,0
0.5909652284915385,5.734062639712071,113.73041510508321,5.287289502563494,65.73139536854711,1
0.6071614491174306,5.118940881874381,94.51589009996253,6.352831686254553,54.91677103652582,1
0.7284129644541145,4.032605579392851,50.74887143345126,6.1374010691783685,49.22820117170295,1
0.4992966677022963,1.5192008997995787,35.56691507878254,3.7223656071736912,48.292075244227526,0
0.4804614594607928,5.582525534047608,127.7068899943248,4.937501035616981,63.20856011717496,1
0.3491924510431037,4.895510930781939,40.87339464071893,3.0487826172381958,47.52018034297261,0
0.4668303211236676,2.1878286192906433,55.27516420681135,3.8589403331609566,40.77340180078935,0
0.5946037830955362,2.1738850929645075,31.35480155435899,2.623864780111183,43.6275010497871,0
0.6780348314710425,10.637614909756596,111.50302711803006,5.100890765300411,65.56006706540202,1
0.5225591818042056,4.265578166706502,115.46506231297155,4.572808070236494,72.11783048726778,1
0.34526315652294937,2.3628846873190974,43.968517099476884,3.268820190131923,52.2558023603582,0
0.6654561604283828,6.549736246087638,95.47779819141572,6.6296475165818105,58.41968399693911,1
0.3434614617177094,2.5405304323160953,39.45494078801076,2.749987625138416,36.341733314459965,0
0.752549379734325,6.679124301252158,138.20954976432455,4.510408224379183,78.08230507081018,1
0.28934562065265756,2.4566924142638196,60.01557131019396,3.587855160804857,40.02639968659099,0
0.6941521197540339,9.281255459986523,105.24631088372576,5.970534728998839,57.505461709731534,1
0.51094757520226,7.461071819691615,102.15713507487136,6.4185019685330005,79.79338442524828,1
0.36357312392213526,2.929498428770705,39.62103389301514,3.0198694986931653,44.05939994987965,0
0.3116391835664448,3.1016449558534958,60.29290816205394,3.773437019022122,43.38915357601631,0
0.49214620094310924,3.4226324756281428,48.629756710273085,2.8613177529808147,57.55523620341067,0
0.6160492885148734,7.051369743617541,92.39768808693177,4.694434011958048,56.316264467946084,1
0.36006458619986287,4.880569261276626,50.95424514535348,3.698587046821721,41.850946294649454,0
0.34913395084781296,4.342400401916361,56.62138123701045,2.923076805422172,46.22889106504493,0
0.8124010132744106,4.983045113807336,150.91716349742262,4.3024071816153695,52.41761320365173,1
0.3674691967641608,2.9858152529940742,63.832185317719535,3.7354950878024975,47.578139929393544,0
0.5081438889706941,3.406208777816211,54.66907223676017,2.518582025657188,42.75843552786175,0
0.11490858376201374,2.9864540840439107,60.53454542445217,2.9290620165961077,37.81348045668787,0
0.3920433895391796,2.800296650246815,45.546843518100715,4.645708713856449,38.59794004605578,0
0.4213166510066533,4.4664906081411875,141.4500919190761,5.518076359035263,47.82544062228169,1
0.35584466118153646,3.73283328095512,49.40678803971033,2.695077918055583,52.40520550064707,0
0.46607973576200745,6.4131442727839785,111.46449844417849,3.5317165958202,60.41837719192091,1
0.4660341063004214,2.7716780480396555,59.20409241341761,4.187123330457288,39.7423819642124,0
0.8455261473538319,4.477880798285064,76.00257974574977,6.326377140292932,56.07026286399342,1
0.49408923483197503,8.17257329900106,101.02744026461492,4.638629560270691,66.1363720011547,1
0.44238877777216634,3.2782246005917806,48.0182186166503,2.7224703491779394,46.04984195620782,0
0.28223229554459894,2.8083080773385998,39.5778148905415,4.1490331455988425,41.30021649691062,0
0.5356126029961706,5.548502467642385,129.58868845450945,4.727080820203751,64.5673331220249,1
0.5937232066512935,6.241804371178672,94.26392626864133,4.971066936002427,64.82222909616657,1
0.4873582455323457,4.197646125335731,45.30077867880769,2.6280725782459946,55.130733839414255,0
0.39094252203173124,4.298481770272851,39.666173847608235,4.238452091297541,47.745531389931514,0
0.6787331624145081,7.502988430077995,104.55193107130324,5.277035935893216,73.13212745729183,1
0.36336275885789865,3.6445840218343237,47.65974356581942,3.8437534818530823,39.311256569787254,0
0.5110528604320556,2.753223863140125,44.22751121229699,4.0555952533828075,51.444722699212036,0
0.32491807818673923,2.805515682202141,47.963632599255924,2.433243677202799,46.78970825942187,0
0.3356048669628733,3.453040975704572,61.48557020833675,4.350643499784438,52.45242441359499,0
0.4002463614398722,2.7916769840078164,62.18906735398302,3.5740806990538165,57.235286669342926,0
0.5115973433907272,4.288333426968972,33.13561779674896,3.277191400973308,48.66965285239419,0
0.4055943832490174,3.8517397887937075,31.170412111468345,2.860924684253538,36.811094220532034,0
0.4901919937416658,3.633547297941858,61.24891139151572,3.106491800893642,42.6841640189047,0
0.7631022529991568,7.902190205467803,99.55295461094478,5.966069401558619,64.10016430633685,1
0.3653177501879333,7.395846698525247,120.62622459120347,4.8073652424922315,57.398771414021844,1
0.5970873580495037,3.9410081755188417,82.31847632131327,1.872080237602851,37.9035739705112,0
0.4235527261873906,4.3456797247771926,60.18969886562098,2.0684669071935033,38.6612716008824,0
0.35367088097796734,6.021403307360152,59.85058163222768,3.1087130881878338,50.690527585027006,0
0.7211020292030492,7.656250211322326,150.28759239513204,5.54622747768157,67.4134510715428,1
0.8181471961839553,6.569217389950167,117.63241366660726,4.071842092791868,54.5328664601221,1
0.90515098264237,4.692435958987165,115.1397469402247,3.3016693894291884,67.73387828541287,1
0.8436890635078247,5.536551094758904,127.88850042065789,3.9465852453357773,71.53134907895327,1
0.3485154755175264,2.6392670280467976,76.16032981276052,2.925548930766105,47.28685043378217,0
0.6513668411894475,8.07012454963901,71.72122959329764,6.134430410952998,73.00040193035892,1
0.8935442034684807,6.004302017726617,102.14657582850478,5.256016523154922,51.269581837704486,1
0.41136362254764997,2.1973341684019645,54.719522296049284,4.2797305444133,35.72127485751808,0
0.5427201961741653,3.7602590965569345,87.14531169959281,3.4222501666899103,51.27858836876413,0
0.3786448777777758,3.6738769472641404,52.83553296966032,3.198065070922386,59.58304161561791,0
0.516892112253195,6.086920115724888,96.82789604232832,5.689685175426397,65.53848517290717,1
0.6596277089604032,5.054864629175215,74.44884882766272,5.366913264693173,53.26920402814401,1
0.7397999747310284,6.286866678634511,100.27401879909327,5.134739027208,59.32869738294875,1
0.165386129248078,4.550604232722056,57.15474848527487,3.197261747977246,38.35040706823661,0
0.2772337029437244,2.873232045730735,44.64067249348774,2.5784518336665507,45.72719866486299,0
0.4066908698456248,4.487135402323708,68.01981442100751,3.0863384811533083,40.85081309151461,0
0.26908602250983116,3.2902226279716236,42.09683078246966,3.1464351280674054,40.24861824867645,0
0.3028056359106539,3.695075376376366,53.76095643446897,3.3697707967097545,44.10333139292385,0
0.6642544090026484,7.151196189769672,101.15950102367451,5.039817460516564,74.40449377290562,1
0.39006790831627475,3.015911662043447,44.516872786388895,3.174804024785349,50.99275368004224,0
0.7162087102047003,6.807110595614442,100.83737475631997,6.194834511140352,71.62067118431068,1
0.6170744685963108,4.55180609261821,86.05944783583821,6.046893145244587,58.05965218509847,1
0.3939256381305463,3.5825686372492926,46.42032004036547,4.370830504631702,43.28827416444403,0
0.49209480625659385,3.753786766681012,45.18196578519736,3.3898664065811084,35.8235228138057,0
0.2598599440204346,3.161177855343515,46.235438479224854,4.2335322205937445,39.640287002336805,0
0.40088277321211874,3.08667851426421,41.582992212079425,4.584286621168246,50.64760069198975,0
0.46254659098439344,4.732993622183148,53.90878717075103,4.3152386013247535,41.797429712256715,0
0.3263178108281872,2.8131920787634823,56.29614165441181,3.2312648606968075,44.843003357392725,0
0.3903752172019207,1.8570219298222377,45.12063735001243,3.437771761129612,50.73696103344654,0
0.3834194146548268,2.6423587723189015,63.079949992689805,3.3244858343796557,46.513195371366535,0
0.38341519205374097,1.552817291462393,78.45389094353737,3.5676784670022053,43.07714214061663,0
0.3329679198948663,4.599825356762141,37.2013454932458,4.359488550688992,43.82421373678153,0
0.44691970040773255,5.445726845056065,114.3893942668704,5.560191246436683,67.98263556892196,1
0.38131022614164806,5.944946751188017,85.29899957531896,5.221995161463226,68.84334456497577,1
0.6503166501283482,2.8049859794647,29.907005882360462,3.6962231402241184,41.8431709940511,0
0.36831998763151663,3.2171617152410734,52.72623842816693,3.0913308970205766,39.97262713102012,0
0.25767513202048786,4.521603825599826,53.21518491079351,3.802062455042295,41.86099155893656,0
0.756501075782947,6.131940235940084,102.18415881644786,4.063731849984652,60.92235600398254,1
0.6813454546419137,2.4208723562325254,66.39469358853798,3.797355925462242,43.271020262774044,0
0.28284804057293633,2.965752022931316,63.02570209021928,3.1300101930224917,53.28430204382851,0
0.31303673839901414,3.7091589212107405,64.741173361933,2.3920043395674417,39.267685816692975,0
0.2875480678578884,8.347149596763416,120.65103549607412,7.048657037790093,62.963101955425365,1
0.29568275083232426,5.321012482805271,58.98185856132043,2.843416832100159,43.859060359180674,0
0.2513356398873139,2.8999999285862113,51.552335411918676,3.0233408062525537,51.889933807712936,0
0.5344203531273213,3.5223923083473783,40.97800103824808,3.880431898204664,46.23813719473796,0
0.3898552044105278,4.537416940321171,63.35893800971591,3.7994645596141403,36.74148178085027,0
0.454369221784125,6.622996412995863,120.52923820846165,5.1763975613302,58.65613896995921,1
0.38120840648802784,3.244305088385344,52.57175488305421,4.05757136421855,42.8114278835639,0
0.506259392680692,4.109843248915455,71.21616506502983,3.6862322016509235,50.03703107558032,0
0.5698745612136461,1.8553801186874241,37.862120274592606,2.7184228455345654,50.51633322092271,0
0.8812958397950733,7.836372467433052,130.74612023639085,4.855678964402477,67.77887525929961,1
0.6762351002340463,6.573756041575717,124.6133428413552,6.011709669065628,59.8977553310292,1
0.18625816548932006,2.6467223617560967,57.44311609460773,1.5381424297806874,57.926555423537756,0
0.38125899830006127,2.0051023854838204,45.720451443928084,4.09899716435771,49.422033977586594,0
0.45848065086889367,2.633310056611912,62.62653485490678,3.198992410446208,39.84092476348717,0
0.43645197921848994,3.7225827303142434,35.252077315308384,3.1477178751743855,39.81541043318962,0
0.20158823604867698,4.207245236574533,48.889722038658846,3.3053111081693825,63.33492396523762,0
0.37408391940998476,2.3754924629811063,71.293330603648,2.841534072981541,52.57229620744036,0
0.46135943254852185,3.3358485914008207,56.00661217413499,4.1808698423317034,45.824045161915606,0
0.3207852176852262,3.631331899678566,71.56366873276966,4.629487621508022,49.909059037961946,0
0.2252849310286544,2.103493366803833,71.22940452510821,3.9978635872976267,50.19196297391438,0
0.7638124817036764,6.840698980352403,131.16499848749254,5.10020194447722,62.929184282587244,1
0.5858468451294238,6.5079294957951825,91.82526664124086,6.828304781877425,72.11978020515232,1
0.5607007732131393,3.7895164823322713,53.01753855122171,2.7002143805415493,39.210442803269665,0
0.32914263239265845,3.470852754917229,39.17898068433834,2.5672676169306268,36.61867642711202,0
0.31602466722902345,4.215319625776372,62.00848491106392,3.983327502531993,43.71167804686155,0
0.5866388903658865,5.460093023346357,106.0555172678144,5.769358943298104,58.0225512174747,1
0.4006770946234715,4.740787611309383,41.444543251116016,4.343641569876543,38.35101583518419,0
0.4530789041663924,4.223338918422204,55.243093592163305,3.4865764880308125,53.94576618907918,0
0.360984180931222,2.267733544560213,58.721234661936236,3.431106933196022,54.248439790419866,0
0.2492360640244864,3.7248086115402663,84.70501767517531,3.3784362388232205,46.130559044783965,0
0.44421651998222433,3.259654004102814,39.098675354514896,2.07847598325073,45.411191336718744,0
0.3870550482615969,3.6787911177051322,53.9165202958003,3.6007914267791845,59.17146945375664,0
0.699884363446644,5.554031553941592,99.62606083193465,5.012124679864126,58.88127526550125,1
0.41497985638554524,4.547439888347472,28.57329461111602,4.524029584488073,57.74968887511346,0
0.43097067866359556,2.6978593882435598,65.43190512259139,3.7675863012144477,41.148750868368,0
0.32607556349573474,4.425998534080961,47.352773049897365,3.9591972360030923,58.80918449815023,0
0.5696032292861627,3.464150293251488,45.964650418801114,3.128378512420486,42.19172135763278,0
0.38041758767836054,4.3182819334524565,59.84867017744115,4.444086262504862,58.138386563668064,0
0.7789943975079329,6.898839008792084,127.65367604542607,5.590330314514867,63.737848105903716,1
0.35787848800292865,2.898888399552111,54.42979633360364,3.069885654883314,60.47847242061921,0
0.7649373685465417,4.3165606111224575,91.1518922637446,5.618366359220582,60.39088340789949,1
0.46392191305706304,5.079277831301862,60.807292643983956,4.1495526628548935,52.56728965140074,0
0.6295552194659382,3.9938195272162824,82.2513256834302,5.110873100548172,76.77632192144182,1
0.21127524545922485,4.277048462676652,40.43437976690544,3.1351312737902735,43.26187301014982,0
0.3808793432503695,3.973148005939694,49.317336144299425,3.5749171286330585,50.74336336389604,0
0.7424780794570763,6.07572419051176,147.4150639535027,5.10288807069588,70.01464770876412,1
0.36309463852017804,3.7708795025427753,59.85135259659905,3.3929976920024987,35.07221103238302,0
0.27643086375472187,2.730699567287432,65.22325998946705,3.077945140085719,41.31041188806488,0
0.32473649816894085,6.207800066224698,106.89300950032568,4.984085460894318,75.54548147137103,1
0.37149082021970603,2.622188045588137,35.190312847317,2.770538686431326,39.61043991554493,0
0.5882353773964798,3.7138472758183436,76.30455152923977,2.6551288224686047,39.59546085414135,0
0.3476217504120025,4.053230507061713,65.37290623202493,3.3620138482933246,41.68460011271747,0
0.3215925844988714,3.252337202703275,61.060676154395516,2.6139222071658628,43.63817022618475,0
0.4205625862490749,4.388568632198598,66.23715135359797,4.373638498381389,44.38119328316435,0
0.41669039127998253,1.5,54.879689776158635,3.675864280266713,41.68672004425128,0
0.45934681260245835,3.3563733227873316,128.3264076516674,5.332051627146789,76.72047585332187,1
0.5922374224161981,6.705411422317861,151.48917669073035,5.963832231665033,59.704797584721426,1
0.8560426254873764,8.306950448425095,104.07216105706894,5.948386761227602,65.05499217267375,1
0.41425981177337834,2.922683408994056,80.12183984524965,2.9341077687975314,37.510504067150706,0
0.427877935288817,3.8543549434332665,30.447076349182765,4.538854890710513,35.48062115921677,0
0.5591798278693481,6.334358562347212,104.9718723466069,6.350207479074481,65.18714463681779,1
0.5469728559883148,5.5227062349327225,107.57601972269926,5.543468195478324,51.594514114138605,1
0.42488397945693934,1.5,48.93264756864609,3.2577844918354186,39.45739807197456,0
0.7365114269441978,3.6915676274212488,100.0366938720965,5.606308309324457,55.75757226153196,1
0.40510511631527957,3.9547803242632193,64.20810811235326,3.8707787280300368,41.45925518218074,0
0.3420327446032812,3.9778010707899973,65.78418858977439,3.1191029588641785,47.00296390292108,0
0.3674245615194778,1.7502438574080592,52.17869021910222,3.6334518947407624,49.613104713222526,0
0.3856256264407378,3.5710122685668217,54.00578647998944,3.26850385613335,44.67577084581119,0
0.30834882809256925,4.916485181087133,35.67960647270702,2.8580712090952223,47.376909493205275,0
0.3214934756662967,4.368202210139172,48.96139522865771,4.125349571362942,50.68044370148719,0
0.2854873379566873,3.426486895426236,61.36675747757977,2.923578887994958,57.32656531130182,0
0.33365289978897306,1.5,41.69500880316876,3.168064229874403,56.70375507322944,0
0.8291514160043344,6.765510161913853,68.0278593102542,6.381538486361889,56.84323898437003,1
0.3016687753933167,3.8953305551809327,42.6781583587179,4.621777601356506,49.89122640832589,0
0.6636235269064771,6.242525292247663,77.43304342880543,5.161596490041791,70.9494345125577,1
0.3356938764783136,2.9059840514653206,74.97931421407215,2.9251753584607503,53.47495176410353,0
0.5799165388194666,6.128718343305895,88.6471157233407,7.020650636457658,69.564739248759,1
0.29048430674087444,7.749455416200053,101.27026769493435,7.023534816979506,55.112902463332034,1
0.34016096288072517,4.396193749445803,110.72111129849016,5.170675455727562,48.014306414292,1
0.2485105128272087,3.067146252251306,38.38020254409104,3.6425730773588776,47.01793071306562,0
0.6307549090191573,4.983736875658811,85.20260975085594,5.0277642386822645,81.8360262801049,1
0.42364217474588745,5.408284497655777,121.88877674623673,6.739493214062155,71.89663932435298,1
0.36125727343082775,2.8108947054269184,70.34997883558391,3.7262356928732068,39.648746835799656,0
0.4283916363356431,2.3371044777768684,59.77912305124114,3.067718442003386,43.73621147283534,0
0.5564307555948214,5.890586630603644,123.02096232460563,4.875932363743751,61.553705918745514,1
0.385882978950409,2.8562781701558233,48.63020853517628,4.186221339743835,57.15151969849737,0
0.6503738524408098,6.0619147480809925,138.95025199424023,5.0529863225716865,58.5412521532342,1
0.2738371561544391,3.6172162474698424,67.11450584643282,3.546886397872841,41.028154450587905,0
0.3717761180245361,2.2384433291234016,38.87919901738181,3.560717070800706,48.28824138602529,0
0.32675668552700565,2.7174498683214154,51.15907059474103,3.4176732204785707,49.19564370276312,0
0.5503598114309148,2.7204772088725973,60.0656630682189,3.7485269885587273,37.948416569035004,0
0.32667961622961067,2.41744127030932,68.95427563979608,3.8245358515275916,57.52838053778181,0
0.4429466662206002,3.669496471552466,64.4318197016,3.2522117658506606,34.144618689250365,0
0.43058902929385473,2.7495637724587936,40.3983624851788,3.6147959542539883,44.040758839054256,0
0.48183641488151263,4.561593477738726,97.22290830560615,4.492625907458406,56.91783317853732,1
0.945524347755097,3.813274979938214,117.46763831923168,5.825506954208893,65.34375131070236,1
0.3769823310397904,3.4990678368070505,61.31462377542788,2.589448913816844,54.21328918540236,0
0.3206511299886746,4.275357702546637,68.10268634673595,3.6533149900865887,55.827279318692675,0
0.42397516493957804,4.809812504887869,72.85537522956184,2.2685215873098574,44.32237595166242,0
0.27535517860333325,6.854296224893867,131.40776943723466,4.901849648646117,58.59542525357822,1
0.47235248998516777,2.2117908257871397,55.596943009453966,3.139230283011841,42.27695673883209,0
0.44214090094002034,2.909549723182461,76.03250130899937,4.065476013789069,43.98892138250553,0
0.2714457213728939,3.6655235292348958,40.17191703022048,3.7045800547040146,61.023556029113344,0
0.45324164075873874,2.5844052277682295,62.78114716976854,3.2406489525524855,53.01246882523911,0
0.41501203229184264,3.9934519924702148,90.08372029125591,3.4821550510132044,46.547132163810105,0
0.4119044436131889,1.5109117533587884,63.96547885875731,3.6080710819523065,41.43126073787575,0
0.4241867402932258,6.453709669536607,97.92981357716329,5.96068005489672,55.91932206160534,1
0.3603479314084721,3.8127370933704277,45.93996372760235,3.5534921140355444,51.79030650768403,0
0.5216945196766841,5.964292276385715,83.63223025420595,4.895483039889861,72.03959450496207,1
0.5075187657658284,6.155193099915774,165.44921975785118,5.458428418269998,68.1869470134808,1
0.2662477746517319,4.8361721317505975,63.57553467507465,3.383231791720708,57.79535574978622,0
0.32876550186561143,3.8184625532052516,67.74774862326555,3.0826777374579097,42.27441029108012,0
0.28959811739516905,3.202691245604771,67.44332092301141,2.747197250160224,45.70474322237575,0
0.850506891044899,4.608986002471537,107.07124425928333,5.9961865335727635,70.64331392117651,1
0.4567598522900005,3.295654464951051,50.011255427895655,4.121177992692325,63.97078218217649,0
0.2499304370572919,2.7020956383843036,71.76412462053518,3.5387515330635346,47.28472407200875,0
0.32084075190071465,3.2541217212252733,76.50870254084671,2.9418414054232382,49.55324664149645,0
0.49706304377438093,3.9181802652013706,54.497689551219466,2.5685482126356685,47.69890333990411,0
0.3257854254214885,2.255741568636132,66.09979896786507,4.5065825039228775,38.03723314299152,0
0.6304192558497399,3.1272308317837605,80.59996876518633,2.55219612975474,53.338705457585625,0
0.7372204682264796,8.00728423384324,118.05419210397318,4.178260654694311,55.41063238810665,1
0.23771446547277866,2.642580366981943,47.85421256268398,4.1164863355237555,62.06591933755104,0
0.3177584412007065,5.243730719546365,100.66353040366448,4.360618495401903,67.08207238323818,1
0.48023508057097125,1.7925483165221796,61.35414110904043,3.5796120342219253,47.86116726430569,0
0.6006268804088243,7.248247242580547,129.79798368116883,4.874978022301653,69.54726099679166,1
0.25647472459821574,3.5170257228000197,66.47668319610362,3.546675759560779,49.442020197856536,0
0.5830907095700482,5.142119651767381,120.14566882501725,4.050491977128026,52.71554220722028,1
0.3087848773728221,2.6222579347260986,59.39257356999014,2.7332740431985103,45.90205361914849,0
0.7370154025842458,6.655858280156618,143.72038544073996,4.29090875569009,61.37030313305436,1
0.31183674724585253,2.772767753847705,60.266185799625156,3.1929837255514375,43.061454936053735,0
0.40553868785888814,4.277693325185728,57.25745973034601,2.123168518421175,43.91366659040814,0
0.635947431351628,6.774885240958204,101.52967986953402,5.798388525139381,67.95664354471415,1
0.39371670054164815,3.79895220165627,53.91272460806588,3.598855707320021,50.47252169628523,0
0.49698598212966794,3.527426839899849,45.50187638850758,2.837385556439874,49.65743436905883,0
0.7850674333034124,8.157176170925023,99.58865133473235,5.551806203264515,54.68670864763139,1
0.3465130560857666,4.077639263466807,48.351988649396226,2.671830179536455,46.07829554400052,0
0.5493819960180227,5.858059150860744,83.3041875210366,4.924870664228878,57.79426322739515,1
0.727763481815799,8.200800221616229,102.31324138456854,5.761742783372871,63.332777903652484,1
0.3124506747121195,2.9708189528572224,24.555189811051818,3.0292863325228527,44.72218118044803,0
0.3155343196026886,4.189503967090368,74.47409496837034,2.436893111674567,51.97395971828719,0
0.2937315640193302,3.6999540632199035,47.52063030886377,2.4261637169917964,51.0116084777796,0
0.28633090918956555,3.1244960601110225,76.10098737391634,2.434089290000837,46.82027457246135,0
0.21528895128960096,2.0897297283152283,54.38394396955845,4.205795591458377,52.670419953090736,0
0.3231838183623084,1.8742052950153325,32.864113335805285,2.1720081533219853,43.141675465417165,0
0.5876716368682413,4.191239847934449,61.01429467489747,3.7068535406355205,49.94924786830998,0
0.49020173665043487,2.1626247125341305,55.80116945767462,2.311718591750279,44.30588806663085,0
0.3126693521034211,2.4956192955349747,49.196940286922114,3.3276839833253686,44.41343679061524,0
0.555473650356779,5.212744309107104,61.74278434900508,4.131752288535655,58.33132896331046,1
0.40182192766890834,3.5062645513057555,35.31565551328264,3.0995847856903658,46.35289011989473,0
0.4855549578325081,3.476338857999572,32.40005918527812,1.8634559092409164,44.523359883065204,0
0.33991287401293346,2.7539260416171913,62.644985203467954,3.8799936721806505,54.20391302650141,0
0.3443829125284739,3.0990392501514137,62.66995199067781,3.7176694937497725,53.46824599499641,0
0.17626219590586784,2.430433165134806,45.80438655736859,3.757158106865038,54.32371760288094,0
0.5677444404460871,2.935629300892337,59.459108993743634,4.151786136930524,54.186855109879,0
0.3513748506380567,2.325533717493636,54.67167411946627,3.827925738085349,49.884527003375624,0
0.6401606491232699,4.60400739207075,114.28884503069202,4.717856214276503,58.42277549424856,1
0.33773294958313727,4.59061645626557,35.23729021541603,3.6288539902252293,40.88291852499552,0
0.3604774764197054,2.7308474188355802,76.72853995502052,3.102088113978585,39.94038532616571,0
0.1945842950876711,2.788402124654027,24.5961000340641,2.425055609980859,48.62465573236748,0
0.38862951438557025,3.1337156665263226,39.817599579766316,3.2352040691154147,46.52530387414127,0
0.19089227527363486,3.1723987684196424,64.97354122298478,3.936368993083592,50.85081842334009,0
0.33659343648544515,2.882029362691937,61.481571603498686,2.5247616248183276,55.9103564539367,0
0.475664333236394,3.4331626188823128,35.724737212653,3.634131616350483,45.74221262827482,0
0.5416930954035354,3.638485830798592,53.53316678430888,3.2106677870034885,53.504855930671155,0
0.46540176149842005,6.857118638883787,91.95410644297529,6.3707494376547515,50.09930669527069,1
0.3891983185151613,2.931481002738869,44.472730706313186,3.861756619844029,59.66262167446982,0
0.7284402725275113,6.2643502549148415,119.61416787433603,4.773080641924383,55.18303700983,1
0.4222901976964161,8.955859597777831,106.25012126909375,6.28239296775956,65.8008827165593,1
0.4176203803163123,3.604632552320129,58.157472718967135,3.5637921486791715,39.96979760881441,0
0.38996433975919204,2.682953706877564,48.32768931132845,2.995235915807863,46.66268642287167,0
0.43617787441348654,2.7926007189040756,35.89219047340226,3.890040349239076,45.695249932026385,0
0.8850870464197401,8.616242550427497,115.98293293695698,3.765360799407255,64.070312904484,1
0.437377713521541,3.6021029192831313,98.03957028943576,8.099924589653513,63.226556539940596,1
0.2213823390795986,3.2819149064617825,41.26599259081947,3.763646775224604,49.31889772796799,0
0.3289819514513422,3.7789585438606386,62.56184103313982,3.008149382026147,54.19592701280946,0
0.40857886424860607,2.521160105634142,38.78497907084376,3.9345530263314172,45.698099024363735,0
0.4191730865468771,5.450772454063764,123.52400179647812,5.119091607388833,70.07148005213244,1
0.5706821329131211,5.379563335334355,106.670615270786,4.354225907898138,45.68165398623387,1
0.7271179009290564,5.717373138332347,111.23852525026489,6.7744446177266235,68.44335007152849,1
0.23599954423732158,3.3239707624286092,65.48725905023205,3.57134104925975,40.34812204148193,0
0.4106433505962987,3.3280606037981655,43.89807133063336,2.5117484979167655,43.53032162732892,0
0.5692378193854208,7.837131648317595,108.76045611696284,6.57185605286484,61.123833353967264,1
0.8127311378967829,7.036655701026864,113.31995305237243,3.6315017858166287,63.796127921800995,1
0.46994827668892036,3.060073603839176,50.70634251860186,3.4413916421899007,44.588338381339405,0
0.3226307490734978,4.268071861150975,48.162274908126406,4.099924120776632,46.396134083058854,0
0.27933282725694814,3.577357579852574,49.6374111807043,3.918138258443898,45.3122131513046,0
0.6469571234757018,6.4574487193886885,139.832754705264,4.886431117178146,69.89354642163894,1
0.3432467193281661,4.049656086860416,57.19274902653169,3.198615840909689,40.63180934935628,0
0.30308226920195486,2.1100794917250303,45.63826499027215,3.110383289433617,46.86706654849301,0
0.1858257653166866,4.133739073049922,42.393364047141716,2.8616941351565504,44.26161202941766,0
0.27625240831936715,2.928222251105196,56.40675198002469,2.6808125795855684,57.96861705478186,0
0.6059999604082855,3.129230666394241,73.24147380221594,3.3280091108270162,43.324467025379974,0
0.33170406988845685,1.5,67.50827278870331,3.9930170051521134,46.03794393890023,0
0.7829817600965985,3.3774800013402246,125.18825044150864,4.461807093110206,59.0463451294389,1
0.5282456796036206,1.6193152146016567,93.74177312372149,4.868301064178818,45.85418151406379,1
0.45393257466060805,5.09042360272345,67.11968379446867,2.995657786858423,40.7460266014848,0
0.6871621473494075,6.151740315984046,134.39446903006146,5.855448021090676,48.20781279234538,1
0.44493526302850295,2.316717614605096,48.69496407325201,3.05340351137999,44.66233098232531,0
0.7197363414346312,3.5074406790868693,61.2907394287654,3.3329843400975134,41.227262999593506,0
0.6991480332921758,6.961848391992101,110.79217696800148,4.48534023118089,66.01905864400402,1
0.7815079730706072,3.6285378541182447,114.5616541694257,5.269561809219558,60.29372193532974,1
0.44949851691331216,3.4805122247101647,64.27924290787928,4.044023692078378,47.48301133848198,0
0.3438188142633285,4.403180803851258,49.847083090113564,3.078796651079025,53.981930312958276,0
0.3216095989057388,2.6261859223241912,55.82564350834077,3.6306905999980703,48.867885783053325,0
0.3423424967469729,3.757537792516153,67.61095240945596,3.4959260327813984,46.407560950568616,0
0.8233305035992471,4.6226767187421025,123.31421794869959,6.388611260922139,73.2087516191551,1
0.6764701847619027,5.7409645291897355,119.36831739591696,4.802839804022344,71.57890389785972,1
0.30003825451768273,2.9277457328843632,57.13995504715885,3.5554792562984767,42.03944159221594,0
0.5633171228866507,5.68394377735927,74.46865031950153,4.637712524008214,63.20208428803201,1
0.7058715826558045,6.195837906754399,131.3580171637571,5.51300455291298,71.82127369635886,1
0.6935921960472993,6.561083980694597,92.00045644954642,5.328073211279224,76.6301057054159,1
0.45375887095337586,4.770923048786251,130.00650637642494,5.034791157080791,65.96105940400524,1
0.4512233159780422,3.2146398537643477,53.58912090404896,3.889574295609196,50.537547694300315,0
0.15844871456481813,3.3148546585802787,55.285415913206265,3.2184050793941172,48.8129104989425,0
0.46154437363437595,6.221381052846031,92.31313719005372,5.094495763612289,59.317048057135416,1
0.4202036079542355,3.9837812757163285,18.006338284614245,4.094747937571068,51.13384827032927,0
0.4016034065511207,3.3943769393476972,52.2647022943178,3.202555138482089,49.26373764881866,0
0.27039395113973713,2.8378932116558016,59.27145616302172,3.379458975349875,54.275327514542795,0
0.7465757881413654,5.138278210459768,106.68613152599607,4.2276604372928706,61.670656001064025,1
0.845046200557928,3.9157510093805272,118.7636312572544,5.541976302548385,58.22111373238675,1
0.3700788345284873,4.283584456283441,76.26518780115303,3.1629636318928793,38.42299762129322,0
0.48333624639779993,2.800686590887507,41.80166663416102,2.978702978144665,48.94381292669787,0
0.6301474516849933,6.554349418841072,146.8910920431914,5.711375921271434,56.67309877922536,1
0.27069323351828684,2.366945837917183,43.48750324909733,3.796406926922939,42.747606294951495,0
0.44790097385414845,2.0980888346761146,56.53727349922527,3.0956378567145793,53.96120174091865,0
0.5778116471015369,3.734371949510198,60.04015316406598,3.563255045905444,47.817273498576945,0
0.3723745460597816,5.771031235316391,117.26651602232428,6.21849650216669,63.80940503963912,1
0.5813712778033097,6.077259222448506,122.82523479396122,4.28075073219363,62.625215408488685,1
0.5960655119516771,3.904066888072296,72.64374097796124,4.768096919064227,69.67407742168145,1
0.2781314155614458,3.128629418690959,88.87740893520575,4.2877357873829585,36.02887559948851,0
0.4437046152145819,6.177364163317009,131.7251995377985,5.861737789583966,68.93892743504067,1
0.6440602404248298,4.677006130570467,128.42788883080624,6.695951997276156,52.52575462615597,1
0.5479974448032339,7.452000151873042,95.53441939050695,3.9418357412962726,66.66381345538493,1
0.33977115357891696,4.14724375544131,36.11634284917554,3.525566020467476,38.4549282480706,0
0.5096295935350164,3.365499812947394,40.316993067258636,3.9413103567732524,47.8482276483979,0
0.40624608700212883,3.4848201140263115,56.022985256313234,3.6415712076214537,50.25143481203657,0
0.2409126602705065,3.48470798253268,45.85491780019879,3.410284400783921,46.754975702986044,0
0.36293535557013473,4.354901634729026,49.52009222329132,3.5901723963434997,45.35211590993013,0
0.3510175024803061,2.9750834087463374,49.5885848797188,4.0760005736751,49.700611157106614,0
0.4996200082163311,4.164409569724503,60.988010767563324,3.2535279289100267,49.867781966583465,0
0.307102845080921,5.739492091961745,45.377836119520126,3.919763747167907,42.47102756092548,0
0.5040657338539152,4.374889447706056,147.34750064037064,4.821314473147184,75.07902239151088,1
0.42891995000147565,3.5152428161195144,74.56331260874035,2.64196296203981,44.32584547906997,0
0.5507029018791498,6.0237531367943475,117.01202986148465,7.519978346999647,65.93647434276475,1
0.40854959421286924,3.7724013278852944,45.10226044563216,3.8621904742927464,52.718592089513784,0
0.30013833925289257,4.4531075073863144,59.71382231457892,2.5411966310605383,32.74226611697421,0
0.6294408624289181,4.00248699854685,58.39718703219154,4.00471445829371,49.9726479790968,0
0.4704130921219544,2.633527129874733,65.13369643556516,3.5825806447849726,37.14983829136612,0
0.5922168046065486,2.5156838993909933,89.56913978179598,5.39132092411533,69.28905746803451,1
0.29579111948273157,4.745725035567647,36.37616616248697,3.5235244639495633,49.70325720187162,0
0.5427549411016028,2.824971768276095,18.69130117740898,4.002673791323165,48.72319932603903,0
0.38923791036459,3.1035898999075435,38.06359055108388,3.5421787984408697,55.37769710044434,0
0.46553704833063897,2.4056835721416014,60.680078689996265,3.4099478111244745,46.906929578947384,0
0.7249532905839209,5.913253933948961,88.41215008967853,7.1568617308036835,56.08794655998921,1
0.28724467026778416,2.820073035585573,76.65642635507132,3.0467358877745796,48.24744929538166,0
0.8102440471617761,8.806721950824645,119.89334371075034,5.8278085103824075,49.561071627696286,1
0.4106750713111963,2.869651567935461,54.115277452544,3.476473302903443,46.45121838970251,0
0.8140198762125013,8.493564487824514,127.1644400216362,6.612907804771499,59.252262706106514,1
0.3008571743386731,1.6686704700882222,37.8818430535143,3.268263799045603,44.812817777562,0
0.379490373055322,3.630429939197585,41.0801267236811,3.3880266132807084,54.6378011831615,0
0.22789880126715106,2.873323696247728,47.84303909906882,3.651008393771745,51.73674429961331,0
0.23925535244947124,2.353941647459618,50.07328103398718,3.2847893443956506,43.33769076682647,0
0.7221438142552123,5.954111247838022,76.71289284587817,5.1068528115118434,57.67999230180845,1
0.43507342035340624,6.067720831289716,123.85100694488393,6.5196052014552635,78.2520722251143,1
0.3827641582337637,4.3834039377229015,70.11733428284288,4.2602703727034665,43.84658637027425,0
0.3619859485465578,3.0402466091074554,64.84665928325606,3.117025798003129,42.57993366634384,0
0.2367871972820145,4.03173216319886,36.56111385172295,3.563406834854823,49.62712378360499,0
0.5216064222765572,3.5111815689342833,49.399737427282176,3.244959726719126,47.21858991753148,0
0.8131384459814917,9.236407700598402,113.55839952526527,4.29716911169363,59.452120150531016,1
0.21749614702509348,4.195527700545606,54.316370550176664,3.092448921683436,44.6560435282454,0
0.33484126131834835,3.6807323772573604,39.39728385839969,3.135992940426379,43.23094882962276,0
0.4005262900254087,2.597405896997067,97.7506463019056,4.074578185660976,52.15410777214248,1
0.3722212849103091,3.2597181228877843,59.53558690628226,2.9980703161725994,47.11097763840409,0
0.6809896670365526,6.80700453653747,99.56894315926985,5.799519098728455,68.50469504600962,1
0.4171332003678827,3.2563644895764092,59.820979357657386,4.286904066653986,48.82223028596194,0
0.44504528017377326,3.3641382440207077,54.754938642205325,3.6632574901127923,62.932670703157356,0
0.31988084276687845,2.8101103869545256,66.55769167810064,3.837775595151115,45.961529482733496,0
0.3924707591827746,2.4422321712930195,38.460379167363016,3.537777216308468,36.52790142308905,0
0.3591875782061065,7.531635464447621,108.09218655218511,4.857167904089097,78.19465419380734,1
0.6205994774476593,8.06638766616223,93.60553218504147,4.506931556355972,65.44516632025008,1
0.6304047565132436,7.156926404811431,95.45578371665047,5.642397439180759,71.32913330283414,1
0.38597889439294203,4.691306831800783,73.238620901321,4.3088939689365935,33.60016442287557,0
0.7412612724325669,7.665178629401274,126.28624051602756,6.0505240466303505,68.0122887087654,1
0.49854382747791137,8.211781139921658,87.58040928225651,4.276537866082584,57.343367779487224,1
0.25856125010911724,5.280992824879134,78.53742188516377,2.363611277378771,42.31360039180142,0
0.4849783162000867,2.534820329754723,57.76441622967666,3.703558676588382,37.433499142104495,0
0.09379228534431422,4.104436518201825,56.3690489748919,4.679813061969527,32.84668858347483,0
0.5158714895001691,5.8767333388457415,139.9689334501592,5.3474835835370795,67.2493755566026,1
0.7749178720983799,3.675811297209576,124.1437500560786,5.723768141807491,54.8990047015257,1
0.18094213341910478,4.891582795662461,47.109027984692744,3.806439928215522,38.38805543530207,0
0.45823492377721403,2.6959660843823956,63.57942269247996,3.2278369388778767,50.43745064925353,0
0.2968788611932288,3.1229088100642173,29.642194630557583,2.363888683733511,39.80890693465139,0
0.410014876982835,3.0101796342256786,67.48391478663741,3.1376707798833428,45.936972534256505,0
0.7006752881094496,8.161450295579305,115.16075848457285,5.115926876636219,73.08240036512318,1
0.3485126393088739,3.5387859120701846,40.14729030043266,4.027290955307423,56.896926468225686,0
0.3296530625947492,3.9848509732930046,56.63889420989696,2.749447649447744,43.007257015969586,0
0.6372994483452764,4.640098974688707,133.47420668895947,5.004176384364578,69.1314893831412,1
0.30406374629044464,2.79720219566082,51.71569309869564,3.7861344190005877,42.48678270521068,0
0.8086124952261788,7.440440629180439,158.206424379553,4.116112340403941,58.51928309825448,1
0.5250914517515536,3.4109784639982124,39.35960068100781,3.092372166319331,44.65566091297097,0
0.3686237875067903,4.063066463670111,34.74747337787937,2.901891647320605,46.606199935145526,0
0.41432104187063684,3.5706430876359554,72.87644844089725,3.755114391837972,54.97643673859194,0
0.3857390650523287,2.5955394795624342,52.64490631004141,2.6139874230526274,52.745771642131196,0
0.3825690847726011,2.3449270295981206,48.34664429791944,3.029623629152681,51.76785261590207,0
0.47231214906674895,3.6833300681874985,56.02422661142014,4.1010933584970815,50.11526000052184,0
0.9484728655877959,7.044832137897872,90.68029500318762,5.00773009125941,47.36695509121128,1
0.5656308343435302,2.9376693575208535,56.72784831173886,4.117091382827007,44.24232350891722,0
0.7021455607139093,3.6709518108268595,128.7420993117532,5.199134740431275,62.86617291217709,1
0.41879921793289776,4.143269887722908,56.57434587212075,3.468150989450848,42.00588943848807,0
0.3183505584316617,4.06110783160799,48.29335452542025,3.7887898382164353,46.524020913437795,0
0.5643085589347746,6.639705418233103,113.2882618547483,4.798512783529164,64.60566030462213,1
0.3002251329010671,3.6050950594273434,68.24143845655013,2.960586231391229,49.66476865532097,0
0.9092998306463567,8.183321048357321,87.0044475309003,4.153437497858121,67.16337318860931,1
0.7687909763225491,4.5138661211759725,113.42227007689546,3.9376811647599377,68.99820544058383,1
0.3177075592860893,3.049263804474416,39.10776360685383,2.7378155153662234,47.51774228963778,0
0.5835509557228129,1.5,44.72905064569704,2.973147149230108,49.72790217097913,0
0.6736571818103065,6.394633175725414,91.06995576274782,5.649159655953948,68.32213264837141,1
0.33685513857876886,2.3327756684774092,48.07025576525448,3.37923640028164,47.092582577119416,0
0.22460948751386564,4.1113020303018235,59.702052999165886,3.914667190700551,43.807408855608,0
0.41476526577087147,1.520449147169373,51.09007339068032,3.671447270828793,40.97484702716359,0
0.46477686603042395,3.71420220588566,52.98910194706943,4.160154439382005,49.01198252749767,0
0.45733280049499525,4.181936198727469,37.95527372135333,3.418825063693964,45.20061901114145,0
0.20169951298610334,4.892174993193107,65.97164951475487,4.354789289789222,42.03504454546413,0
0.26730181957956933,5.184400965740446,52.311391525186174,3.438284255448249,37.11530523236479,0
0.4260348982005423,1.5,51.24102657613844,2.517726685371053,51.249460361654194,0
0.4477577364833045,4.406392438183872,58.71277345058338,3.6314214915811385,44.071975869117594,0
0.3988050887406256,2.139761710204337,41.43320251892383,2.245979634116192,40.765179744043245,0
0.40230770045875575,2.7418213909014755,57.803964920863905,2.250065272778938,44.83924982223051,0
0.14908730231826317,2.891526127481232,55.543539571900986,3.5532196706083354,46.49957034385308,0
0.3370254637140885,3.5083921427504885,44.23113828556368,2.1370090324972466,45.82351327029055,0
0.8491234016747726,4.792792386312241,110.69403906265536,5.719897989743251,70.71229810592082,1
0.47482000554533477,2.1084071147429,68.22598767903447,3.804602844307883,47.92431436435477,0
0.3136723856176296,3.344978377235936,44.70853182207242,3.025646625530255,42.25167399631903,0
0.3810090573000342,3.3376690282042296,81.01017371874593,3.0533541146841476,50.19816297061903,0
0.45260412409693684,3.2701865465741906,75.58308523195086,3.598285647785957,51.06371379502703,0
0.36963111903221874,1.5,75.77987913190474,3.6943957572483948,45.985697741457216,0
0.5694595936195215,3.7294075840915233,48.92227462137818,3.3213937392679664,48.97788637334068,0
0.43283677254695174,2.894098893497885,39.04444727729016,2.88825471824432,51.17567931405324,0
0.4366951443190892,3.3227365479885513,56.23929234650973,2.4709310885654148,57.56801531835711,0
0.2746187239228648,3.1368989050872824,52.20001190589284,2.6883301709626988,42.568075094380035,0
0.5257686341007733,4.634498924010369,91.98819594715391,7.207891808187555,78.33253577069051,1
0.33630862590912186,4.054068013981323,72.1547487705739,4.28924142267785,44.93274043194177,0
0.44767824436654174,4.112130675421788,65.24838473482225,3.5361406095776777,49.65811925670377,0
0.24629468552697353,4.3935036171737485,47.1274097151952,4.645620060378155,41.105365356300005,0
0.35672987366114184,3.7727888712477466,56.95554545589983,2.579725880493081,42.22864219624647,0
0.34631777131312974,1.9668029453248765,41.4914015056213,3.5745076008481522,45.65180796150882,0
0.14518369657754585,4.332639913619829,55.00569983639827,3.7522084030926233,49.358211701822015,0
0.4528289688039928,4.629127768078387,66.43845860189545,2.4195122514953367,50.56903199444047,0
0.26166904454902445,3.2603233766029827,52.107574689424176,4.849267697086234,50.206790197630625,0
0.5668568005779577,5.124071563191907,92.38923630513816,5.254827369166609,62.21809330538259,1
0.3291226477662892,2.5665276240005808,54.0836260068194,2.9833327026200753,48.697522147799845,0
0.3771797033617558,4.596969100416015,50.82733725788505,4.55127395836484,53.86106558456054,0
0.5616020725454375,4.737325073865884,28.07550001741985,3.0744856720453977,37.357349822427054,0
0.4324738639949104,2.3968685314463243,52.04352347502363,3.685193723727273,47.154241748421995,0
0.2654253604116601,3.1301261683220623,59.767534787140264,3.3349738936275113,34.592748249842366,0
0.328314822585847,3.9834003943126213,56.23715239011765,3.5624402260810952,59.09266391172048,0
0.43477152276963166,2.8542762418257097,46.31068932275653,3.141624789889124,42.57829994912581,0
0.5378506795787829,4.861566566262848,56.18777467123277,3.540537814867702,39.98978761376344,0
0.42758538968987675,2.4046734865697235,54.4883992521228,2.3846550390829466,43.45774990989595,0
0.44810882286729325,3.5479253498710053,53.54542234331657,3.0455441460124213,39.73005423600993,0
0.3350211000770332,3.1322606424388955,40.065004807822575,3.922636350468838,54.307870738516534,0
0.6825945956632724,6.984685464302027,112.87075139414924,4.938203003404115,74.43328419141666,1
0.4872123459770223,1.5,61.50381010006714,3.8060678667628705,37.02579574289727,0
0.4268736341501369,2.8878888352779706,58.93220424433531,3.204776491500915,36.348748441499694,0
0.7744988291549401,4.0657055326725535,93.45257304726395,6.694343149970129,68.34134684897192,1
0.3788297455719988,4.674778858281529,61.87318754102749,3.2165338128579526,47.32585236148147,0
0.46438458368646185,2.0554539048510456,146.87803906360358,5.143750649547589,59.18244481876645,1
0.49298959659097175,4.419800479105583,129.73209098643204,6.878611949053537,66.46516785471934,1
0.39127196038134726,2.0975444204501343,49.87882813205758,3.029755087613176,50.081776456478835,0
0.8169758618669903,5.604089231838389,96.21842163940501,6.165936970589354,66.28023331754096,1
0.4576566721368698,4.846413517306243,34.40231783127217,3.3531129989135366,48.34150878196342,0
0.5649998281230906,3.605633360929666,66.0767764225198,2.0933874291427967,42.68591443102989,0
0.4504235025261635,4.698208201644807,33.90315207995664,3.210741611666273,46.96708987681094,0
0.33712092165286556,4.953205652846112,62.75571320063624,3.2292380275089188,42.46963976255677,0
0.4803367635574457,2.031567551197312,83.50141775529917,3.0177580269970945,43.56964183186107,0
0.45574728710767765,3.845607185295911,60.400161405514034,1.88475563168657,38.30444799820971,0
0.5016606920653065,3.710120926699429,66.36223904218177,3.391864496287463,52.0710954475777,0
0.5829980721363436,5.130904212731124,147.666000391674,5.435860654811534,63.694938232327594,1
0.754093890585963,7.444377571129207,111.85365310382262,5.024468978197399,61.84160778892734,1
0.5945083070210186,10.460272089374513,96.02592641909798,5.001914819298294,57.91238675890679,1
0.3477489254686362,4.47389711939443,71.76793674963393,4.522383554107553,51.06052922956143,0
0.7579659947026336,7.078183626195083,116.48755281985581,4.395626924146206,63.04446909272032,1
0.48311146636116126,3.1261082813176264,57.069953188387984,2.9943958229657195,49.37795900220794,0
0.4262398338426886,3.0591536927827865,54.92477231689769,3.4987410672309873,35.20771053574143,0
0.6300728296307402,6.436692524097756,79.81947621595015,7.404122964983124,65.8330920194342,1
0.3868635299392222,11.323955658287915,108.42762498386958,4.816863540941686,63.44166174275133,1
0.37625817874606454,2.9126401601599015,130.57685261140608,5.00322822247066,66.08458717560055,1
0.27197786381866695,2.3564151217189266,61.87182050788488,4.282604748093829,52.799145873051344,0
